ClientID,Age,Location,Gender,DatePremierAchat,DateDernierAchat,MontantTotalDepense,FrequenceAchats,PanierMoyen,Canal,CAC_Estime,Newsletter,ScoreSatisfaction,DerniereVisiteSite,CategoriePreferee,ProduitsDifferentsAchetes,Recency,Frequency,Monetary,R_Score,F_Score,M_Score,RFM_Segment,Cluster,Segment_Label
CLIENT_0001,47,Sainte Genevièvenec,F,2025-06-21,2025-08-11,33.15,3,11.05,SEA,25,False,3,108,Mode,5,121,3,33.15,4,3,1,431,1,A risque
CLIENT_0002,61,Sainte Margotboeuf,M,2024-02-08,2024-03-24,53.36,3,17.79,Social,15,True,5,600,Alimentation,5,626,3,53.36,2,3,2,232,1,A risque
CLIENT_0003,22,Maillard,F,2023-01-17,2024-05-26,54.96,2,27.48,Reference,5,True,4,533,Alimentation,1,563,2,54.96,2,1,2,212,4,Dormant
CLIENT_0004,52,Perret,F,2024-04-20,2024-06-20,10122.77,5,2024.55,Email,8,True,5,513,Maison,2,538,5,10122.77,2,5,5,255,0,A risque
CLIENT_0005,75,Grenier,M,2025-06-11,2025-06-16,75.1,2,37.55,Social,15,True,5,169,Alimentation,3,177,2,75.1,3,1,3,313,4,Dormant
CLIENT_0006,27,Maillard,M,2024-12-12,2025-01-01,55.81,5,11.16,SEA,25,False,3,342,Maison,10,343,5,55.81,3,5,2,352,1,A risque
CLIENT_0007,28,CaronBourg,M,2025-11-11,2025-12-09,31.64,4,7.91,Email,8,True,2,0,Maison,4,1,4,31.64,5,4,1,541,3,Loyal
CLIENT_0008,42,BonninVille,F,2024-01-25,2024-05-10,36.13,2,18.07,Direct,0,False,4,553,Loisirs,9,579,2,36.13,2,1,1,211,4,Dormant
CLIENT_0009,29,Deschamps,M,2025-12-02,2025-12-09,73.82,1,73.82,Direct,0,True,3,0,Alimentation,6,1,1,73.82,5,1,3,513,2,Potentiel
CLIENT_0010,44,Deschamps,M,2025-03-06,2025-05-30,218.64,3,72.88,Social,15,False,3,165,Maison,1,194,3,218.64,3,3,4,334,1,A risque
CLIENT_0011,61,Sainte Margotboeuf,F,2025-03-19,2025-12-09,327.34,3,109.11,Reference,5,False,5,0,Électronique,9,1,3,327.34,5,3,4,534,3,Loyal
CLIENT_0012,25,Baudry,F,2025-04-12,2025-12-09,475.66,1,475.66,Email,8,False,4,0,Mode,8,1,1,475.66,5,1,5,515,2,Potentiel
CLIENT_0013,34,Hubert,M,2023-11-08,2024-01-25,41.34,7,5.91,Email,8,True,2,666,Alimentation,4,685,7,41.34,1,5,1,151,1,A risque
CLIENT_0014,43,Deschamps,M,2023-08-02,2024-06-29,127.71,4,31.93,Reference,5,True,4,526,Maison,9,529,4,127.71,2,4,3,243,1,A risque
CLIENT_0015,20,Sainte Christophe,M,2025-01-06,2025-08-28,98.11,4,24.53,SEA,25,False,4,76,Mode,5,104,4,98.11,4,4,3,443,1,A risque
CLIENT_0016,75,Delorme,M,2024-06-11,2025-02-20,343.85,1,343.85,Social,15,False,5,263,Maison,5,293,1,343.85,3,1,4,314,4,Dormant
CLIENT_0017,44,Meunier,F,2024-04-13,2024-12-24,20933.36,1,20933.36,Email,8,True,5,350,Alimentation,2,351,1,20933.36,3,1,5,315,0,A risque
CLIENT_0018,50,Baudry,F,2025-04-24,2025-12-09,62.9,2,31.45,Social,15,False,4,0,Alimentation,6,1,2,62.9,5,1,2,512,2,Potentiel
CLIENT_0019,19,Baudry,F,2023-03-15,2023-10-16,95.73,6,15.96,Direct,0,True,3,763,Alimentation,9,786,6,95.73,1,5,3,153,1,A risque
CLIENT_0020,42,Gimenez,F,2025-01-11,2025-08-30,57.99,5,11.6,Social,15,True,4,99,Loisirs,2,102,5,57.99,4,5,2,452,1,A risque
CLIENT_0021,18,Gimenez,F,2024-08-15,2024-09-09,31.31,4,7.83,Social,15,True,3,455,Électronique,8,457,4,31.31,2,4,1,241,1,A risque
CLIENT_0022,42,Maillard,F,2024-02-08,2024-07-21,48.21,2,24.11,SEA,25,True,4,502,Électronique,4,507,2,48.21,2,1,2,212,4,Dormant
CLIENT_0023,50,Leconte-sur-Masson,M,2023-12-29,2024-01-12,4297.76,2,2148.88,Email,8,False,5,696,Maison,4,698,2,4297.76,1,1,5,115,0,A risque
CLIENT_0024,48,Perret,M,2024-01-12,2025-05-11,197.47,3,65.82,Direct,0,False,4,212,Électronique,8,213,3,197.47,3,3,4,334,1,A risque
CLIENT_0025,32,Sainte Christophe,M,2025-11-14,2025-12-09,52.09,3,17.36,Direct,0,False,4,0,Maison,9,1,3,52.09,5,3,2,532,3,Loyal
CLIENT_0026,18,Baudry,M,2025-07-22,2025-10-17,127.64,5,25.53,SEA,25,True,5,37,Loisirs,9,54,5,127.64,4,5,3,453,1,A risque
CLIENT_0027,50,Gimenez,F,2023-03-24,2023-04-21,56.96,5,11.39,Social,15,True,3,936,Maison,4,964,5,56.96,1,5,2,152,1,A risque
CLIENT_0028,67,Sanchez,F,2023-06-07,2025-02-01,626.25,2,313.12,SEA,25,False,5,310,Maison,5,312,2,626.25,3,1,5,315,0,A risque
CLIENT_0029,46,Grenier,M,2025-03-25,2025-12-09,133.61,3,44.54,Direct,0,False,2,0,Mode,3,1,3,133.61,5,3,4,534,3,Loyal
CLIENT_0030,39,Grenier,F,2025-10-09,2025-11-15,36.95,5,7.39,Email,8,False,2,18,Maison,6,25,5,36.95,4,5,1,451,3,Loyal
CLIENT_0031,18,Deschamps,F,2023-03-09,2023-06-04,217.57,1,217.57,Reference,5,True,5,904,Électronique,5,920,1,217.57,1,1,4,114,4,Dormant
CLIENT_0032,26,Sainte Genevièvenec,F,2025-10-07,2025-12-09,36.21,2,18.11,Reference,5,True,5,0,Mode,5,1,2,36.21,5,1,1,511,2,Potentiel
CLIENT_0033,45,Delorme,M,2023-11-20,2024-01-13,1688.67,7,241.24,Direct,0,True,5,696,Électronique,2,697,7,1688.67,1,5,5,155,0,A risque
CLIENT_0034,18,Gimenez,M,2025-10-30,2025-12-09,30.7,2,15.35,Social,15,False,5,0,Maison,7,1,2,30.7,5,1,1,511,2,Potentiel
CLIENT_0035,33,Barbenec,M,2023-01-29,2023-11-05,46.24,3,15.41,Social,15,False,4,764,Alimentation,2,766,3,46.24,1,3,2,132,1,A risque
CLIENT_0036,42,Meunier,F,2024-09-23,2024-11-06,31.5,4,7.88,Direct,0,True,4,393,Mode,2,399,4,31.5,2,4,1,241,1,A risque
CLIENT_0037,52,BonninVille,M,2024-04-19,2024-10-16,1674.37,4,418.59,SEA,25,False,5,403,Loisirs,4,420,4,1674.37,2,4,5,245,0,A risque
CLIENT_0038,45,Perret,M,2024-03-14,2024-07-18,108.37,4,27.09,Social,15,False,4,485,Alimentation,3,510,4,108.37,2,4,3,243,1,A risque
CLIENT_0039,47,BonninVille,M,2024-11-26,2025-04-03,31.66,4,7.92,Direct,0,True,3,223,Électronique,10,251,4,31.66,3,4,1,341,1,A risque
CLIENT_0040,47,Sanchez,F,2023-03-07,2023-03-26,51.5,3,17.17,Direct,0,True,5,968,Mode,7,990,3,51.5,1,3,2,132,1,A risque
CLIENT_0041,66,Barbenec,M,2023-10-20,2025-08-27,99.07,2,49.53,Social,15,True,4,90,Électronique,7,105,2,99.07,4,1,3,413,4,Dormant
CLIENT_0042,37,Gimenez,M,2024-05-02,2024-07-21,60.41,4,15.1,Social,15,False,4,492,Électronique,3,507,4,60.41,2,4,2,242,1,A risque
CLIENT_0043,18,Deschamps,F,2025-03-17,2025-10-09,58.53,1,58.53,SEA,25,True,2,55,Loisirs,8,62,1,58.53,4,1,2,412,4,Dormant
CLIENT_0044,18,Leconte-sur-Masson,F,2024-09-30,2025-12-09,849.75,2,424.88,Social,15,False,5,0,Mode,8,1,2,849.75,5,1,5,515,2,Potentiel
CLIENT_0045,58,Meunier,F,2023-10-23,2023-12-28,276.56,3,92.19,Reference,5,True,4,708,Maison,3,713,3,276.56,1,3,4,134,1,A risque
CLIENT_0046,37,Peronnec,M,2022-12-21,2023-04-17,477.22,4,119.31,Social,15,True,4,938,Électronique,5,968,4,477.22,1,4,5,145,1,A risque
CLIENT_0047,45,CaronBourg,F,2025-09-27,2025-12-09,124.62,3,41.54,Social,15,True,3,0,Maison,5,1,3,124.62,5,3,3,533,3,Loyal
CLIENT_0048,49,Leconte-sur-Masson,M,2024-10-05,2025-12-09,78.65,3,26.22,Direct,0,True,2,0,Électronique,1,1,3,78.65,5,3,3,533,3,Loyal
CLIENT_0049,50,Sainte Christophe,F,2025-08-03,2025-12-09,155.71,1,155.71,SEA,25,False,2,0,Électronique,4,1,1,155.71,5,1,4,514,2,Potentiel
CLIENT_0050,47,Techer-la-Forêt,M,2025-03-12,2025-12-09,31.75,5,6.35,Email,8,False,5,0,Loisirs,8,1,5,31.75,5,5,1,551,3,Loyal
CLIENT_0051,75,Sanchez,F,2023-10-13,2024-08-15,215.84,2,107.92,SEA,25,True,4,471,Mode,10,482,2,215.84,2,1,4,214,4,Dormant
CLIENT_0052,42,Delorme,M,2024-02-29,2024-04-01,1968.28,1,1968.28,SEA,25,False,5,600,Loisirs,10,618,1,1968.28,2,1,5,215,0,A risque
CLIENT_0053,30,Leconte-sur-Masson,F,2024-12-10,2025-04-01,46.12,3,15.37,Direct,0,False,3,226,Électronique,3,253,3,46.12,3,3,2,332,1,A risque
CLIENT_0054,52,Sainte Genevièvenec,F,2024-11-24,2025-12-09,81.8,2,40.9,Email,8,True,1,0,Loisirs,6,1,2,81.8,5,1,3,513,2,Potentiel
CLIENT_0055,29,Hubert,M,2023-01-06,2023-07-09,116.67,3,38.89,Email,8,True,5,854,Alimentation,8,885,3,116.67,1,3,3,133,1,A risque
CLIENT_0056,38,Gimenez,M,2023-06-07,2024-02-28,53.6,4,13.4,Email,8,False,4,647,Électronique,8,651,4,53.6,1,4,2,142,1,A risque
CLIENT_0057,18,Barbenec,F,2025-11-11,2025-12-09,244.45,1,244.45,Email,8,True,3,0,Alimentation,8,1,1,244.45,5,1,4,514,2,Potentiel
CLIENT_0058,41,Baudry,M,2025-03-23,2025-04-24,47.73,5,9.55,SEA,25,True,3,214,Mode,7,230,5,47.73,3,5,2,352,1,A risque
CLIENT_0059,60,BonninVille,F,2024-03-11,2024-08-22,1237.65,3,412.55,Social,15,True,5,463,Loisirs,5,475,3,1237.65,2,3,5,235,0,A risque
CLIENT_0060,57,CaronBourg,F,2025-04-13,2025-12-09,373.5,3,124.5,Direct,0,True,4,0,Alimentation,1,1,3,373.5,5,3,5,535,3,Loyal
CLIENT_0061,44,Grenier,M,2025-07-10,2025-12-09,30809.27,2,15404.64,Social,15,True,5,0,Maison,10,1,2,30809.27,5,1,5,515,0,A risque
CLIENT_0062,18,Gimenez,M,2023-06-15,2023-08-23,30.56,4,7.64,SEA,25,False,4,833,Mode,1,840,4,30.56,1,4,1,141,1,A risque
CLIENT_0063,18,Barbenec,F,2023-01-24,2023-03-27,35.13,2,17.57,Email,8,True,2,985,Électronique,7,989,2,35.13,1,1,1,111,4,Dormant
CLIENT_0064,48,Sanchez,F,2023-09-29,2023-12-11,31.63,2,15.81,Reference,5,True,3,717,Alimentation,2,730,2,31.63,1,1,1,111,4,Dormant
CLIENT_0065,32,CaronBourg,M,2024-09-13,2025-09-14,137.17,1,137.17,Email,8,True,5,74,Loisirs,3,87,1,137.17,4,1,4,414,4,Dormant
CLIENT_0066,49,BonninVille,M,2023-03-11,2023-04-24,4456.04,2,2228.02,Social,15,False,4,953,Maison,1,961,2,4456.04,1,1,5,115,0,A risque
CLIENT_0067,59,Techer-la-Forêt,F,2024-06-21,2024-09-04,45575.61,1,45575.61,Social,15,False,5,454,Électronique,7,462,1,45575.61,2,1,5,215,0,A risque
CLIENT_0068,21,Maillard,F,2023-10-01,2023-12-04,36.79,3,12.26,Social,15,True,5,710,Mode,7,737,3,36.79,1,3,1,131,1,A risque
CLIENT_0069,41,Baudry,F,2025-09-16,2025-12-09,59.94,1,59.94,Social,15,True,3,0,Loisirs,6,1,1,59.94,5,1,2,512,2,Potentiel
CLIENT_0070,55,Deschamps,M,2025-03-29,2025-04-05,900.39,1,900.39,SEA,25,False,3,235,Mode,3,249,1,900.39,3,1,5,315,4,Dormant
CLIENT_0071,39,Deschamps,F,2024-09-29,2024-10-28,59.42,2,29.71,Social,15,True,3,384,Mode,4,408,2,59.42,2,1,2,212,4,Dormant
CLIENT_0072,50,Deschamps,M,2025-10-21,2025-11-25,68.68,3,22.89,Reference,5,True,5,8,Alimentation,2,15,3,68.68,4,3,3,433,3,Loyal
CLIENT_0073,57,Grenier,F,2025-05-30,2025-08-13,42.31,2,21.16,Social,15,False,5,102,Électronique,3,119,2,42.31,4,1,1,411,4,Dormant
CLIENT_0074,49,Peronnec,M,2023-11-08,2023-12-28,503.23,2,251.62,Direct,0,True,5,699,Maison,2,713,2,503.23,1,1,5,115,4,Dormant
CLIENT_0075,18,CaronBourg,M,2023-05-10,2024-09-19,176.98,1,176.98,Reference,5,True,3,432,Alimentation,5,447,1,176.98,2,1,4,214,4,Dormant
CLIENT_0076,40,Meunier,F,2023-04-05,2025-12-09,33.35,8,4.17,Social,15,False,3,0,Électronique,9,1,8,33.35,5,5,1,551,3,Loyal
CLIENT_0077,22,Peronnec,F,2023-09-07,2023-10-29,1040.14,1,1040.14,SEA,25,False,4,763,Alimentation,5,773,1,1040.14,1,1,5,115,4,Dormant
CLIENT_0078,29,Leconte-sur-Masson,F,2024-06-01,2024-06-03,52.72,5,10.54,Direct,0,False,4,548,Alimentation,7,555,5,52.72,2,5,2,252,1,A risque
CLIENT_0079,48,Sanchez,F,2023-07-29,2023-09-25,349.62,4,87.41,Direct,0,True,4,783,Alimentation,2,807,4,349.62,1,4,4,144,1,A risque
CLIENT_0080,45,Maillard,M,2024-12-20,2025-07-09,348.49,4,87.12,Social,15,True,4,147,Maison,4,154,4,348.49,3,4,4,344,1,A risque
CLIENT_0081,46,Deschamps,F,2023-05-04,2025-12-09,31.63,7,4.52,Social,15,False,4,0,Maison,3,1,7,31.63,5,5,1,551,3,Loyal
CLIENT_0082,41,Sainte Margotboeuf,F,2024-07-09,2025-12-09,42.23,6,7.04,Direct,0,True,3,0,Mode,3,1,6,42.23,5,5,1,551,3,Loyal
CLIENT_0083,37,Barbenec,M,2023-11-19,2024-05-06,43.56,1,43.56,Social,15,True,2,561,Mode,8,583,1,43.56,2,1,2,212,4,Dormant
CLIENT_0084,44,Gimenez,F,2023-11-25,2024-04-24,13758.87,7,1965.55,Email,8,True,5,581,Loisirs,4,595,7,13758.87,2,5,5,255,0,A risque
CLIENT_0085,57,Hubert,F,2024-05-03,2025-12-09,34.63,4,8.66,Social,15,False,3,0,Mode,10,1,4,34.63,5,4,1,541,3,Loyal
CLIENT_0086,60,Techer-la-Forêt,M,2025-10-13,2025-12-09,234.85,5,46.97,Reference,5,False,5,0,Mode,6,1,5,234.85,5,5,4,554,3,Loyal
CLIENT_0087,71,CaronBourg,F,2025-09-11,2025-09-29,48.15,2,24.07,SEA,25,False,3,67,Maison,8,72,2,48.15,4,1,2,412,4,Dormant
CLIENT_0088,37,BonninVille,F,2023-10-14,2023-12-30,13843.86,3,4614.62,SEA,25,True,5,709,Loisirs,1,711,3,13843.86,1,3,5,135,0,A risque
CLIENT_0089,45,Deschamps,M,2024-10-29,2025-12-09,32.12,7,4.59,Email,8,True,4,0,Mode,6,1,7,32.12,5,5,1,551,3,Loyal
CLIENT_0090,20,Hubert,F,2025-03-26,2025-12-09,71.34,4,17.84,Direct,0,True,2,0,Loisirs,8,1,4,71.34,5,4,3,543,3,Loyal
CLIENT_0091,67,Maillard,F,2025-01-01,2025-06-03,776.08,1,776.08,SEA,25,True,5,178,Loisirs,7,190,1,776.08,3,1,5,315,4,Dormant
CLIENT_0092,18,Baudry,F,2024-05-19,2024-09-19,568.81,3,189.6,Social,15,True,4,426,Loisirs,9,447,3,568.81,2,3,5,235,0,A risque
CLIENT_0093,18,Sainte Margotboeuf,M,2023-10-29,2024-04-23,836.32,2,418.16,Direct,0,False,5,587,Maison,4,596,2,836.32,2,1,5,215,0,A risque
CLIENT_0094,42,Baudry,F,2025-09-03,2025-10-06,129.76,4,32.44,Social,15,True,3,36,Électronique,7,65,4,129.76,4,4,4,444,1,A risque
CLIENT_0095,54,Hubert,M,2025-07-09,2025-07-18,55.4,4,13.85,SEA,25,False,1,138,Maison,6,145,4,55.4,3,4,2,342,1,A risque
CLIENT_0096,52,Sainte Genevièvenec,F,2025-03-17,2025-12-09,840.37,4,210.09,Social,15,False,4,0,Maison,5,1,4,840.37,5,4,5,545,3,Loyal
CLIENT_0097,18,Perret,F,2024-12-26,2025-12-09,307.34,1,307.34,SEA,25,True,5,0,Maison,6,1,1,307.34,5,1,4,514,2,Potentiel
CLIENT_0098,57,Techer-la-Forêt,F,2023-07-20,2024-01-07,512.48,2,256.24,Direct,0,True,3,691,Mode,7,703,2,512.48,1,1,5,115,4,Dormant
CLIENT_0099,18,Delorme,M,2024-08-10,2024-08-14,131.01,3,43.67,Email,8,True,5,475,Mode,6,483,3,131.01,2,3,4,234,1,A risque
CLIENT_0100,18,Leconte-sur-Masson,M,2024-04-17,2025-06-03,243.76,4,60.94,Email,8,False,4,186,Alimentation,3,190,4,243.76,3,4,4,344,1,A risque
CLIENT_0101,28,Leconte-sur-Masson,F,2023-12-06,2025-12-09,106.44,2,53.22,Email,8,True,4,0,Loisirs,10,1,2,106.44,5,1,3,513,2,Potentiel
CLIENT_0102,37,Sainte Margotboeuf,F,2025-05-21,2025-09-03,415.52,3,138.51,Direct,0,False,4,86,Maison,10,98,3,415.52,4,3,5,435,0,A risque
CLIENT_0103,43,CaronBourg,F,2024-02-09,2024-07-17,635.27,4,158.82,Social,15,False,5,483,Mode,9,511,4,635.27,2,4,5,245,0,A risque
CLIENT_0104,43,Delorme,M,2025-06-08,2025-12-09,821.96,1,821.96,SEA,25,True,4,0,Alimentation,7,1,1,821.96,5,1,5,515,2,Potentiel
CLIENT_0105,18,Barbenec,M,2024-06-13,2025-12-09,38.31,6,6.39,SEA,25,True,4,0,Mode,7,1,6,38.31,5,5,1,551,3,Loyal
CLIENT_0106,28,Meunier,M,2024-09-26,2025-02-10,60.51,4,15.13,SEA,25,False,4,295,Mode,3,303,4,60.51,3,4,2,342,1,A risque
CLIENT_0107,18,Baudry,F,2022-12-17,2023-11-07,116.88,2,58.44,SEA,25,True,4,760,Maison,9,764,2,116.88,1,1,3,113,4,Dormant
CLIENT_0108,35,Deschamps,F,2023-12-12,2025-04-01,2362.37,2,1181.18,Email,8,False,4,244,Loisirs,1,253,2,2362.37,3,1,5,315,0,A risque
CLIENT_0109,41,Techer-la-Forêt,F,2023-09-04,2023-10-15,553.55,2,276.77,Social,15,True,5,769,Maison,2,787,2,553.55,1,1,5,115,4,Dormant
CLIENT_0110,18,CaronBourg,M,2024-09-30,2025-03-27,138.49,5,27.7,Email,8,False,3,247,Mode,3,258,5,138.49,3,5,4,354,1,A risque
CLIENT_0111,45,Barbenec,F,2025-04-21,2025-12-09,57.41,1,57.41,Social,15,True,5,0,Mode,4,1,1,57.41,5,1,2,512,2,Potentiel
CLIENT_0112,50,Perret,M,2024-12-31,2025-10-06,38.51,6,6.42,Email,8,True,3,60,Électronique,4,65,6,38.51,4,5,1,451,1,A risque
CLIENT_0113,43,Barbenec,F,2025-08-15,2025-12-09,45.01,3,15.0,Email,8,False,2,0,Électronique,2,1,3,45.01,5,3,2,532,3,Loyal
CLIENT_0114,64,Sanchez,M,2025-06-05,2025-06-29,381.95,1,381.95,Email,8,False,4,163,Loisirs,4,164,1,381.95,3,1,5,315,4,Dormant
CLIENT_0115,18,Deschamps,F,2024-08-30,2024-10-11,1129.26,2,564.63,Email,8,True,5,411,Maison,6,425,2,1129.26,2,1,5,215,0,A risque
CLIENT_0116,36,Techer-la-Forêt,M,2023-11-24,2024-01-27,149.79,3,49.93,SEA,25,True,3,679,Électronique,3,683,3,149.79,1,3,4,134,1,A risque
CLIENT_0117,52,Deschamps,F,2024-06-23,2024-08-10,57.71,4,14.43,Social,15,False,2,473,Électronique,9,487,4,57.71,2,4,2,242,1,A risque
CLIENT_0118,44,CaronBourg,M,2025-09-16,2025-12-09,2542.51,4,635.63,Direct,0,True,5,0,Électronique,7,1,4,2542.51,5,4,5,545,0,A risque
CLIENT_0119,22,Sainte Margotboeuf,M,2025-10-18,2025-10-29,294.89,3,98.3,Email,8,True,4,33,Mode,4,42,3,294.89,4,3,4,434,1,A risque
CLIENT_0120,58,Maillard,M,2025-06-02,2025-07-03,181.4,2,90.7,Social,15,True,3,132,Électronique,8,160,2,181.4,3,1,4,314,4,Dormant
CLIENT_0121,49,Perret,M,2025-07-29,2025-12-09,359.45,2,179.72,Social,15,False,5,0,Loisirs,8,1,2,359.45,5,1,4,514,2,Potentiel
CLIENT_0122,39,Deschamps,F,2025-06-21,2025-07-04,36.49,2,18.25,SEA,25,True,2,133,Électronique,2,159,2,36.49,3,1,1,311,4,Dormant
CLIENT_0123,36,Barbenec,M,2025-01-30,2025-12-09,807.9,6,134.65,SEA,25,False,5,0,Alimentation,6,1,6,807.9,5,5,5,555,3,Loyal
CLIENT_0124,27,Grenier,F,2023-11-20,2023-12-19,8060.51,2,4030.26,Social,15,True,5,717,Maison,1,722,2,8060.51,1,2,5,125,0,A risque
CLIENT_0125,18,BonninVille,M,2023-04-28,2024-02-25,326.21,2,163.1,SEA,25,True,4,648,Alimentation,1,654,2,326.21,1,2,4,124,4,Dormant
CLIENT_0126,27,Peronnec,F,2024-04-10,2025-05-12,147.87,3,49.29,Social,15,True,3,186,Mode,6,212,3,147.87,3,3,4,334,1,A risque
CLIENT_0127,52,Deschamps,M,2023-06-01,2023-12-09,95.9,1,95.9,Direct,0,False,5,722,Alimentation,10,732,1,95.9,1,1,3,113,4,Dormant
CLIENT_0128,18,Sainte Christophe,M,2024-01-31,2024-06-10,418.19,2,209.09,Social,15,False,3,523,Maison,10,548,2,418.19,2,2,5,225,4,Dormant
CLIENT_0129,67,Perret,F,2025-02-17,2025-12-09,94.69,1,94.69,Direct,0,True,5,0,Mode,6,1,1,94.69,5,1,3,513,2,Potentiel
CLIENT_0130,48,BonninVille,F,2025-07-28,2025-12-09,46.97,1,46.97,Email,8,False,3,0,Alimentation,9,1,1,46.97,5,1,2,512,2,Potentiel
CLIENT_0131,42,Gimenez,F,2023-08-02,2023-09-09,72.26,4,18.07,SEA,25,True,4,805,Alimentation,1,823,4,72.26,1,4,3,143,1,A risque
CLIENT_0132,65,Techer-la-Forêt,M,2023-08-05,2023-08-23,730.45,2,365.23,Reference,5,True,5,819,Mode,5,840,2,730.45,1,2,5,125,0,A risque
CLIENT_0133,53,Maillard,M,2024-08-18,2025-09-14,336.45,2,168.22,Email,8,False,5,63,Électronique,4,87,2,336.45,4,2,4,424,4,Dormant
CLIENT_0134,25,Barbenec,F,2024-10-29,2025-04-15,669.25,1,669.25,Reference,5,False,4,228,Loisirs,2,239,1,669.25,3,1,5,315,4,Dormant
CLIENT_0135,18,Maillard,F,2025-11-15,2025-12-09,7433.77,2,3716.89,Direct,0,True,5,0,Électronique,5,1,2,7433.77,5,2,5,525,0,A risque
CLIENT_0136,23,Gimenez,M,2023-02-06,2025-11-29,42.02,1,42.02,Email,8,False,4,1,Électronique,7,11,1,42.02,4,1,1,411,2,Potentiel
CLIENT_0137,47,Perret,F,2025-09-26,2025-12-09,110.86,1,110.86,SEA,25,True,5,0,Maison,2,1,1,110.86,5,1,3,513,2,Potentiel
CLIENT_0138,23,Peronnec,F,2024-07-23,2025-09-11,53.16,2,26.58,Direct,0,False,4,70,Électronique,7,90,2,53.16,4,2,2,422,4,Dormant
CLIENT_0139,41,Leconte-sur-Masson,F,2025-11-20,2025-12-09,180.8,1,180.8,Direct,0,False,5,0,Mode,10,1,1,180.8,5,1,4,514,2,Potentiel
CLIENT_0140,67,Baudry,F,2024-10-07,2025-12-09,65.13,2,32.56,Social,15,True,5,0,Loisirs,10,1,2,65.13,5,2,2,522,2,Potentiel
CLIENT_0141,36,CaronBourg,F,2025-01-01,2025-11-06,43.14,4,10.79,Social,15,False,3,21,Alimentation,2,34,4,43.14,4,4,2,442,1,A risque
CLIENT_0142,40,Delorme,M,2023-04-05,2024-02-18,39.5,2,19.75,Social,15,False,2,649,Alimentation,7,661,2,39.5,1,2,1,121,4,Dormant
CLIENT_0143,38,Grenier,F,2023-04-18,2023-10-03,40.29,1,40.29,Social,15,True,4,798,Loisirs,9,799,1,40.29,1,1,1,111,4,Dormant
CLIENT_0144,32,Meunier,M,2023-05-14,2024-10-08,109.76,4,27.44,Social,15,True,4,425,Alimentation,10,428,4,109.76,2,4,3,243,1,A risque
CLIENT_0145,33,Delorme,M,2023-03-24,2024-05-01,42.73,6,7.12,Email,8,True,3,559,Mode,2,588,6,42.73,2,5,2,252,1,A risque
CLIENT_0146,26,Deschamps,F,2025-09-21,2025-10-15,60.02,3,20.01,Reference,5,False,4,35,Loisirs,4,56,3,60.02,4,3,2,432,1,A risque
CLIENT_0147,45,Baudry,F,2025-02-27,2025-12-09,191.08,2,95.54,SEA,25,True,5,0,Maison,8,1,2,191.08,5,2,4,524,2,Potentiel
CLIENT_0148,36,Barbenec,M,2025-10-24,2025-12-09,1941.37,4,485.34,Email,8,False,4,0,Maison,7,1,4,1941.37,5,4,5,545,0,A risque
CLIENT_0149,55,BonninVille,M,2025-04-14,2025-05-22,33.76,1,33.76,Email,8,True,5,181,Électronique,5,202,1,33.76,3,1,1,311,4,Dormant
CLIENT_0150,24,CaronBourg,F,2023-04-24,2025-01-12,58.54,5,11.71,Social,15,True,2,321,Mode,5,332,5,58.54,3,5,2,352,1,A risque
CLIENT_0151,28,Deschamps,M,2025-08-05,2025-09-04,1648.37,6,274.73,SEA,25,True,5,82,Électronique,3,97,6,1648.37,4,5,5,455,0,A risque
CLIENT_0152,37,Sainte Christophe,M,2024-03-01,2025-02-28,47.13,2,23.57,SEA,25,True,4,263,Loisirs,2,285,2,47.13,3,2,2,322,4,Dormant
CLIENT_0153,36,CaronBourg,M,2024-09-20,2025-12-09,30.15,1,30.15,Social,15,False,1,0,Alimentation,10,1,1,30.15,5,1,1,511,2,Potentiel
CLIENT_0154,18,Baudry,F,2025-04-27,2025-12-01,30.28,1,30.28,Social,15,True,3,0,Loisirs,1,9,1,30.28,4,1,1,411,2,Potentiel
CLIENT_0155,56,Gimenez,F,2025-01-22,2025-12-09,69.71,2,34.85,Email,8,True,3,0,Électronique,7,1,2,69.71,5,2,3,523,2,Potentiel
CLIENT_0156,68,BonninVille,M,2025-02-11,2025-07-12,74.76,5,14.95,Social,15,False,4,125,Maison,8,151,5,74.76,3,5,3,353,1,A risque
CLIENT_0157,52,Gimenez,M,2025-03-03,2025-12-09,439.9,2,219.95,Direct,0,True,5,0,Électronique,10,1,2,439.9,5,2,5,525,2,Potentiel
CLIENT_0158,57,Perret,M,2024-01-01,2025-10-19,137.4,2,68.7,SEA,25,True,3,48,Loisirs,6,52,2,137.4,4,2,4,424,4,Dormant
CLIENT_0159,40,Sainte Christophe,F,2024-09-03,2024-12-17,90.96,1,90.96,Social,15,True,3,341,Électronique,7,358,1,90.96,3,1,3,313,4,Dormant
CLIENT_0160,55,Leconte-sur-Masson,M,2024-04-24,2025-12-09,132.74,2,66.37,Social,15,True,4,0,Alimentation,10,1,2,132.74,5,2,4,524,2,Potentiel
CLIENT_0161,35,Delorme,F,2025-06-09,2025-11-25,38.77,2,19.39,Email,8,True,3,0,Mode,3,15,2,38.77,4,2,1,421,2,Potentiel
CLIENT_0162,31,Sainte Genevièvenec,M,2023-05-27,2024-01-09,647.78,2,323.89,Social,15,True,5,683,Maison,8,701,2,647.78,1,2,5,125,0,A risque
CLIENT_0163,40,Grenier,F,2025-04-24,2025-12-09,73.14,2,36.57,Social,15,True,4,0,Maison,10,1,2,73.14,5,2,3,523,2,Potentiel
CLIENT_0164,50,Leconte-sur-Masson,F,2022-12-28,2023-04-09,6727.69,3,2242.56,Direct,0,True,5,959,Maison,2,976,3,6727.69,1,3,5,135,0,A risque
CLIENT_0165,32,BonninVille,M,2025-02-28,2025-05-04,33.12,4,8.28,Email,8,True,3,196,Maison,3,220,4,33.12,3,4,1,341,1,A risque
CLIENT_0166,44,Leconte-sur-Masson,M,2023-09-27,2024-01-12,57.88,3,19.29,Direct,0,False,3,693,Loisirs,6,698,3,57.88,1,3,2,132,1,A risque
CLIENT_0167,43,Grenier,M,2025-07-19,2025-12-09,37.47,4,9.37,Direct,0,True,4,0,Loisirs,4,1,4,37.47,5,4,1,541,3,Loyal
CLIENT_0168,43,Leconte-sur-Masson,F,2024-04-02,2024-09-24,141.53,5,28.31,Email,8,False,5,427,Loisirs,7,442,5,141.53,2,5,4,254,1,A risque
CLIENT_0169,57,Sainte Christophe,M,2025-03-04,2025-03-13,11303.67,4,2825.92,Email,8,False,5,261,Mode,5,272,4,11303.67,3,4,5,345,0,A risque
CLIENT_0170,57,Baudry,F,2023-07-24,2025-12-09,43.57,2,21.79,Email,8,True,3,0,Électronique,5,1,2,43.57,5,2,2,522,2,Potentiel
CLIENT_0171,30,Sainte Christophe,F,2023-12-19,2025-02-27,677.46,2,338.73,Direct,0,True,5,282,Alimentation,3,286,2,677.46,3,2,5,325,0,A risque
CLIENT_0172,71,Grenier,M,2025-12-02,2025-12-09,887.21,3,295.74,SEA,25,True,5,0,Mode,10,1,3,887.21,5,3,5,535,3,Loyal
CLIENT_0173,18,Perret,M,2025-01-23,2025-03-13,50.25,1,50.25,Email,8,True,3,264,Électronique,1,272,1,50.25,3,1,2,312,4,Dormant
CLIENT_0174,41,BonninVille,M,2023-08-30,2023-11-01,250.03,6,41.67,Email,8,True,4,749,Loisirs,7,770,6,250.03,1,5,4,154,1,A risque
CLIENT_0175,29,Barbenec,F,2024-01-20,2024-02-06,299.67,1,299.67,Social,15,True,5,647,Mode,6,673,1,299.67,1,1,4,114,4,Dormant
CLIENT_0176,35,Hubert,F,2025-03-14,2025-12-09,56.53,1,56.53,Social,15,True,4,0,Mode,4,1,1,56.53,5,1,2,512,2,Potentiel
CLIENT_0177,43,Grenier,M,2024-10-22,2025-12-09,35.06,5,7.01,Reference,5,True,3,0,Alimentation,5,1,5,35.06,5,5,1,551,3,Loyal
CLIENT_0178,41,CaronBourg,M,2024-01-15,2025-12-09,36.08,4,9.02,Email,8,False,3,0,Loisirs,9,1,4,36.08,5,4,1,541,3,Loyal
CLIENT_0179,58,Perret,F,2023-05-02,2024-05-29,170.72,2,85.36,Email,8,True,4,552,Loisirs,2,560,2,170.72,2,2,4,224,4,Dormant
CLIENT_0180,42,Delorme,F,2025-10-23,2025-12-09,539.22,2,269.61,Social,15,False,4,0,Maison,6,1,2,539.22,5,2,5,525,2,Potentiel
CLIENT_0181,36,Baudry,M,2023-03-23,2023-06-24,257.74,1,257.74,Email,8,True,3,899,Loisirs,7,900,1,257.74,1,1,4,114,4,Dormant
CLIENT_0182,50,Sainte Christophe,F,2025-07-25,2025-07-30,347.86,2,173.93,Reference,5,True,5,112,Électronique,1,133,2,347.86,4,2,4,424,4,Dormant
CLIENT_0183,27,Sainte Margotboeuf,F,2023-12-14,2024-08-09,1017.04,5,203.41,SEA,25,True,5,480,Alimentation,9,488,5,1017.04,2,5,5,255,0,A risque
CLIENT_0184,42,Grenier,M,2023-12-05,2024-08-23,47.31,5,9.46,Social,15,False,4,467,Mode,9,474,5,47.31,2,5,2,252,1,A risque
CLIENT_0185,59,Grenier,M,2023-07-05,2024-05-03,68.03,4,17.01,Social,15,True,4,571,Électronique,2,586,4,68.03,2,4,2,242,1,A risque
CLIENT_0186,46,Deschamps,F,2025-10-21,2025-12-09,54.61,8,6.83,Social,15,True,4,0,Maison,8,1,8,54.61,5,5,2,552,3,Loyal
CLIENT_0187,46,Sainte Margotboeuf,F,2024-01-12,2024-08-06,71.61,4,17.9,Social,15,True,4,485,Mode,10,491,4,71.61,2,4,3,243,1,A risque
CLIENT_0188,27,Gimenez,M,2023-01-31,2025-11-20,68.9,3,22.97,Email,8,True,5,3,Alimentation,4,20,3,68.9,4,3,3,433,3,Loyal
CLIENT_0189,62,Sainte Margotboeuf,M,2023-08-03,2023-12-23,114.37,1,114.37,Direct,0,False,4,709,Mode,7,718,1,114.37,1,1,3,113,4,Dormant
CLIENT_0190,32,Meunier,M,2024-07-01,2025-05-22,37.02,4,9.26,Social,15,False,4,184,Alimentation,4,202,4,37.02,3,4,1,341,1,A risque
CLIENT_0191,38,Barbenec,M,2025-03-09,2025-11-13,62.89,2,31.45,Direct,0,False,3,6,Mode,9,27,2,62.89,4,2,2,422,2,Potentiel
CLIENT_0192,43,Grenier,M,2024-03-12,2024-08-31,127.41,3,42.47,Reference,5,False,4,458,Mode,8,466,3,127.41,2,3,3,233,1,A risque
CLIENT_0193,61,Peronnec,F,2025-04-29,2025-12-09,42.29,3,14.1,Email,8,True,3,0,Alimentation,5,1,3,42.29,5,3,1,531,3,Loyal
CLIENT_0194,26,Sainte Christophe,M,2023-11-11,2025-01-26,176.48,3,58.83,Email,8,True,4,313,Maison,9,318,3,176.48,3,3,4,334,1,A risque
CLIENT_0195,29,Peronnec,F,2025-01-10,2025-04-29,46.42,1,46.42,Social,15,False,3,197,Loisirs,6,225,1,46.42,3,1,2,312,4,Dormant
CLIENT_0196,52,CaronBourg,M,2024-02-11,2025-12-09,513.38,2,256.69,Direct,0,True,5,0,Loisirs,7,1,2,513.38,5,2,5,525,2,Potentiel
CLIENT_0197,50,Sainte Christophe,M,2024-09-11,2025-11-06,31.06,2,15.53,Email,8,False,2,12,Électronique,1,34,2,31.06,4,2,1,421,4,Dormant
CLIENT_0198,18,Meunier,F,2023-10-25,2023-12-21,11916.01,2,5958.01,Direct,0,True,5,714,Électronique,7,720,2,11916.01,1,2,5,125,0,A risque
CLIENT_0199,36,CaronBourg,M,2025-04-19,2025-12-09,39.9,3,13.3,Social,15,True,3,0,Alimentation,10,1,3,39.9,5,3,1,531,3,Loyal
CLIENT_0200,46,Leconte-sur-Masson,F,2023-08-06,2023-09-15,429.78,3,143.26,Social,15,True,4,811,Électronique,1,817,3,429.78,1,3,5,135,1,A risque
CLIENT_0201,67,Techer-la-Forêt,F,2023-07-17,2024-03-15,69.62,2,34.81,Social,15,True,4,612,Mode,8,635,2,69.62,2,2,3,223,4,Dormant
CLIENT_0202,40,Sainte Christophe,M,2023-02-19,2024-09-12,24055.71,2,12027.85,Email,8,True,5,442,Maison,5,454,2,24055.71,2,2,5,225,0,A risque
CLIENT_0203,58,Delorme,M,2024-09-22,2024-10-13,385.09,3,128.36,SEA,25,True,3,407,Loisirs,1,423,3,385.09,2,3,5,235,1,A risque
CLIENT_0204,60,Sanchez,M,2024-09-07,2025-10-29,35.85,2,17.93,Social,15,False,4,16,Maison,10,42,2,35.85,4,2,1,421,4,Dormant
CLIENT_0205,36,Meunier,F,2024-09-02,2025-01-08,69.82,2,34.91,SEA,25,True,3,308,Mode,6,336,2,69.82,3,2,3,323,4,Dormant
CLIENT_0206,41,Maillard,M,2023-02-01,2023-05-18,35.24,4,8.81,Social,15,False,4,921,Alimentation,10,937,4,35.24,1,4,1,141,1,A risque
CLIENT_0207,69,Techer-la-Forêt,M,2025-03-11,2025-03-12,41.26,2,20.63,Email,8,True,3,254,Maison,8,273,2,41.26,3,2,1,321,4,Dormant
CLIENT_0208,64,Grenier,F,2024-10-13,2025-12-09,110.24,5,22.05,SEA,25,False,5,0,Mode,6,1,5,110.24,5,5,3,553,3,Loyal
CLIENT_0209,50,Sanchez,M,2024-05-27,2024-11-16,46.29,4,11.57,Direct,0,False,3,374,Loisirs,1,389,4,46.29,2,4,2,242,1,A risque
CLIENT_0210,29,Deschamps,F,2024-07-25,2025-08-24,142.11,3,47.37,Social,15,False,3,88,Loisirs,8,108,3,142.11,4,3,4,434,1,A risque
CLIENT_0211,47,Delorme,M,2024-05-17,2024-06-07,64.99,4,16.25,SEA,25,False,2,541,Mode,8,551,4,64.99,2,4,2,242,1,A risque
CLIENT_0212,33,Sainte Genevièvenec,M,2024-08-28,2025-02-19,172.03,2,86.02,SEA,25,True,5,282,Mode,9,294,2,172.03,3,2,4,324,4,Dormant
CLIENT_0213,45,Maillard,M,2025-11-08,2025-12-09,51.99,1,51.99,Email,8,True,2,0,Maison,5,1,1,51.99,5,1,2,512,2,Potentiel
CLIENT_0214,52,Sanchez,F,2023-07-11,2023-07-13,2227.38,3,742.46,Email,8,True,5,857,Électronique,7,881,3,2227.38,1,3,5,135,0,A risque
CLIENT_0215,49,Meunier,F,2024-10-26,2025-01-29,46.56,2,23.28,SEA,25,False,3,307,Électronique,6,315,2,46.56,3,2,2,322,4,Dormant
CLIENT_0216,44,Sainte Margotboeuf,M,2024-09-11,2024-09-15,53.84,4,13.46,Email,8,True,4,427,Maison,2,451,4,53.84,2,4,2,242,1,A risque
CLIENT_0217,61,Delorme,F,2025-06-11,2025-12-09,47.56,1,47.56,Social,15,True,4,0,Mode,7,1,1,47.56,5,1,2,512,2,Potentiel
CLIENT_0218,37,BonninVille,F,2023-01-23,2023-11-06,116.48,4,29.12,Social,15,True,3,746,Mode,3,765,4,116.48,1,4,3,143,1,A risque
CLIENT_0219,73,Deschamps,M,2024-02-15,2024-03-23,59.54,2,29.77,Social,15,True,5,609,Alimentation,7,627,2,59.54,2,2,2,222,4,Dormant
CLIENT_0220,48,Sainte Genevièvenec,M,2024-09-18,2025-12-09,45.58,7,6.51,SEA,25,True,5,0,Électronique,7,1,7,45.58,5,5,2,552,3,Loyal
CLIENT_0221,20,Perret,M,2024-07-17,2024-08-09,67.97,3,22.66,Direct,0,False,3,475,Électronique,8,488,3,67.97,2,3,2,232,1,A risque
CLIENT_0222,30,Perret,M,2024-08-22,2025-12-09,117.44,2,58.72,Direct,0,True,4,0,Loisirs,4,1,2,117.44,5,2,3,523,2,Potentiel
CLIENT_0223,38,Sainte Genevièvenec,F,2024-06-27,2024-06-29,455.54,2,227.77,SEA,25,False,4,503,Mode,5,529,2,455.54,2,2,5,225,4,Dormant
CLIENT_0224,18,Deschamps,M,2025-04-26,2025-12-09,67.75,3,22.58,Social,15,True,4,0,Maison,10,1,3,67.75,5,3,2,532,3,Loyal
CLIENT_0225,42,Peronnec,F,2023-10-17,2024-01-20,43.72,2,21.86,Email,8,True,4,678,Mode,1,690,2,43.72,1,2,2,122,4,Dormant
CLIENT_0226,24,BonninVille,F,2023-01-25,2023-07-13,113.25,4,28.31,Email,8,False,4,860,Mode,4,881,4,113.25,1,4,3,143,1,A risque
CLIENT_0227,49,Techer-la-Forêt,F,2023-11-05,2024-03-22,77.09,1,77.09,Social,15,True,4,622,Maison,5,628,1,77.09,2,1,3,213,4,Dormant
CLIENT_0228,54,Deschamps,F,2025-05-03,2025-12-06,276.53,2,138.26,Email,8,False,5,3,Maison,6,4,2,276.53,4,2,4,424,2,Potentiel
CLIENT_0229,57,Peronnec,M,2025-03-20,2025-04-01,72.53,1,72.53,Reference,5,True,3,234,Alimentation,5,253,1,72.53,3,1,3,313,4,Dormant
CLIENT_0230,49,Leconte-sur-Masson,F,2024-05-28,2024-05-30,3123.55,3,1041.18,Social,15,False,5,540,Alimentation,2,559,3,3123.55,2,3,5,235,0,A risque
CLIENT_0231,27,Deschamps,F,2023-02-27,2025-05-01,60.25,6,10.04,SEA,25,True,5,212,Alimentation,2,223,6,60.25,3,5,2,352,1,A risque
CLIENT_0232,54,Sainte Genevièvenec,M,2025-10-11,2025-12-09,13358.57,1,13358.57,SEA,25,False,5,0,Loisirs,1,1,1,13358.57,5,1,5,515,0,A risque
CLIENT_0233,48,Hubert,M,2023-02-04,2023-02-23,206.15,1,206.15,Email,8,True,3,1006,Loisirs,8,1021,1,206.15,1,1,4,114,4,Dormant
CLIENT_0234,25,Grenier,M,2023-06-10,2024-04-14,34.38,2,17.19,SEA,25,False,5,576,Mode,1,605,2,34.38,2,2,1,221,4,Dormant
CLIENT_0235,53,Deschamps,F,2025-04-22,2025-12-09,1120.83,2,560.41,SEA,25,False,5,0,Alimentation,4,1,2,1120.83,5,2,5,525,2,Potentiel
CLIENT_0236,50,Sainte Christophe,M,2025-10-02,2025-12-09,33.68,5,6.74,Direct,0,True,2,0,Mode,2,1,5,33.68,5,5,1,551,3,Loyal
CLIENT_0237,29,Peronnec,F,2025-07-01,2025-12-09,322.09,4,80.52,Social,15,True,4,0,Loisirs,10,1,4,322.09,5,4,4,544,3,Loyal
CLIENT_0238,28,Grenier,F,2025-06-06,2025-12-09,365.29,2,182.65,Reference,5,True,3,0,Alimentation,5,1,2,365.29,5,2,4,524,2,Potentiel
CLIENT_0239,62,Barbenec,F,2025-02-13,2025-09-01,34.62,3,11.54,SEA,25,True,3,90,Maison,9,100,3,34.62,4,3,1,431,1,A risque
CLIENT_0240,67,Sainte Christophe,M,2024-12-30,2025-08-19,636.91,4,159.23,Direct,0,False,5,101,Loisirs,6,113,4,636.91,4,4,5,445,0,A risque
CLIENT_0241,33,Baudry,F,2024-12-15,2025-06-14,329.25,1,329.25,Email,8,False,5,173,Alimentation,9,179,1,329.25,3,1,4,314,4,Dormant
CLIENT_0242,56,Leconte-sur-Masson,F,2024-10-28,2025-09-18,38.67,2,19.34,SEA,25,True,3,70,Mode,6,83,2,38.67,4,2,1,421,4,Dormant
CLIENT_0243,60,Sainte Christophe,F,2024-10-25,2025-12-09,64.35,1,64.35,Social,15,False,5,0,Loisirs,9,1,1,64.35,5,1,2,512,2,Potentiel
CLIENT_0244,75,Leconte-sur-Masson,M,2024-02-21,2024-03-08,65.93,2,32.97,SEA,25,True,5,617,Mode,8,642,2,65.93,2,2,2,222,4,Dormant
CLIENT_0245,25,Sanchez,M,2025-12-02,2025-12-09,226.26,6,37.71,SEA,25,True,4,0,Maison,5,1,6,226.26,5,5,4,554,3,Loyal
CLIENT_0246,41,BonninVille,F,2024-07-14,2025-10-03,37.36,7,5.34,SEA,25,True,3,56,Électronique,9,68,7,37.36,4,5,1,451,1,A risque
CLIENT_0247,18,Sainte Margotboeuf,M,2025-05-04,2025-05-21,121.74,6,20.29,SEA,25,True,5,189,Alimentation,6,203,6,121.74,3,5,3,353,1,A risque
CLIENT_0248,36,BonninVille,M,2024-12-10,2025-03-25,32.2,3,10.73,Social,15,True,3,254,Maison,3,260,3,32.2,3,3,1,331,1,A risque
CLIENT_0249,18,Gimenez,M,2024-07-28,2025-07-03,110.65,3,36.88,Email,8,True,4,135,Alimentation,1,160,3,110.65,3,3,3,333,1,A risque
CLIENT_0250,44,Deschamps,F,2025-10-02,2025-11-01,40.34,3,13.45,Reference,5,True,3,13,Mode,9,39,3,40.34,4,3,1,431,1,A risque
CLIENT_0251,52,Peronnec,M,2023-06-28,2024-08-26,33.0,1,33.0,Reference,5,True,4,450,Loisirs,10,471,1,33.0,2,1,1,211,4,Dormant
CLIENT_0252,50,Hubert,F,2025-01-20,2025-05-07,36.23,6,6.04,Direct,0,True,4,197,Maison,10,217,6,36.23,3,5,1,351,1,A risque
CLIENT_0253,51,Barbenec,M,2025-08-04,2025-12-09,1450.33,6,241.72,Social,15,False,4,0,Mode,9,1,6,1450.33,5,5,5,555,3,Loyal
CLIENT_0254,52,Grenier,M,2025-08-01,2025-12-09,44.88,1,44.88,Email,8,False,3,0,Alimentation,7,1,1,44.88,5,1,2,512,2,Potentiel
CLIENT_0255,43,CaronBourg,M,2024-08-24,2024-12-30,32.7,1,32.7,Reference,5,True,2,337,Maison,1,345,1,32.7,3,1,1,311,4,Dormant
CLIENT_0256,47,Peronnec,M,2025-09-16,2025-12-09,417.28,1,417.28,SEA,25,True,3,0,Électronique,6,1,1,417.28,5,1,5,515,2,Potentiel
CLIENT_0257,18,Techer-la-Forêt,M,2024-10-18,2025-12-09,540.82,4,135.21,Social,15,False,2,0,Électronique,2,1,4,540.82,5,4,5,545,3,Loyal
CLIENT_0258,39,Deschamps,F,2023-12-21,2025-12-09,118.84,1,118.84,Social,15,True,3,0,Alimentation,3,1,1,118.84,5,1,3,513,2,Potentiel
CLIENT_0259,36,Leconte-sur-Masson,M,2023-06-10,2024-10-28,145.24,2,72.62,Email,8,True,3,395,Mode,5,408,2,145.24,2,2,4,224,4,Dormant
CLIENT_0260,37,Leconte-sur-Masson,F,2023-06-17,2023-06-30,74.2,3,24.73,Social,15,True,3,883,Électronique,7,894,3,74.2,1,3,3,133,1,A risque
CLIENT_0261,45,Sainte Margotboeuf,M,2024-12-27,2025-04-07,35.19,1,35.19,Email,8,False,3,239,Loisirs,2,247,1,35.19,3,1,1,311,4,Dormant
CLIENT_0262,35,Meunier,F,2023-05-29,2023-11-15,66.38,4,16.59,Email,8,True,4,736,Alimentation,3,756,4,66.38,1,4,2,142,1,A risque
CLIENT_0263,48,Leconte-sur-Masson,M,2023-10-04,2024-02-08,191.43,6,31.91,Email,8,False,5,648,Électronique,2,671,6,191.43,1,5,4,154,1,A risque
CLIENT_0264,46,Sanchez,M,2024-04-20,2024-09-29,40.13,3,13.38,Email,8,True,2,411,Électronique,9,437,3,40.13,2,3,1,231,1,A risque
CLIENT_0265,55,Perret,F,2025-11-13,2025-12-09,13750.49,1,13750.49,Social,15,False,5,0,Électronique,10,1,1,13750.49,5,1,5,515,0,A risque
CLIENT_0266,37,Baudry,M,2023-02-06,2024-05-08,56.18,3,18.73,SEA,25,True,3,555,Alimentation,8,581,3,56.18,2,3,2,232,1,A risque
CLIENT_0267,36,Barbenec,M,2024-08-30,2025-12-09,460.05,2,230.03,Social,15,False,5,0,Loisirs,6,1,2,460.05,5,2,5,525,2,Potentiel
CLIENT_0268,52,Deschamps,F,2025-10-14,2025-12-09,79.35,3,26.45,Direct,0,True,3,0,Alimentation,7,1,3,79.35,5,3,3,533,3,Loyal
CLIENT_0269,37,Techer-la-Forêt,M,2024-09-18,2025-08-25,33.06,1,33.06,Email,8,True,3,83,Mode,6,107,1,33.06,4,1,1,411,4,Dormant
CLIENT_0270,47,Deschamps,M,2025-04-01,2025-09-07,47.45,5,9.49,Social,15,False,3,88,Mode,4,94,5,47.45,4,5,2,452,1,A risque
CLIENT_0271,34,Peronnec,M,2022-12-23,2025-12-09,416.9,4,104.22,Social,15,False,4,0,Mode,2,1,4,416.9,5,4,5,545,3,Loyal
CLIENT_0272,63,Deschamps,F,2023-02-20,2024-02-05,539.04,2,269.52,Social,15,False,5,656,Électronique,1,674,2,539.04,1,2,5,125,4,Dormant
CLIENT_0273,57,Maillard,F,2024-05-28,2024-06-16,52.82,2,26.41,SEA,25,True,4,515,Électronique,6,542,2,52.82,2,2,2,222,4,Dormant
CLIENT_0274,64,Deschamps,F,2025-11-19,2025-12-09,3560.0,3,1186.67,Social,15,False,5,0,Électronique,4,1,3,3560.0,5,3,5,535,0,A risque
CLIENT_0275,30,Deschamps,F,2024-02-28,2024-08-05,37.58,1,37.58,Social,15,False,4,467,Mode,4,492,1,37.58,2,1,1,211,4,Dormant
CLIENT_0276,62,BonninVille,F,2024-06-18,2025-04-15,459.57,3,153.19,SEA,25,True,4,218,Mode,5,239,3,459.57,3,3,5,335,0,A risque
CLIENT_0277,18,Sainte Margotboeuf,F,2023-10-19,2024-01-31,103.92,7,14.85,Social,15,True,5,652,Maison,4,679,7,103.92,1,5,3,153,1,A risque
CLIENT_0278,27,Maillard,M,2023-11-20,2025-10-20,618.46,1,618.46,Social,15,False,4,34,Électronique,6,51,1,618.46,4,1,5,415,4,Dormant
CLIENT_0279,43,Grenier,M,2023-10-03,2024-12-30,37.0,1,37.0,Email,8,False,4,328,Loisirs,3,345,1,37.0,3,1,1,311,4,Dormant
CLIENT_0280,59,Perret,M,2025-04-06,2025-09-01,89.23,1,89.23,Reference,5,False,4,77,Alimentation,6,100,1,89.23,4,1,3,413,4,Dormant
CLIENT_0281,59,Sanchez,M,2023-12-04,2024-11-12,56.39,2,28.2,Email,8,True,4,381,Loisirs,4,393,2,56.39,2,2,2,222,4,Dormant
CLIENT_0282,47,BonninVille,F,2023-08-08,2024-07-09,341.26,3,113.75,Social,15,True,5,511,Mode,10,519,3,341.26,2,3,4,234,1,A risque
CLIENT_0283,39,Sainte Genevièvenec,M,2025-09-06,2025-09-24,36.12,3,12.04,Email,8,False,2,71,Mode,3,77,3,36.12,4,3,1,431,1,A risque
CLIENT_0284,23,Techer-la-Forêt,M,2023-04-01,2024-08-11,128.96,4,32.24,SEA,25,False,5,472,Loisirs,3,486,4,128.96,2,4,3,243,1,A risque
CLIENT_0285,34,Deschamps,F,2023-02-24,2024-01-28,55.31,4,13.83,SEA,25,True,3,656,Maison,3,682,4,55.31,1,4,2,142,1,A risque
CLIENT_0286,39,Baudry,F,2023-02-13,2024-10-23,81.77,1,81.77,Social,15,False,3,392,Loisirs,10,413,1,81.77,2,1,3,213,4,Dormant
CLIENT_0287,42,Hubert,M,2024-07-04,2025-04-07,128.24,2,64.12,Social,15,True,4,245,Loisirs,1,247,2,128.24,3,2,3,323,4,Dormant
CLIENT_0288,62,Leconte-sur-Masson,M,2024-11-06,2024-12-07,36.88,2,18.44,Social,15,False,4,354,Électronique,2,368,2,36.88,3,2,1,321,4,Dormant
CLIENT_0289,55,Leconte-sur-Masson,M,2023-02-14,2024-04-11,130.78,2,65.39,Social,15,False,4,577,Loisirs,2,608,2,130.78,2,2,4,224,4,Dormant
CLIENT_0290,25,Delorme,M,2023-01-11,2023-03-10,253.45,1,253.45,Direct,0,True,4,1000,Mode,5,1006,1,253.45,1,1,4,114,4,Dormant
CLIENT_0291,45,Maillard,M,2025-11-25,2025-12-09,121.0,2,60.5,Direct,0,True,3,0,Alimentation,7,1,2,121.0,5,2,3,523,2,Potentiel
CLIENT_0292,36,Meunier,F,2025-10-17,2025-12-09,555.0,5,111.0,Email,8,False,5,0,Maison,7,1,5,555.0,5,5,5,555,3,Loyal
CLIENT_0293,48,Maillard,F,2025-11-23,2025-12-09,31.08,6,5.18,Email,8,False,3,0,Alimentation,3,1,6,31.08,5,5,1,551,3,Loyal
CLIENT_0294,27,Baudry,F,2023-05-18,2025-11-17,1080.56,2,540.28,Email,8,True,5,20,Maison,8,23,2,1080.56,4,2,5,425,0,A risque
CLIENT_0295,65,Deschamps,M,2023-01-23,2023-02-07,35.63,1,35.63,SEA,25,True,5,1012,Électronique,5,1037,1,35.63,1,1,1,111,4,Dormant
CLIENT_0296,18,Deschamps,F,2024-08-02,2025-12-09,29626.59,4,7406.65,Email,8,False,5,0,Alimentation,9,1,4,29626.59,5,4,5,545,0,A risque
CLIENT_0297,34,Barbenec,F,2025-12-05,2025-12-09,166.07,3,55.36,Social,15,True,3,0,Électronique,2,1,3,166.07,5,3,4,534,3,Loyal
CLIENT_0298,47,Maillard,F,2025-06-07,2025-06-22,148.86,2,74.43,Email,8,True,4,158,Maison,2,171,2,148.86,3,2,4,324,4,Dormant
CLIENT_0299,61,BonninVille,M,2023-11-18,2025-12-09,266.38,4,66.59,Email,8,True,5,0,Loisirs,1,1,4,266.38,5,4,4,544,3,Loyal
CLIENT_0300,46,Gimenez,M,2025-07-09,2025-12-09,112.94,3,37.65,SEA,25,False,4,0,Maison,8,1,3,112.94,5,3,3,533,3,Loyal
CLIENT_0301,60,Sainte Genevièvenec,M,2024-11-12,2025-08-10,125.17,2,62.59,Email,8,True,3,104,Alimentation,8,122,2,125.17,4,2,3,423,4,Dormant
CLIENT_0302,37,Deschamps,F,2024-12-12,2025-12-09,72.78,2,36.39,SEA,25,True,2,0,Maison,6,1,2,72.78,5,2,3,523,2,Potentiel
CLIENT_0303,67,CaronBourg,F,2025-12-02,2025-12-09,52.55,1,52.55,Social,15,True,2,0,Alimentation,7,1,1,52.55,5,1,2,512,2,Potentiel
CLIENT_0304,29,BonninVille,F,2024-11-08,2024-12-18,48.85,3,16.28,SEA,25,True,4,340,Mode,3,357,3,48.85,3,3,2,332,1,A risque
CLIENT_0305,46,BonninVille,M,2025-05-25,2025-08-27,43.39,2,21.7,SEA,25,True,5,79,Électronique,7,105,2,43.39,4,2,2,422,4,Dormant
CLIENT_0306,53,Deschamps,F,2024-09-27,2025-12-09,30.71,4,7.68,Social,15,True,4,0,Maison,7,1,4,30.71,5,4,1,541,3,Loyal
CLIENT_0307,55,Sanchez,F,2025-11-18,2025-12-09,44.29,2,22.14,Direct,0,True,4,0,Maison,3,1,2,44.29,5,2,2,522,2,Potentiel
CLIENT_0308,34,Meunier,F,2025-10-26,2025-12-09,200.89,3,66.96,Reference,5,True,3,0,Alimentation,5,1,3,200.89,5,3,4,534,3,Loyal
CLIENT_0309,51,Hubert,F,2025-07-19,2025-12-09,264.85,3,88.28,Email,8,True,5,0,Loisirs,5,1,3,264.85,5,3,4,534,3,Loyal
CLIENT_0310,32,BonninVille,F,2023-08-04,2025-07-24,64.84,5,12.97,Social,15,True,2,113,Alimentation,8,139,5,64.84,4,5,2,452,1,A risque
CLIENT_0311,42,BonninVille,F,2023-03-01,2024-11-05,389.05,2,194.53,Email,8,False,4,370,Électronique,7,400,2,389.05,2,2,5,225,4,Dormant
CLIENT_0312,73,BonninVille,F,2023-07-15,2025-02-26,38.37,6,6.39,Email,8,False,3,277,Maison,1,287,6,38.37,3,5,1,351,1,A risque
CLIENT_0313,28,Leconte-sur-Masson,M,2025-06-07,2025-06-24,246.6,3,82.2,Direct,0,False,4,148,Électronique,2,169,3,246.6,3,3,4,334,1,A risque
CLIENT_0314,61,Gimenez,M,2022-12-31,2025-03-18,2773.83,4,693.46,Direct,0,True,4,246,Mode,2,267,4,2773.83,3,4,5,345,0,A risque
CLIENT_0315,23,Sanchez,F,2023-05-10,2023-07-28,217.3,4,54.33,Email,8,False,3,845,Électronique,1,866,4,217.3,1,4,4,144,1,A risque
CLIENT_0316,20,Hubert,F,2025-11-03,2025-12-09,73.5,1,73.5,Email,8,True,4,0,Électronique,8,1,1,73.5,5,1,3,513,2,Potentiel
CLIENT_0317,18,Baudry,M,2023-12-30,2024-06-10,83.27,3,27.76,Direct,0,True,5,541,Électronique,5,548,3,83.27,2,3,3,233,1,A risque
CLIENT_0318,56,CaronBourg,M,2025-08-16,2025-12-09,99.51,6,16.59,Direct,0,False,2,0,Loisirs,2,1,6,99.51,5,5,3,553,3,Loyal
CLIENT_0319,41,Delorme,F,2023-09-11,2025-09-29,36.3,2,18.15,Social,15,False,3,47,Mode,6,72,2,36.3,4,2,1,421,4,Dormant
CLIENT_0320,29,Maillard,M,2023-05-11,2025-01-03,30.5,6,5.08,Email,8,True,1,327,Électronique,4,341,6,30.5,3,5,1,351,1,A risque
CLIENT_0321,33,Barbenec,M,2024-09-23,2024-12-13,517.37,2,258.69,Social,15,True,5,345,Électronique,8,362,2,517.37,3,2,5,325,4,Dormant
CLIENT_0322,19,Baudry,F,2023-04-25,2025-04-01,93.05,1,93.05,Email,8,False,4,237,Mode,7,253,1,93.05,3,1,3,313,4,Dormant
CLIENT_0323,53,Baudry,F,2024-12-17,2024-12-23,325.67,1,325.67,Social,15,False,5,345,Maison,1,352,1,325.67,3,1,4,314,4,Dormant
CLIENT_0324,36,Sainte Christophe,F,2023-08-20,2025-11-16,1635.54,3,545.18,Email,8,True,5,10,Maison,4,24,3,1635.54,4,3,5,435,0,A risque
CLIENT_0325,34,BonninVille,F,2025-01-03,2025-08-01,425.89,3,141.96,Social,15,True,5,112,Maison,1,131,3,425.89,4,3,5,435,0,A risque
CLIENT_0326,34,Grenier,M,2023-02-05,2023-03-23,331.73,2,165.87,Email,8,False,4,967,Alimentation,3,993,2,331.73,1,2,4,124,4,Dormant
CLIENT_0327,34,CaronBourg,M,2023-04-12,2024-02-01,470.58,1,470.58,Reference,5,True,4,672,Mode,7,678,1,470.58,1,1,5,115,4,Dormant
CLIENT_0328,48,Gimenez,M,2025-03-24,2025-07-09,166.82,4,41.7,Social,15,True,5,136,Mode,2,154,4,166.82,3,4,4,344,1,A risque
CLIENT_0329,44,Grenier,M,2024-09-14,2024-10-06,125.26,3,41.75,Social,15,True,2,406,Électronique,1,430,3,125.26,2,3,3,233,1,A risque
CLIENT_0330,48,CaronBourg,F,2025-06-15,2025-12-09,44.05,5,8.81,Reference,5,True,3,0,Maison,2,1,5,44.05,5,5,2,552,3,Loyal
CLIENT_0331,43,Leconte-sur-Masson,F,2024-03-11,2024-11-25,32.94,2,16.47,Email,8,False,3,354,Loisirs,10,380,2,32.94,3,2,1,321,4,Dormant
CLIENT_0332,18,Gimenez,F,2025-05-15,2025-12-09,115.04,2,57.52,Direct,0,False,3,0,Mode,3,1,2,115.04,5,2,3,523,2,Potentiel
CLIENT_0333,18,Leconte-sur-Masson,F,2023-09-16,2024-03-11,31.03,1,31.03,Social,15,True,4,632,Loisirs,6,639,1,31.03,2,1,1,211,4,Dormant
CLIENT_0334,22,CaronBourg,F,2025-04-30,2025-08-11,299.6,5,59.92,Email,8,True,5,108,Mode,1,121,5,299.6,4,5,4,454,1,A risque
CLIENT_0335,24,Perret,F,2025-04-28,2025-04-28,32.07,5,6.41,Social,15,False,4,223,Loisirs,8,226,5,32.07,3,5,1,351,1,A risque
CLIENT_0336,18,Barbenec,F,2025-05-28,2025-07-01,650.4,2,325.2,Email,8,True,5,143,Loisirs,5,162,2,650.4,3,2,5,325,0,A risque
CLIENT_0337,41,Meunier,M,2023-06-17,2024-07-25,401.23,1,401.23,Social,15,True,4,477,Maison,8,503,1,401.23,2,1,5,215,4,Dormant
CLIENT_0338,49,Sainte Christophe,F,2024-08-19,2025-12-09,249.22,3,83.07,SEA,25,False,2,0,Alimentation,3,1,3,249.22,5,3,4,534,3,Loyal
CLIENT_0339,29,Peronnec,M,2023-10-22,2025-09-07,128.73,1,128.73,SEA,25,False,4,88,Maison,3,94,1,128.73,4,1,3,413,4,Dormant
CLIENT_0340,33,Sainte Margotboeuf,M,2025-02-06,2025-03-22,262.75,4,65.69,Email,8,False,4,245,Maison,6,263,4,262.75,3,4,4,344,1,A risque
CLIENT_0341,18,Maillard,F,2024-06-07,2024-10-04,278.12,1,278.12,Reference,5,True,5,419,Mode,7,432,1,278.12,2,1,4,214,4,Dormant
CLIENT_0342,31,BonninVille,F,2024-12-05,2025-02-02,52.03,5,10.41,SEA,25,True,4,300,Électronique,4,311,5,52.03,3,5,2,352,1,A risque
CLIENT_0343,42,Sainte Genevièvenec,M,2025-10-12,2025-12-09,36.98,1,36.98,Social,15,True,3,0,Mode,2,1,1,36.98,5,1,1,511,2,Potentiel
CLIENT_0344,36,Deschamps,M,2024-11-25,2025-10-09,61.54,5,12.31,Direct,0,True,3,60,Maison,8,62,5,61.54,4,5,2,452,1,A risque
CLIENT_0345,57,Hubert,M,2025-05-03,2025-08-03,40.91,1,40.91,Social,15,True,3,111,Électronique,5,129,1,40.91,4,1,1,411,4,Dormant
CLIENT_0346,24,Sainte Christophe,M,2023-09-08,2025-08-18,289.6,3,96.53,Social,15,True,4,88,Loisirs,7,114,3,289.6,4,3,4,434,1,A risque
CLIENT_0347,61,Sanchez,M,2025-05-13,2025-12-09,50.87,4,12.72,Email,8,True,4,0,Loisirs,5,1,4,50.87,5,4,2,542,3,Loyal
CLIENT_0348,21,Sainte Margotboeuf,F,2022-12-15,2023-06-13,48.73,4,12.18,Reference,5,False,3,903,Maison,10,911,4,48.73,1,4,2,142,1,A risque
CLIENT_0349,39,Meunier,F,2025-09-05,2025-12-09,1764.02,2,882.01,Direct,0,False,5,0,Mode,10,1,2,1764.02,5,2,5,525,0,A risque
CLIENT_0350,48,Leconte-sur-Masson,M,2023-11-03,2025-01-11,2487.8,3,829.27,Email,8,True,5,314,Mode,6,333,3,2487.8,3,3,5,335,0,A risque
CLIENT_0351,58,Baudry,M,2025-05-25,2025-12-09,45.27,4,11.32,Direct,0,False,3,0,Loisirs,4,1,4,45.27,5,4,2,542,3,Loyal
CLIENT_0352,36,Maillard,F,2024-09-27,2024-10-15,129.05,4,32.26,Email,8,False,2,412,Loisirs,7,421,4,129.05,2,4,3,243,1,A risque
CLIENT_0353,41,Sainte Christophe,M,2024-06-01,2025-07-22,55.78,4,13.95,Direct,0,False,3,113,Loisirs,4,141,4,55.78,4,4,2,442,1,A risque
CLIENT_0354,51,Hubert,M,2024-08-29,2024-10-03,31.58,3,10.53,Reference,5,True,4,410,Loisirs,5,433,3,31.58,2,3,1,231,1,A risque
CLIENT_0355,41,Meunier,M,2024-02-05,2024-04-03,99.58,3,33.19,SEA,25,True,1,589,Mode,2,616,3,99.58,2,3,3,233,1,A risque
CLIENT_0356,20,Meunier,F,2023-10-24,2025-12-09,32.69,2,16.34,Email,8,True,3,0,Électronique,9,1,2,32.69,5,2,1,521,2,Potentiel
CLIENT_0357,34,Sainte Christophe,F,2025-01-25,2025-09-30,36.56,5,7.31,Email,8,False,2,64,Mode,5,71,5,36.56,4,5,1,451,1,A risque
CLIENT_0358,54,Meunier,F,2024-12-19,2025-12-09,540.93,5,108.19,Email,8,True,5,0,Loisirs,4,1,5,540.93,5,5,5,555,3,Loyal
CLIENT_0359,67,Techer-la-Forêt,M,2024-11-24,2025-12-09,153.99,6,25.67,Social,15,True,4,0,Loisirs,3,1,6,153.99,5,5,4,554,3,Loyal
CLIENT_0360,44,Gimenez,M,2025-06-07,2025-12-09,735.34,3,245.11,Email,8,False,3,0,Mode,9,1,3,735.34,5,3,5,535,3,Loyal
CLIENT_0361,27,Sainte Genevièvenec,M,2023-04-03,2023-04-12,47.36,1,47.36,Social,15,True,4,970,Alimentation,3,973,1,47.36,1,1,2,112,4,Dormant
CLIENT_0362,58,Gimenez,M,2025-02-27,2025-03-01,171.2,5,34.24,Email,8,True,3,271,Mode,7,284,5,171.2,3,5,4,354,1,A risque
CLIENT_0363,25,CaronBourg,M,2025-07-26,2025-12-09,113.68,5,22.74,SEA,25,True,4,0,Loisirs,6,1,5,113.68,5,5,3,553,3,Loyal
CLIENT_0364,46,Sainte Margotboeuf,F,2025-05-13,2025-09-01,13946.17,4,3486.54,Email,8,False,5,81,Loisirs,7,100,4,13946.17,4,4,5,445,0,A risque
CLIENT_0365,36,Hubert,F,2025-02-07,2025-07-08,208.12,5,41.62,Reference,5,True,4,125,Électronique,7,155,5,208.12,3,5,4,354,1,A risque
CLIENT_0366,48,Peronnec,M,2025-02-15,2025-12-09,253.97,1,253.97,SEA,25,True,4,0,Loisirs,8,1,1,253.97,5,1,4,514,2,Potentiel
CLIENT_0367,22,Sainte Margotboeuf,M,2023-05-14,2024-11-23,63.06,2,31.53,Direct,0,False,3,356,Maison,4,382,2,63.06,3,2,2,322,4,Dormant
CLIENT_0368,30,Sanchez,M,2025-01-21,2025-07-18,261.16,6,43.53,Direct,0,False,4,129,Maison,3,145,6,261.16,3,5,4,354,1,A risque
CLIENT_0369,18,Sainte Genevièvenec,F,2024-03-26,2025-01-19,101.51,1,101.51,Direct,0,True,3,322,Électronique,4,325,1,101.51,3,1,3,313,4,Dormant
CLIENT_0370,22,Sainte Margotboeuf,M,2024-07-29,2024-09-20,54.9,4,13.72,Social,15,True,3,437,Maison,1,446,4,54.9,2,4,2,242,1,A risque
CLIENT_0371,31,Sanchez,M,2024-01-09,2024-02-04,77.69,2,38.84,Social,15,False,5,657,Électronique,6,675,2,77.69,1,2,3,123,4,Dormant
CLIENT_0372,34,Perret,F,2025-02-20,2025-12-09,77.85,3,25.95,SEA,25,False,5,0,Mode,5,1,3,77.85,5,3,3,533,3,Loyal
CLIENT_0373,35,Perret,M,2023-10-23,2023-11-28,275.99,4,69.0,Direct,0,True,3,723,Alimentation,1,743,4,275.99,1,4,4,144,1,A risque
CLIENT_0374,33,Techer-la-Forêt,F,2025-08-31,2025-12-09,1018.02,4,254.5,Social,15,True,4,0,Mode,2,1,4,1018.02,5,4,5,545,3,Loyal
CLIENT_0375,42,Peronnec,M,2024-07-19,2025-10-23,3996.63,3,1332.21,Direct,0,False,5,45,Mode,5,48,3,3996.63,4,3,5,435,0,A risque
CLIENT_0376,60,Grenier,F,2025-02-19,2025-06-12,37.5,1,37.5,SEA,25,True,2,160,Maison,8,181,1,37.5,3,1,1,311,4,Dormant
CLIENT_0377,39,Perret,F,2024-06-09,2025-02-19,38.37,4,9.59,SEA,25,True,4,272,Maison,8,294,4,38.37,3,4,1,341,1,A risque
CLIENT_0378,18,Deschamps,M,2023-09-03,2024-05-22,42.33,1,42.33,Social,15,True,3,544,Électronique,8,567,1,42.33,2,1,1,211,4,Dormant
CLIENT_0379,41,Deschamps,F,2022-12-12,2023-08-03,52.36,6,8.73,Social,15,False,2,850,Loisirs,9,860,6,52.36,1,5,2,152,1,A risque
CLIENT_0380,52,Delorme,M,2025-05-22,2025-06-24,489.94,5,97.99,SEA,25,False,5,162,Loisirs,1,169,5,489.94,3,5,5,355,1,A risque
CLIENT_0381,39,Deschamps,M,2025-06-10,2025-12-09,41.41,3,13.8,SEA,25,True,3,0,Loisirs,4,1,3,41.41,5,3,1,531,3,Loyal
CLIENT_0382,21,Deschamps,M,2024-02-28,2025-04-25,55.61,4,13.9,SEA,25,True,4,206,Alimentation,7,229,4,55.61,3,4,2,342,1,A risque
CLIENT_0383,36,Delorme,M,2025-04-28,2025-12-09,45.69,3,15.23,Reference,5,True,4,0,Loisirs,9,1,3,45.69,5,3,2,532,3,Loyal
CLIENT_0384,48,BonninVille,M,2024-09-01,2025-03-01,272.07,2,136.03,Social,15,True,5,266,Mode,9,284,2,272.07,3,2,4,324,4,Dormant
CLIENT_0385,20,Leconte-sur-Masson,F,2025-11-20,2025-12-09,41.11,2,20.55,Social,15,True,3,0,Maison,2,1,2,41.11,5,2,1,521,2,Potentiel
CLIENT_0386,56,Delorme,M,2025-07-18,2025-12-09,51.28,4,12.82,Social,15,True,5,0,Alimentation,5,1,4,51.28,5,4,2,542,3,Loyal
CLIENT_0387,45,Delorme,F,2025-02-19,2025-12-09,159.6,3,53.2,Social,15,True,5,0,Mode,9,1,3,159.6,5,3,4,534,3,Loyal
CLIENT_0388,37,Techer-la-Forêt,M,2023-03-16,2023-05-13,30.36,2,15.18,SEA,25,False,3,921,Maison,8,942,2,30.36,1,2,1,121,4,Dormant
CLIENT_0389,61,Meunier,M,2025-10-03,2025-12-09,102.57,2,51.28,Email,8,True,4,0,Mode,2,1,2,102.57,5,2,3,523,2,Potentiel
CLIENT_0390,40,BonninVille,M,2025-07-11,2025-07-28,30.95,4,7.74,Reference,5,True,3,130,Mode,10,135,4,30.95,4,4,1,441,1,A risque
CLIENT_0391,55,Sainte Genevièvenec,M,2024-01-11,2024-02-02,63.37,6,10.56,Email,8,False,4,659,Loisirs,2,677,6,63.37,1,5,2,152,1,A risque
CLIENT_0392,45,Hubert,M,2025-11-08,2025-12-09,51.53,2,25.77,SEA,25,False,3,0,Électronique,9,1,2,51.53,5,2,2,522,2,Potentiel
CLIENT_0393,49,BonninVille,M,2025-11-18,2025-12-09,3828.77,3,1276.26,Email,8,False,5,0,Électronique,1,1,3,3828.77,5,3,5,535,0,A risque
CLIENT_0394,65,Sanchez,F,2024-03-05,2024-05-15,47.06,4,11.77,Direct,0,False,3,551,Électronique,2,574,4,47.06,2,4,2,242,1,A risque
CLIENT_0395,47,Deschamps,M,2024-07-01,2025-01-17,120.52,6,20.09,Reference,5,True,3,298,Mode,6,327,6,120.52,3,5,3,353,1,A risque
CLIENT_0396,37,Maillard,F,2024-04-24,2024-06-04,65.81,2,32.91,SEA,25,False,5,526,Électronique,4,554,2,65.81,2,2,2,222,4,Dormant
CLIENT_0397,50,BonninVille,F,2024-05-22,2024-06-17,31389.76,3,10463.25,Email,8,False,5,521,Loisirs,5,541,3,31389.76,2,3,5,235,0,A risque
CLIENT_0398,47,Hubert,F,2024-12-12,2025-03-07,47789.06,3,15929.69,Social,15,True,5,255,Loisirs,10,278,3,47789.06,3,3,5,335,0,A risque
CLIENT_0399,36,Gimenez,F,2025-01-15,2025-04-19,777.47,4,194.37,SEA,25,True,5,212,Mode,2,235,4,777.47,3,4,5,345,0,A risque
CLIENT_0400,59,Delorme,M,2025-07-10,2025-12-09,31.95,2,15.97,Direct,0,True,3,0,Loisirs,7,1,2,31.95,5,2,1,521,2,Potentiel
CLIENT_0401,30,Meunier,M,2025-05-23,2025-12-09,66.02,5,13.2,Reference,5,True,4,0,Électronique,3,1,5,66.02,5,5,2,552,3,Loyal
CLIENT_0402,41,Meunier,F,2024-07-24,2025-02-16,33.99,4,8.5,Email,8,False,3,277,Maison,3,297,4,33.99,3,4,1,341,1,A risque
CLIENT_0403,23,BonninVille,M,2025-09-20,2025-12-09,48.8,6,8.13,Email,8,True,4,0,Mode,4,1,6,48.8,5,5,2,552,3,Loyal
CLIENT_0404,56,Maillard,M,2025-09-01,2025-12-01,957.01,2,478.5,Social,15,False,5,0,Mode,4,9,2,957.01,4,2,5,425,0,A risque
CLIENT_0405,35,Deschamps,M,2023-07-15,2023-12-08,73.92,1,73.92,Direct,0,True,3,730,Mode,2,733,1,73.92,1,1,3,113,4,Dormant
CLIENT_0406,57,Sanchez,M,2025-05-13,2025-11-22,63.36,4,15.84,Social,15,False,3,0,Électronique,7,18,4,63.36,4,4,2,442,3,Loyal
CLIENT_0407,72,Gimenez,M,2023-07-24,2024-02-09,59.07,1,59.07,Social,15,False,5,643,Mode,1,670,1,59.07,1,1,2,112,4,Dormant
CLIENT_0408,39,Deschamps,F,2025-01-16,2025-12-09,58.3,2,29.15,Social,15,True,3,0,Mode,9,1,2,58.3,5,2,2,522,2,Potentiel
CLIENT_0409,61,Delorme,M,2025-04-29,2025-12-09,32.81,4,8.2,SEA,25,True,3,0,Mode,1,1,4,32.81,5,4,1,541,3,Loyal
CLIENT_0410,18,Deschamps,F,2023-01-05,2023-05-27,2166.03,5,433.21,Reference,5,False,5,909,Maison,3,928,5,2166.03,1,5,5,155,0,A risque
CLIENT_0411,56,Gimenez,F,2023-10-05,2023-11-10,131.58,3,43.86,SEA,25,True,4,740,Loisirs,4,761,3,131.58,1,3,4,134,1,A risque
CLIENT_0412,30,BonninVille,M,2022-12-31,2024-02-08,36.98,2,18.49,Email,8,True,4,661,Alimentation,3,671,2,36.98,1,2,1,121,4,Dormant
CLIENT_0413,53,BonninVille,F,2025-06-23,2025-10-08,48.35,2,24.18,Direct,0,True,4,43,Alimentation,5,63,2,48.35,4,2,2,422,4,Dormant
CLIENT_0414,19,Sainte Christophe,M,2024-10-31,2024-12-22,1112.13,1,1112.13,Social,15,False,5,341,Maison,2,353,1,1112.13,3,1,5,315,0,A risque
CLIENT_0415,53,Gimenez,F,2023-01-12,2023-01-19,448.64,2,224.32,Social,15,True,3,1051,Mode,8,1056,2,448.64,1,2,5,125,4,Dormant
CLIENT_0416,42,Delorme,F,2025-04-24,2025-05-17,227.27,3,75.76,Direct,0,False,5,179,Alimentation,2,207,3,227.27,3,3,4,334,1,A risque
CLIENT_0417,55,Sainte Christophe,F,2023-11-12,2024-02-04,2626.16,1,2626.16,Direct,0,True,5,660,Mode,9,675,1,2626.16,1,1,5,115,0,A risque
CLIENT_0418,30,Sainte Christophe,F,2024-10-20,2024-11-03,41.46,2,20.73,Direct,0,True,5,395,Loisirs,5,402,2,41.46,2,2,1,221,4,Dormant
CLIENT_0419,20,Peronnec,F,2024-01-04,2024-11-14,863.77,3,287.92,Direct,0,False,5,374,Alimentation,2,391,3,863.77,2,3,5,235,0,A risque
CLIENT_0420,33,Deschamps,F,2024-07-19,2024-09-15,59.58,1,59.58,Social,15,True,3,432,Alimentation,5,451,1,59.58,2,1,2,212,4,Dormant
CLIENT_0421,38,Baudry,M,2023-06-01,2023-12-26,23019.75,1,23019.75,Reference,5,False,5,685,Mode,9,715,1,23019.75,1,1,5,115,0,A risque
CLIENT_0422,31,Peronnec,F,2023-08-13,2024-05-31,142.15,4,35.54,Reference,5,True,5,527,Maison,1,558,4,142.15,2,4,4,244,1,A risque
CLIENT_0423,47,Perret,M,2024-10-09,2025-12-09,57.01,3,19.0,Social,15,False,3,0,Alimentation,8,1,3,57.01,5,3,2,532,3,Loyal
CLIENT_0424,40,Barbenec,F,2024-06-05,2024-06-09,63.59,6,10.6,SEA,25,True,3,535,Maison,10,549,6,63.59,2,5,2,252,1,A risque
CLIENT_0425,36,BonninVille,M,2025-09-16,2025-12-09,79.4,4,19.85,Email,8,False,4,0,Loisirs,7,1,4,79.4,5,4,3,543,3,Loyal
CLIENT_0426,27,Sainte Christophe,M,2024-07-23,2024-11-01,48.18,4,12.04,Social,15,True,3,393,Électronique,10,404,4,48.18,2,4,2,242,1,A risque
CLIENT_0427,31,Maillard,F,2024-08-06,2025-12-09,2004.51,4,501.13,Email,8,False,5,0,Loisirs,8,1,4,2004.51,5,4,5,545,0,A risque
CLIENT_0428,59,Sainte Margotboeuf,M,2023-02-19,2025-02-18,44.38,1,44.38,Email,8,False,3,290,Mode,6,295,1,44.38,3,1,2,312,4,Dormant
CLIENT_0429,50,BonninVille,M,2023-09-29,2024-04-29,50.24,5,10.05,Direct,0,True,5,576,Alimentation,8,590,5,50.24,2,5,2,252,1,A risque
CLIENT_0430,56,Gimenez,F,2025-04-30,2025-12-09,33.24,3,11.08,Direct,0,False,3,0,Loisirs,7,1,3,33.24,5,3,1,531,3,Loyal
CLIENT_0431,20,Peronnec,F,2023-03-13,2024-05-16,96.89,2,48.45,Email,8,True,3,550,Électronique,5,573,2,96.89,2,2,3,223,4,Dormant
CLIENT_0432,49,Sainte Genevièvenec,F,2024-05-24,2025-08-14,118.82,2,59.41,Direct,0,True,2,104,Alimentation,4,118,2,118.82,4,2,3,423,4,Dormant
CLIENT_0433,41,Hubert,F,2024-06-27,2024-07-17,114.24,5,22.85,Reference,5,False,3,508,Alimentation,6,511,5,114.24,2,5,3,253,1,A risque
CLIENT_0434,50,Peronnec,M,2025-10-10,2025-12-09,33.89,9,3.77,Direct,0,True,4,0,Alimentation,3,1,9,33.89,5,5,1,551,3,Loyal
CLIENT_0435,75,BonninVille,M,2024-06-19,2025-12-09,67.2,4,16.8,Social,15,True,3,0,Maison,5,1,4,67.2,5,4,2,542,3,Loyal
CLIENT_0436,36,Maillard,M,2023-01-20,2023-10-27,27736.44,1,27736.44,Email,8,False,5,770,Loisirs,9,775,1,27736.44,1,1,5,115,0,A risque
CLIENT_0437,26,Meunier,M,2023-04-27,2023-05-06,35.16,4,8.79,Social,15,False,2,944,Alimentation,2,949,4,35.16,1,4,1,141,1,A risque
CLIENT_0438,41,Meunier,M,2023-09-26,2023-10-21,63.03,2,31.52,SEA,25,True,4,755,Électronique,7,781,2,63.03,1,2,2,122,4,Dormant
CLIENT_0439,39,Sainte Genevièvenec,M,2024-01-27,2025-12-09,117.39,5,23.48,SEA,25,False,5,0,Électronique,1,1,5,117.39,5,5,3,553,3,Loyal
CLIENT_0440,75,Deschamps,M,2023-10-20,2024-03-05,32.85,4,8.21,Direct,0,True,4,639,Loisirs,4,645,4,32.85,1,4,1,141,1,A risque
CLIENT_0441,38,Meunier,M,2024-04-03,2024-04-04,34.38,2,17.19,Email,8,False,3,594,Maison,8,615,2,34.38,2,2,1,221,4,Dormant
CLIENT_0442,54,Delorme,F,2025-09-05,2025-12-09,72.34,1,72.34,SEA,25,True,4,0,Électronique,8,1,1,72.34,5,1,3,513,2,Potentiel
CLIENT_0443,53,Gimenez,F,2023-03-20,2023-03-29,345.23,4,86.31,Email,8,True,5,985,Mode,10,987,4,345.23,1,4,4,144,1,A risque
CLIENT_0444,41,Sainte Margotboeuf,M,2025-09-05,2025-12-09,33.09,5,6.62,Social,15,True,2,0,Maison,6,1,5,33.09,5,5,1,551,3,Loyal
CLIENT_0445,75,Barbenec,F,2025-09-22,2025-12-09,289.33,5,57.87,Social,15,True,3,0,Maison,9,1,5,289.33,5,5,4,554,3,Loyal
CLIENT_0446,65,Sanchez,M,2023-11-06,2023-12-05,94.46,2,47.23,SEA,25,False,3,718,Mode,2,736,2,94.46,1,2,3,123,4,Dormant
CLIENT_0447,25,Sainte Christophe,F,2025-03-09,2025-07-03,38.2,3,12.73,Email,8,False,3,137,Maison,8,160,3,38.2,3,3,1,331,1,A risque
CLIENT_0448,59,Delorme,F,2025-03-14,2025-04-03,37.96,4,9.49,Direct,0,False,3,234,Alimentation,3,251,4,37.96,3,4,1,341,1,A risque
CLIENT_0449,40,Gimenez,F,2025-01-18,2025-12-09,44.23,4,11.06,Email,8,True,3,0,Alimentation,1,1,4,44.23,5,4,2,542,3,Loyal
CLIENT_0450,56,Perret,M,2023-09-15,2024-02-05,54.72,6,9.12,SEA,25,True,3,652,Mode,10,674,6,54.72,1,5,2,152,1,A risque
CLIENT_0451,36,BonninVille,F,2025-04-01,2025-07-13,353.25,2,176.62,Email,8,True,5,124,Maison,1,150,2,353.25,3,2,4,324,4,Dormant
CLIENT_0452,38,Hubert,M,2024-11-27,2025-01-18,119.29,1,119.29,Reference,5,True,5,323,Électronique,10,326,1,119.29,3,1,3,313,4,Dormant
CLIENT_0453,42,Maillard,M,2023-04-18,2023-10-06,297.6,3,99.2,SEA,25,True,3,772,Loisirs,9,796,3,297.6,1,3,4,134,1,A risque
CLIENT_0454,33,Perret,M,2025-10-01,2025-12-09,139.21,2,69.61,Email,8,True,4,0,Loisirs,5,1,2,139.21,5,2,4,524,2,Potentiel
CLIENT_0455,34,Deschamps,M,2024-01-13,2024-03-07,76.52,4,19.13,Direct,0,True,4,636,Maison,1,643,4,76.52,1,4,3,143,1,A risque
CLIENT_0456,18,Deschamps,F,2023-02-13,2024-09-28,119.8,2,59.9,Direct,0,True,5,432,Électronique,7,438,2,119.8,2,2,3,223,4,Dormant
CLIENT_0457,30,Gimenez,F,2025-08-10,2025-10-23,84.92,4,21.23,Social,15,True,3,42,Électronique,4,48,4,84.92,4,4,3,443,1,A risque
CLIENT_0458,40,Delorme,F,2023-02-19,2023-11-19,475.36,5,95.07,Email,8,True,5,736,Loisirs,1,752,5,475.36,1,5,5,155,1,A risque
CLIENT_0459,50,Grenier,M,2023-03-09,2025-02-10,39.84,2,19.92,Email,8,False,3,282,Mode,9,303,2,39.84,3,2,1,321,4,Dormant
CLIENT_0460,54,CaronBourg,F,2024-09-09,2025-03-07,137.58,1,137.58,Social,15,False,5,261,Alimentation,3,278,1,137.58,3,1,4,314,4,Dormant
CLIENT_0461,18,Sainte Christophe,M,2025-09-21,2025-12-09,5857.27,1,5857.27,SEA,25,True,5,0,Électronique,2,1,1,5857.27,5,1,5,515,0,A risque
CLIENT_0462,27,Grenier,M,2023-09-29,2024-01-30,58.28,2,29.14,Email,8,True,3,654,Loisirs,5,680,2,58.28,1,2,2,122,4,Dormant
CLIENT_0463,29,Leconte-sur-Masson,M,2025-12-04,2025-12-09,36.18,6,6.03,Direct,0,True,4,0,Mode,10,1,6,36.18,5,5,1,551,3,Loyal
CLIENT_0464,28,BonninVille,F,2024-01-05,2024-04-05,32.81,4,8.2,Social,15,False,1,603,Loisirs,3,614,4,32.81,2,4,1,241,1,A risque
CLIENT_0465,21,Deschamps,F,2024-05-06,2024-06-07,487.02,5,97.4,SEA,25,True,5,542,Maison,10,551,5,487.02,2,5,5,255,1,A risque
CLIENT_0466,30,BonninVille,F,2024-07-07,2024-10-29,338.35,5,67.67,Reference,5,True,4,389,Maison,2,407,5,338.35,2,5,4,254,1,A risque
CLIENT_0467,44,Deschamps,M,2023-04-12,2024-02-14,73.03,3,24.34,Email,8,False,3,653,Mode,7,665,3,73.03,1,3,3,133,1,A risque
CLIENT_0468,33,Sanchez,M,2025-09-17,2025-12-09,166.69,2,83.34,Social,15,True,5,0,Électronique,3,1,2,166.69,5,2,4,524,2,Potentiel
CLIENT_0469,42,Sainte Christophe,M,2023-06-01,2023-09-17,76.44,2,38.22,Direct,0,False,2,800,Électronique,6,815,2,76.44,1,2,3,123,4,Dormant
CLIENT_0470,27,Leconte-sur-Masson,F,2024-07-28,2025-07-30,526.89,3,175.63,Email,8,False,5,108,Maison,3,133,3,526.89,4,3,5,435,0,A risque
CLIENT_0471,22,CaronBourg,F,2024-02-14,2025-02-18,31.08,1,31.08,Social,15,False,4,267,Alimentation,4,295,1,31.08,3,1,1,311,4,Dormant
CLIENT_0472,51,Hubert,M,2023-11-03,2024-04-05,34.24,2,17.12,Direct,0,True,2,604,Mode,4,614,2,34.24,2,2,1,221,4,Dormant
CLIENT_0473,65,Sainte Margotboeuf,M,2025-02-22,2025-08-20,108.53,4,27.13,Direct,0,False,5,87,Alimentation,4,112,4,108.53,4,4,3,443,1,A risque
CLIENT_0474,49,Gimenez,M,2023-06-15,2023-10-01,85.82,4,21.45,Email,8,True,4,776,Mode,8,801,4,85.82,1,4,3,143,1,A risque
CLIENT_0475,18,Sainte Christophe,F,2023-03-03,2023-10-10,30.68,1,30.68,Social,15,False,3,771,Mode,1,792,1,30.68,1,1,1,111,4,Dormant
CLIENT_0476,42,Maillard,M,2024-09-20,2025-03-24,54.06,1,54.06,Social,15,True,5,250,Alimentation,6,261,1,54.06,3,1,2,312,4,Dormant
CLIENT_0477,31,CaronBourg,F,2024-08-01,2024-08-14,55.63,3,18.54,Direct,0,False,3,471,Maison,7,483,3,55.63,2,3,2,232,1,A risque
CLIENT_0478,18,Maillard,F,2024-05-10,2025-12-09,256.4,1,256.4,SEA,25,False,5,0,Loisirs,5,1,1,256.4,5,1,4,514,2,Potentiel
CLIENT_0479,42,Grenier,M,2023-08-03,2024-04-22,34.63,2,17.32,Email,8,True,3,578,Mode,10,597,2,34.63,2,2,1,221,4,Dormant
CLIENT_0480,59,Peronnec,M,2024-01-23,2024-12-20,37.57,3,12.52,Direct,0,False,5,352,Maison,5,355,3,37.57,3,3,1,331,1,A risque
CLIENT_0481,60,Delorme,F,2023-04-09,2023-07-13,536.44,3,178.81,Reference,5,False,5,855,Mode,7,881,3,536.44,1,3,5,135,0,A risque
CLIENT_0482,70,Techer-la-Forêt,F,2025-03-19,2025-10-03,1133.04,2,566.52,Social,15,True,4,39,Mode,4,68,2,1133.04,4,2,5,425,0,A risque
CLIENT_0483,18,Sainte Margotboeuf,M,2023-08-18,2023-11-03,2116.93,4,529.23,Direct,0,True,5,745,Électronique,7,768,4,2116.93,1,4,5,145,0,A risque
CLIENT_0484,35,Meunier,M,2025-02-22,2025-12-09,161.62,3,53.87,Email,8,True,5,0,Alimentation,4,1,3,161.62,5,3,4,534,3,Loyal
CLIENT_0485,36,Deschamps,M,2025-07-01,2025-12-09,120.47,5,24.09,Email,8,True,5,0,Loisirs,8,1,5,120.47,5,5,3,553,3,Loyal
CLIENT_0486,42,Gimenez,F,2024-04-03,2024-04-26,334.38,3,111.46,Email,8,False,5,579,Mode,9,593,3,334.38,2,3,4,234,1,A risque
CLIENT_0487,59,Deschamps,M,2023-11-09,2025-04-15,33.02,2,16.51,SEA,25,True,3,213,Électronique,2,239,2,33.02,3,2,1,321,4,Dormant
CLIENT_0488,42,Gimenez,F,2022-12-29,2025-02-13,390.82,3,130.27,Reference,5,False,5,295,Alimentation,2,300,3,390.82,3,3,5,335,1,A risque
CLIENT_0489,18,Meunier,F,2024-01-07,2024-01-14,76.6,2,38.3,Reference,5,False,2,681,Électronique,6,696,2,76.6,1,2,3,123,4,Dormant
CLIENT_0490,41,CaronBourg,F,2023-02-27,2025-08-13,115.59,3,38.53,Direct,0,False,5,109,Mode,3,119,3,115.59,4,3,3,433,1,A risque
CLIENT_0491,39,Hubert,F,2024-01-19,2024-05-02,65.41,1,65.41,Direct,0,True,2,576,Électronique,2,587,1,65.41,2,1,2,212,4,Dormant
CLIENT_0492,40,Deschamps,M,2025-09-27,2025-12-09,32.07,4,8.02,Email,8,True,4,0,Alimentation,6,1,4,32.07,5,4,1,541,3,Loyal
CLIENT_0493,50,Sainte Margotboeuf,F,2024-04-12,2024-06-14,33.04,4,8.26,SEA,25,False,2,533,Loisirs,4,544,4,33.04,2,4,1,241,1,A risque
CLIENT_0494,32,Gimenez,M,2025-07-28,2025-12-09,195.81,3,65.27,Social,15,True,5,0,Mode,9,1,3,195.81,5,3,4,534,3,Loyal
CLIENT_0495,45,Delorme,F,2023-05-24,2023-12-06,65.35,3,21.78,Email,8,False,4,723,Alimentation,10,735,3,65.35,1,3,2,132,1,A risque
CLIENT_0496,24,Baudry,F,2024-03-04,2024-04-01,76.78,4,19.2,Email,8,True,3,601,Alimentation,1,618,4,76.78,2,4,3,243,1,A risque
CLIENT_0497,59,Deschamps,F,2024-04-05,2025-05-13,488.9,1,488.9,SEA,25,False,4,202,Mode,1,211,1,488.9,3,1,5,315,4,Dormant
CLIENT_0498,50,Meunier,M,2023-12-07,2025-12-09,41.4,3,13.8,Social,15,False,5,0,Loisirs,2,1,3,41.4,5,3,1,531,3,Loyal
CLIENT_0499,33,Gimenez,F,2024-02-03,2024-07-28,42.45,3,14.15,Social,15,False,4,489,Mode,8,500,3,42.45,2,3,1,231,1,A risque
CLIENT_0500,25,Sainte Margotboeuf,M,2025-04-22,2025-07-09,51.82,2,25.91,Direct,0,True,4,127,Électronique,6,154,2,51.82,3,2,2,322,4,Dormant
CLIENT_0501,48,CaronBourg,M,2023-06-10,2023-08-15,1236.49,3,412.16,Social,15,True,5,845,Électronique,4,848,3,1236.49,1,3,5,135,0,A risque
CLIENT_0502,28,Gimenez,F,2023-03-15,2023-07-30,65.39,4,16.35,Email,8,False,3,857,Électronique,1,864,4,65.39,1,4,2,142,1,A risque
CLIENT_0503,71,Peronnec,M,2024-08-07,2024-12-11,38.44,4,9.61,Direct,0,False,3,361,Maison,7,364,4,38.44,3,4,1,341,1,A risque
CLIENT_0504,36,Hubert,F,2025-09-21,2025-12-09,44.71,3,14.9,Social,15,True,3,0,Mode,10,1,3,44.71,5,3,2,532,3,Loyal
CLIENT_0505,23,Delorme,M,2025-04-07,2025-10-29,6864.48,5,1372.9,Social,15,True,5,16,Électronique,10,42,5,6864.48,4,5,5,455,0,A risque
CLIENT_0506,65,Barbenec,M,2024-03-08,2024-11-01,165.04,1,165.04,SEA,25,True,4,389,Alimentation,1,404,1,165.04,2,1,4,214,4,Dormant
CLIENT_0507,47,Maillard,F,2024-09-22,2025-02-19,42.79,1,42.79,Email,8,False,4,283,Maison,6,294,1,42.79,3,1,2,312,4,Dormant
CLIENT_0508,18,Leconte-sur-Masson,F,2025-08-16,2025-12-09,95.43,4,23.86,SEA,25,True,4,0,Alimentation,5,1,4,95.43,5,4,3,543,3,Loyal
CLIENT_0509,45,Sainte Margotboeuf,M,2025-10-10,2025-12-09,31.98,2,15.99,Reference,5,False,3,0,Loisirs,4,1,2,31.98,5,2,1,521,2,Potentiel
CLIENT_0510,28,CaronBourg,M,2024-05-03,2025-04-05,73.83,2,36.91,Social,15,True,5,226,Maison,2,249,2,73.83,3,2,3,323,4,Dormant
CLIENT_0511,32,Meunier,M,2025-05-30,2025-12-09,1491.42,2,745.71,SEA,25,False,5,0,Électronique,7,1,2,1491.42,5,2,5,525,2,Potentiel
CLIENT_0512,18,Deschamps,M,2024-07-09,2024-07-21,163.57,1,163.57,Direct,0,False,5,493,Maison,9,507,1,163.57,2,1,4,214,4,Dormant
CLIENT_0513,27,Hubert,F,2024-08-14,2025-12-09,303.73,5,60.75,Direct,0,True,5,0,Maison,7,1,5,303.73,5,5,4,554,3,Loyal
CLIENT_0514,54,Grenier,F,2024-11-15,2025-01-25,314.8,2,157.4,Social,15,False,5,294,Mode,5,319,2,314.8,3,2,4,324,4,Dormant
CLIENT_0515,42,Sainte Christophe,M,2025-05-15,2025-06-19,252.27,4,63.07,Direct,0,True,5,167,Électronique,3,174,4,252.27,3,4,4,344,1,A risque
CLIENT_0516,60,Deschamps,M,2023-08-19,2024-04-22,1069.38,5,213.88,Email,8,True,5,593,Alimentation,7,597,5,1069.38,2,5,5,255,0,A risque
CLIENT_0517,61,Baudry,M,2025-02-14,2025-04-11,151.02,3,50.34,Email,8,False,5,232,Électronique,9,243,3,151.02,3,3,4,334,1,A risque
CLIENT_0518,58,Deschamps,F,2023-10-22,2023-11-23,31.76,4,7.94,Social,15,True,3,739,Maison,7,748,4,31.76,1,4,1,141,1,A risque
CLIENT_0519,35,Deschamps,M,2025-04-09,2025-12-09,75.65,3,25.22,Reference,5,False,2,0,Mode,8,1,3,75.65,5,3,3,533,3,Loyal
CLIENT_0520,38,Gimenez,M,2023-07-10,2023-09-07,6305.44,4,1576.36,Email,8,False,5,816,Loisirs,5,825,4,6305.44,1,4,5,145,0,A risque
CLIENT_0521,44,BonninVille,F,2024-08-09,2024-08-23,30.7,3,10.23,Email,8,False,3,467,Électronique,10,474,3,30.7,2,3,1,231,1,A risque
CLIENT_0522,27,Hubert,F,2025-11-23,2025-12-09,125.95,8,15.74,SEA,25,False,5,0,Maison,10,1,8,125.95,5,5,3,553,3,Loyal
CLIENT_0523,51,Meunier,M,2024-08-17,2025-12-09,159.09,3,53.03,SEA,25,True,3,0,Maison,5,1,3,159.09,5,3,4,534,3,Loyal
CLIENT_0524,59,Delorme,F,2023-02-20,2023-04-30,39.09,3,13.03,SEA,25,False,5,950,Électronique,10,955,3,39.09,1,3,1,131,1,A risque
CLIENT_0525,29,Meunier,M,2023-05-18,2023-08-16,31.08,1,31.08,SEA,25,True,3,846,Électronique,8,847,1,31.08,1,1,1,111,4,Dormant
CLIENT_0526,56,Perret,M,2025-09-23,2025-12-09,4942.58,5,988.52,SEA,25,True,4,0,Électronique,4,1,5,4942.58,5,5,5,555,0,A risque
CLIENT_0527,19,Techer-la-Forêt,M,2024-07-28,2025-05-03,213.41,4,53.35,Social,15,True,4,205,Maison,3,221,4,213.41,3,4,4,344,1,A risque
CLIENT_0528,20,Sainte Christophe,M,2024-09-04,2025-02-10,46.51,1,46.51,Email,8,True,4,287,Mode,8,303,1,46.51,3,1,2,312,4,Dormant
CLIENT_0529,18,Sainte Margotboeuf,F,2022-12-27,2023-04-12,137.98,5,27.6,Email,8,True,5,950,Loisirs,9,973,5,137.98,1,5,4,154,1,A risque
CLIENT_0530,72,Baudry,M,2023-09-30,2024-02-22,3767.76,4,941.94,Email,8,False,4,654,Loisirs,7,657,4,3767.76,1,4,5,145,0,A risque
CLIENT_0531,38,Sanchez,M,2024-03-17,2024-05-31,50.59,1,50.59,Direct,0,False,5,533,Électronique,7,558,1,50.59,2,1,2,212,4,Dormant
CLIENT_0532,37,Sainte Genevièvenec,F,2024-04-30,2024-05-15,30.12,2,15.06,Email,8,True,1,554,Électronique,7,574,2,30.12,2,2,1,221,4,Dormant
CLIENT_0533,27,Deschamps,M,2025-02-27,2025-12-09,828.94,4,207.24,Reference,5,True,5,0,Électronique,7,1,4,828.94,5,4,5,545,3,Loyal
CLIENT_0534,35,Techer-la-Forêt,M,2024-11-06,2025-09-09,1422.2,2,711.1,Email,8,False,4,77,Mode,7,92,2,1422.2,4,2,5,425,0,A risque
CLIENT_0535,21,BonninVille,M,2023-11-11,2025-02-14,555.6,6,92.6,Social,15,False,5,270,Loisirs,5,299,6,555.6,3,5,5,355,1,A risque
CLIENT_0536,49,Meunier,M,2025-02-28,2025-03-06,31.88,3,10.63,Social,15,True,3,257,Maison,3,279,3,31.88,3,3,1,331,1,A risque
CLIENT_0537,24,Deschamps,F,2023-08-04,2024-02-01,411.48,3,137.16,Direct,0,True,5,669,Mode,2,678,3,411.48,1,3,5,135,1,A risque
CLIENT_0538,19,Hubert,F,2025-01-11,2025-05-18,35.89,1,35.89,SEA,25,False,4,204,Alimentation,2,206,1,35.89,3,1,1,311,4,Dormant
CLIENT_0539,37,Grenier,F,2023-11-29,2025-02-15,87.31,6,14.55,Social,15,True,5,284,Mode,5,298,6,87.31,3,5,3,353,1,A risque
CLIENT_0540,18,Barbenec,M,2023-05-18,2023-09-22,12380.32,2,6190.16,Social,15,False,5,781,Électronique,5,810,2,12380.32,1,2,5,125,0,A risque
CLIENT_0541,37,Sainte Margotboeuf,M,2024-09-30,2025-01-31,46.83,3,15.61,Direct,0,False,3,286,Maison,5,313,3,46.83,3,3,2,332,1,A risque
CLIENT_0542,50,Deschamps,F,2025-07-20,2025-12-09,33.81,3,11.27,Social,15,True,3,0,Maison,9,1,3,33.81,5,3,1,531,3,Loyal
CLIENT_0543,27,CaronBourg,F,2023-11-22,2024-10-11,4511.66,1,4511.66,Social,15,False,5,402,Maison,4,425,1,4511.66,2,1,5,215,0,A risque
CLIENT_0544,45,Sainte Genevièvenec,F,2025-09-09,2025-11-12,79.03,4,19.76,Reference,5,False,4,21,Mode,3,28,4,79.03,4,4,3,443,1,A risque
CLIENT_0545,19,Hubert,F,2023-08-01,2023-08-06,90.0,4,22.5,Social,15,False,3,833,Maison,5,857,4,90.0,1,4,3,143,1,A risque
CLIENT_0546,44,Grenier,M,2023-05-04,2023-07-23,369.61,4,92.4,Reference,5,True,4,861,Maison,6,871,4,369.61,1,4,4,144,1,A risque
CLIENT_0547,54,Peronnec,M,2024-10-26,2025-12-09,31.14,3,10.38,SEA,25,True,3,0,Loisirs,8,1,3,31.14,5,3,1,531,3,Loyal
CLIENT_0548,39,Perret,F,2023-11-28,2024-08-08,89.24,3,29.75,Social,15,True,5,469,Alimentation,1,489,3,89.24,2,3,3,233,1,A risque
CLIENT_0549,47,Sainte Christophe,M,2024-01-10,2024-04-21,46.99,1,46.99,Social,15,True,4,574,Électronique,3,598,1,46.99,2,1,2,212,4,Dormant
CLIENT_0550,29,Sainte Margotboeuf,M,2025-04-29,2025-08-29,58.52,1,58.52,Email,8,True,2,84,Maison,2,103,1,58.52,4,1,2,412,4,Dormant
CLIENT_0551,32,Deschamps,F,2025-01-26,2025-10-11,33.61,3,11.2,SEA,25,False,2,45,Électronique,1,60,3,33.61,4,3,1,431,1,A risque
CLIENT_0552,37,Peronnec,F,2023-08-29,2023-09-03,116.89,3,38.96,Social,15,True,4,819,Maison,10,829,3,116.89,1,3,3,133,1,A risque
CLIENT_0553,33,Grenier,M,2025-06-08,2025-12-09,14467.19,2,7233.6,Email,8,True,5,0,Électronique,5,1,2,14467.19,5,2,5,525,0,A risque
CLIENT_0554,54,Leconte-sur-Masson,F,2023-10-24,2024-09-27,31.26,3,10.42,Social,15,True,4,436,Loisirs,7,439,3,31.26,2,3,1,231,1,A risque
CLIENT_0555,55,Sainte Christophe,M,2024-02-06,2025-05-24,34.83,2,17.41,Reference,5,False,3,189,Loisirs,4,200,2,34.83,3,2,1,321,4,Dormant
CLIENT_0556,60,Deschamps,F,2024-06-15,2024-07-28,1114.44,2,557.22,Direct,0,True,5,486,Électronique,2,500,2,1114.44,2,2,5,225,0,A risque
CLIENT_0557,34,Hubert,M,2024-08-13,2024-08-18,34.13,3,11.38,Direct,0,True,4,449,Loisirs,10,479,3,34.13,2,3,1,231,1,A risque
CLIENT_0558,63,Perret,F,2023-07-30,2023-10-28,234.33,1,234.33,Direct,0,True,5,768,Alimentation,3,774,1,234.33,1,1,4,114,4,Dormant
CLIENT_0559,51,Peronnec,M,2025-11-07,2025-12-09,69.46,5,13.89,Social,15,False,4,0,Électronique,5,1,5,69.46,5,5,3,553,3,Loyal
CLIENT_0560,38,Techer-la-Forêt,M,2024-08-23,2025-11-29,84.42,6,14.07,Direct,0,True,5,0,Électronique,6,11,6,84.42,4,5,3,453,3,Loyal
CLIENT_0561,39,Sainte Margotboeuf,M,2025-10-16,2025-12-09,112.86,2,56.43,Direct,0,True,3,0,Alimentation,9,1,2,112.86,5,2,3,523,2,Potentiel
CLIENT_0562,61,Techer-la-Forêt,M,2024-02-01,2024-03-08,39.83,4,9.96,Direct,0,True,4,615,Alimentation,7,642,4,39.83,2,4,1,241,1,A risque
CLIENT_0563,47,Grenier,F,2023-05-21,2023-08-18,92.61,3,30.87,SEA,25,False,1,839,Alimentation,3,845,3,92.61,1,3,3,133,1,A risque
CLIENT_0564,53,Leconte-sur-Masson,F,2025-02-11,2025-12-09,64.28,6,10.71,Email,8,True,4,0,Alimentation,1,1,6,64.28,5,5,2,552,3,Loyal
CLIENT_0565,51,Deschamps,M,2024-03-24,2025-05-27,39.32,2,19.66,Direct,0,True,4,169,Mode,4,197,2,39.32,3,2,1,321,4,Dormant
CLIENT_0566,53,Grenier,F,2025-11-06,2025-12-09,32.46,3,10.82,Direct,0,True,2,0,Loisirs,5,1,3,32.46,5,3,1,531,3,Loyal
CLIENT_0567,40,Peronnec,M,2025-02-26,2025-12-09,55.64,3,18.55,SEA,25,False,3,0,Électronique,8,1,3,55.64,5,3,2,532,3,Loyal
CLIENT_0568,45,Baudry,F,2024-12-13,2025-12-09,1427.66,4,356.92,Reference,5,True,4,0,Alimentation,6,1,4,1427.66,5,4,5,545,3,Loyal
CLIENT_0569,43,Delorme,F,2023-01-27,2023-01-28,48.23,4,12.06,SEA,25,True,4,1033,Mode,4,1047,4,48.23,1,4,2,142,1,A risque
CLIENT_0570,35,Sainte Christophe,M,2025-05-20,2025-12-09,115.93,2,57.97,Reference,5,True,4,0,Mode,6,1,2,115.93,5,2,3,523,2,Potentiel
CLIENT_0571,47,Gimenez,M,2023-01-14,2025-02-21,1088.5,2,544.25,Email,8,True,4,263,Électronique,5,292,2,1088.5,3,2,5,325,0,A risque
CLIENT_0572,38,Meunier,M,2024-08-31,2024-10-22,75.76,1,75.76,Email,8,True,4,410,Maison,5,414,1,75.76,2,1,3,213,4,Dormant
CLIENT_0573,50,Baudry,M,2024-03-17,2024-05-06,41.48,5,8.3,Email,8,False,4,575,Loisirs,6,583,5,41.48,2,5,1,251,1,A risque
CLIENT_0574,47,Sainte Margotboeuf,M,2023-03-14,2023-04-11,171.13,3,57.04,Social,15,True,5,946,Maison,9,974,3,171.13,1,3,4,134,1,A risque
CLIENT_0575,52,Sainte Genevièvenec,M,2023-03-09,2025-01-27,80.8,2,40.4,Email,8,True,4,314,Alimentation,2,317,2,80.8,3,2,3,323,4,Dormant
CLIENT_0576,43,Hubert,F,2025-10-03,2025-12-09,343.52,3,114.51,Email,8,False,4,0,Électronique,5,1,3,343.52,5,3,4,534,3,Loyal
CLIENT_0577,18,Baudry,F,2023-03-22,2024-04-29,110.58,4,27.64,Email,8,False,4,566,Mode,8,590,4,110.58,2,4,3,243,1,A risque
CLIENT_0578,18,Sanchez,M,2024-01-08,2025-09-29,73.97,3,24.66,Social,15,False,2,60,Mode,5,72,3,73.97,4,3,3,433,1,A risque
CLIENT_0579,43,Hubert,F,2023-07-17,2023-11-22,49.51,2,24.75,Direct,0,False,3,743,Maison,3,749,2,49.51,1,2,2,122,4,Dormant
CLIENT_0580,48,Peronnec,M,2024-02-16,2025-07-27,75.45,2,37.73,SEA,25,True,4,131,Électronique,10,136,2,75.45,4,2,3,423,4,Dormant
CLIENT_0581,30,BonninVille,F,2024-03-10,2024-07-27,80.99,2,40.49,Social,15,False,3,498,Alimentation,6,501,2,80.99,2,2,3,223,4,Dormant
CLIENT_0582,38,BonninVille,F,2024-05-27,2025-01-19,31.79,3,10.6,Social,15,True,3,302,Loisirs,1,325,3,31.79,3,3,1,331,1,A risque
CLIENT_0583,53,Leconte-sur-Masson,F,2025-04-09,2025-06-11,76.12,2,38.06,Social,15,True,2,165,Mode,3,182,2,76.12,3,2,3,323,4,Dormant
CLIENT_0584,23,CaronBourg,F,2023-08-03,2024-06-12,298.8,5,59.76,SEA,25,False,2,530,Maison,3,546,5,298.8,2,5,4,254,1,A risque
CLIENT_0585,69,Meunier,F,2024-12-31,2025-12-09,45.4,4,11.35,Email,8,True,4,0,Alimentation,8,1,4,45.4,5,4,2,542,3,Loyal
CLIENT_0586,40,Deschamps,F,2024-07-01,2024-12-26,37.18,2,18.59,Social,15,True,5,334,Mode,3,349,2,37.18,3,2,1,321,4,Dormant
CLIENT_0587,41,Leconte-sur-Masson,M,2023-02-23,2024-02-27,298.24,3,99.41,Email,8,True,4,645,Électronique,6,652,3,298.24,1,3,4,134,1,A risque
CLIENT_0588,34,Deschamps,F,2025-09-23,2025-10-01,49.67,4,12.42,SEA,25,True,3,63,Maison,10,70,4,49.67,4,4,2,442,1,A risque
CLIENT_0589,35,Barbenec,F,2023-07-04,2023-10-28,40.4,2,20.2,Email,8,True,3,753,Alimentation,10,774,2,40.4,1,2,1,121,4,Dormant
CLIENT_0590,46,Deschamps,F,2025-07-12,2025-12-09,37.59,3,12.53,Email,8,False,3,0,Loisirs,6,1,3,37.59,5,3,1,531,3,Loyal
CLIENT_0591,41,Perret,F,2024-02-15,2024-03-14,31.92,2,15.96,SEA,25,False,2,629,Alimentation,7,636,2,31.92,2,2,1,221,4,Dormant
CLIENT_0592,34,Sainte Genevièvenec,F,2024-10-07,2025-01-06,60.43,4,15.11,Email,8,True,4,317,Maison,1,338,4,60.43,3,4,2,342,1,A risque
CLIENT_0593,19,Leconte-sur-Masson,F,2025-09-10,2025-10-20,42.22,3,14.07,Social,15,True,2,38,Électronique,9,51,3,42.22,4,3,1,431,1,A risque
CLIENT_0594,38,Sainte Christophe,M,2024-02-12,2024-03-17,82.31,6,13.72,Email,8,True,5,604,Mode,3,633,6,82.31,2,5,3,253,1,A risque
CLIENT_0595,25,Hubert,M,2024-04-05,2024-05-25,415.62,7,59.37,Reference,5,True,5,558,Loisirs,9,564,7,415.62,2,5,5,255,1,A risque
CLIENT_0596,30,Leconte-sur-Masson,F,2023-01-01,2023-07-24,30.49,1,30.49,Direct,0,True,3,847,Maison,7,870,1,30.49,1,1,1,111,4,Dormant
CLIENT_0597,26,Leconte-sur-Masson,F,2024-05-06,2025-12-09,208.33,1,208.33,Email,8,True,4,0,Mode,8,1,1,208.33,5,1,4,514,2,Potentiel
CLIENT_0598,36,Sainte Margotboeuf,M,2025-08-10,2025-12-09,630.88,3,210.29,SEA,25,True,5,0,Loisirs,4,1,3,630.88,5,3,5,535,3,Loyal
CLIENT_0599,31,Techer-la-Forêt,F,2023-07-21,2023-08-09,207.46,3,69.15,Social,15,True,4,831,Maison,7,854,3,207.46,1,3,4,134,1,A risque
CLIENT_0600,48,Grenier,F,2025-02-08,2025-07-10,40.94,3,13.65,SEA,25,True,3,134,Mode,7,153,3,40.94,3,3,1,331,1,A risque
CLIENT_0601,30,CaronBourg,M,2024-04-08,2025-02-27,133.62,2,66.81,Social,15,True,5,256,Électronique,6,286,2,133.62,3,2,4,324,4,Dormant
CLIENT_0602,38,CaronBourg,F,2023-10-12,2024-08-17,58.89,4,14.72,Email,8,False,3,466,Alimentation,2,480,4,58.89,2,4,2,242,1,A risque
CLIENT_0603,18,BonninVille,F,2024-07-05,2024-10-19,100.18,2,50.09,Email,8,False,5,412,Mode,1,417,2,100.18,2,2,3,223,4,Dormant
CLIENT_0604,69,Gimenez,F,2024-03-16,2024-10-09,127.13,2,63.56,Email,8,True,3,414,Alimentation,6,427,2,127.13,2,2,3,223,4,Dormant
CLIENT_0605,41,BonninVille,M,2024-06-26,2024-10-13,101.12,2,50.56,Direct,0,False,4,393,Mode,4,423,2,101.12,2,2,3,223,4,Dormant
CLIENT_0606,26,CaronBourg,M,2023-10-13,2023-11-16,678.91,2,339.45,Email,8,True,5,732,Mode,2,755,2,678.91,1,2,5,125,0,A risque
CLIENT_0607,66,Leconte-sur-Masson,F,2023-06-26,2024-02-19,32.16,4,8.04,Email,8,True,2,637,Alimentation,7,660,4,32.16,1,4,1,141,1,A risque
CLIENT_0608,53,Sainte Christophe,M,2025-02-10,2025-12-09,63.89,3,21.3,Direct,0,False,4,0,Mode,7,1,3,63.89,5,3,2,532,3,Loyal
CLIENT_0609,55,Grenier,F,2024-08-13,2025-09-14,153.86,2,76.93,SEA,25,True,5,59,Mode,5,87,2,153.86,4,2,4,424,4,Dormant
CLIENT_0610,68,Sanchez,M,2025-01-27,2025-02-23,2973.35,4,743.34,Direct,0,True,5,288,Électronique,1,290,4,2973.35,3,4,5,345,0,A risque
CLIENT_0611,35,Hubert,M,2025-03-23,2025-04-04,153.08,4,38.27,Direct,0,True,1,219,Électronique,7,250,4,153.08,3,4,4,344,1,A risque
CLIENT_0612,36,Grenier,M,2024-02-20,2025-02-25,4509.48,3,1503.16,Email,8,False,5,287,Alimentation,10,288,3,4509.48,3,3,5,335,0,A risque
CLIENT_0613,61,Hubert,F,2025-05-06,2025-12-09,99.0,3,33.0,Email,8,True,4,0,Électronique,10,1,3,99.0,5,3,3,533,3,Loyal
CLIENT_0614,23,Delorme,F,2025-07-24,2025-12-09,141.05,5,28.21,Social,15,False,4,0,Mode,1,1,5,141.05,5,5,4,554,3,Loyal
CLIENT_0615,18,Grenier,M,2024-08-16,2024-08-25,349.09,5,69.82,Social,15,True,5,462,Électronique,6,472,5,349.09,2,5,4,254,1,A risque
CLIENT_0616,48,CaronBourg,F,2025-04-05,2025-07-25,30284.97,5,6056.99,Reference,5,False,5,107,Loisirs,3,138,5,30284.97,4,5,5,455,0,A risque
CLIENT_0617,18,Sanchez,M,2023-04-26,2023-11-27,71.15,3,23.72,Social,15,True,4,733,Électronique,1,744,3,71.15,1,3,3,133,1,A risque
CLIENT_0618,37,Sainte Genevièvenec,F,2024-08-02,2024-10-26,403.98,3,134.66,Email,8,False,4,399,Alimentation,6,410,3,403.98,2,3,5,235,1,A risque
CLIENT_0619,18,Peronnec,M,2023-02-27,2023-08-28,273.51,1,273.51,Social,15,True,4,807,Alimentation,5,835,1,273.51,1,1,4,114,4,Dormant
CLIENT_0620,36,Baudry,M,2024-06-18,2025-12-09,91.91,2,45.95,SEA,25,True,4,0,Loisirs,3,1,2,91.91,5,2,3,523,2,Potentiel
CLIENT_0621,29,Sainte Christophe,F,2023-08-17,2024-02-04,58.59,5,11.72,Social,15,True,5,667,Maison,7,675,5,58.59,1,5,2,152,1,A risque
CLIENT_0622,23,Meunier,F,2025-01-25,2025-09-16,31.22,1,31.22,Email,8,False,5,69,Électronique,10,85,1,31.22,4,1,1,411,4,Dormant
CLIENT_0623,46,Leconte-sur-Masson,F,2024-01-23,2025-05-13,9826.47,5,1965.29,Email,8,True,5,199,Loisirs,1,211,5,9826.47,3,5,5,355,0,A risque
CLIENT_0624,39,Sainte Christophe,F,2025-07-10,2025-10-05,268.92,2,134.46,SEA,25,True,3,54,Électronique,9,66,2,268.92,4,2,4,424,4,Dormant
CLIENT_0625,43,Sainte Genevièvenec,F,2023-02-06,2023-06-18,48.44,4,12.11,Direct,0,False,4,887,Mode,6,906,4,48.44,1,4,2,142,1,A risque
CLIENT_0626,48,Deschamps,M,2023-10-17,2024-03-11,44.56,5,8.91,Email,8,False,4,614,Alimentation,10,639,5,44.56,2,5,2,252,1,A risque
CLIENT_0627,49,Delorme,M,2023-05-17,2023-06-21,61.15,2,30.57,SEA,25,False,2,874,Alimentation,6,903,2,61.15,1,2,2,122,4,Dormant
CLIENT_0628,46,Maillard,M,2023-10-24,2023-11-09,33.82,4,8.46,Email,8,False,4,752,Maison,8,762,4,33.82,1,4,1,141,1,A risque
CLIENT_0629,75,BonninVille,F,2025-10-08,2025-10-17,41.61,3,13.87,Reference,5,False,3,38,Alimentation,10,54,3,41.61,4,3,1,431,1,A risque
CLIENT_0630,31,Meunier,M,2023-10-05,2024-02-25,30.41,1,30.41,Social,15,True,3,630,Alimentation,10,654,1,30.41,1,1,1,111,4,Dormant
CLIENT_0631,45,Gimenez,M,2024-09-19,2024-12-08,107.41,2,53.7,Social,15,False,3,350,Électronique,10,367,2,107.41,3,2,3,323,4,Dormant
CLIENT_0632,49,Grenier,M,2025-07-07,2025-12-09,30.41,2,15.21,Direct,0,False,3,0,Maison,5,1,2,30.41,5,2,1,521,2,Potentiel
CLIENT_0633,36,Perret,M,2025-05-16,2025-12-09,53.17,3,17.72,Direct,0,True,5,0,Mode,7,1,3,53.17,5,3,2,532,3,Loyal
CLIENT_0634,58,Hubert,M,2023-07-25,2025-05-11,52.23,2,26.11,Social,15,False,5,192,Alimentation,1,213,2,52.23,3,2,2,322,4,Dormant
CLIENT_0635,30,Leconte-sur-Masson,F,2025-03-01,2025-12-09,252.7,4,63.17,Email,8,True,5,0,Alimentation,5,1,4,252.7,5,4,4,544,3,Loyal
CLIENT_0636,31,Sanchez,M,2024-02-06,2025-06-09,1375.25,1,1375.25,Social,15,True,5,168,Maison,8,184,1,1375.25,3,1,5,315,0,A risque
CLIENT_0637,19,Sanchez,M,2023-06-12,2024-02-22,129.35,1,129.35,Social,15,True,5,649,Maison,2,657,1,129.35,1,1,3,113,4,Dormant
CLIENT_0638,49,Sanchez,M,2025-10-27,2025-12-09,33.36,2,16.68,Social,15,False,3,0,Alimentation,4,1,2,33.36,5,2,1,521,2,Potentiel
CLIENT_0639,66,Gimenez,F,2024-12-21,2025-09-30,3183.19,2,1591.6,Email,8,False,5,43,Mode,5,71,2,3183.19,4,2,5,425,0,A risque
CLIENT_0640,59,Deschamps,M,2025-04-06,2025-04-12,140.55,2,70.28,Social,15,True,3,237,Loisirs,2,242,2,140.55,3,2,4,324,4,Dormant
CLIENT_0641,38,Peronnec,F,2025-08-04,2025-12-09,271.59,3,90.53,Reference,5,True,4,0,Mode,5,1,3,271.59,5,3,4,534,3,Loyal
CLIENT_0642,18,Sainte Margotboeuf,F,2023-04-09,2023-10-31,546.49,1,546.49,SEA,25,True,5,758,Mode,2,771,1,546.49,1,1,5,115,4,Dormant
CLIENT_0643,32,Baudry,F,2024-09-21,2025-01-23,30.72,2,15.36,Reference,5,True,3,317,Maison,10,321,2,30.72,3,2,1,321,4,Dormant
CLIENT_0644,18,Hubert,M,2025-06-24,2025-12-09,33.52,1,33.52,SEA,25,False,3,0,Maison,6,1,1,33.52,5,1,1,511,2,Potentiel
CLIENT_0645,41,Meunier,M,2024-06-17,2024-08-25,278.28,3,92.76,Direct,0,False,4,455,Maison,6,472,3,278.28,2,3,4,234,1,A risque
CLIENT_0646,18,BonninVille,F,2024-10-11,2025-06-16,449.66,6,74.94,Reference,5,False,4,166,Alimentation,5,177,6,449.66,3,5,5,355,1,A risque
CLIENT_0647,34,Gimenez,F,2025-07-17,2025-12-06,192.57,3,64.19,Email,8,True,4,0,Loisirs,10,4,3,192.57,4,3,4,434,3,Loyal
CLIENT_0648,47,Sanchez,F,2023-03-11,2025-05-19,50.74,4,12.69,Reference,5,True,4,192,Alimentation,1,205,4,50.74,3,4,2,342,1,A risque
CLIENT_0649,54,BonninVille,F,2024-10-10,2024-12-02,69.93,2,34.97,SEA,25,True,4,355,Maison,1,373,2,69.93,3,2,3,323,4,Dormant
CLIENT_0650,18,Sanchez,M,2025-02-11,2025-03-18,180.97,3,60.32,Social,15,True,3,248,Alimentation,1,267,3,180.97,3,3,4,334,1,A risque
CLIENT_0651,48,Deschamps,F,2023-03-17,2023-10-12,8341.27,4,2085.32,SEA,25,False,5,781,Mode,2,790,4,8341.27,1,4,5,145,0,A risque
CLIENT_0652,18,Leconte-sur-Masson,M,2023-10-14,2024-12-28,84.38,5,16.88,Social,15,True,4,318,Loisirs,3,347,5,84.38,3,5,3,353,1,A risque
CLIENT_0653,32,Meunier,F,2023-10-06,2024-05-07,151.79,4,37.95,Email,8,False,5,572,Maison,9,582,4,151.79,2,4,4,244,1,A risque
CLIENT_0654,37,Leconte-sur-Masson,F,2023-08-21,2023-11-04,50.63,2,25.32,Email,8,True,4,758,Alimentation,7,767,2,50.63,1,2,2,122,4,Dormant
CLIENT_0655,53,Sanchez,F,2023-06-25,2023-07-08,313.66,3,104.55,Email,8,True,5,861,Alimentation,7,886,3,313.66,1,3,4,134,1,A risque
CLIENT_0656,73,Maillard,F,2024-02-04,2024-06-20,68.9,4,17.23,Email,8,True,2,537,Électronique,9,538,4,68.9,2,4,3,243,1,A risque
CLIENT_0657,41,Perret,F,2024-05-25,2025-02-05,2287.23,4,571.81,Social,15,True,4,294,Électronique,4,308,4,2287.23,3,4,5,345,0,A risque
CLIENT_0658,18,Maillard,F,2025-11-22,2025-12-09,182.36,1,182.36,SEA,25,True,3,0,Maison,7,1,1,182.36,5,1,4,514,2,Potentiel
CLIENT_0659,18,Sanchez,F,2023-05-09,2023-11-19,20334.58,4,5083.65,SEA,25,True,5,724,Électronique,5,752,4,20334.58,1,4,5,145,0,A risque
CLIENT_0660,52,Deschamps,M,2024-09-18,2025-12-09,201.02,3,67.01,Direct,0,True,3,0,Électronique,6,1,3,201.02,5,3,4,534,3,Loyal
CLIENT_0661,65,Barbenec,M,2023-05-02,2023-11-16,59.36,2,29.68,Reference,5,True,4,748,Loisirs,10,755,2,59.36,1,2,2,122,4,Dormant
CLIENT_0662,19,Grenier,M,2025-01-30,2025-09-05,49.93,2,24.96,Social,15,True,3,70,Alimentation,1,96,2,49.93,4,2,2,422,4,Dormant
CLIENT_0663,47,Sainte Christophe,F,2023-01-18,2023-04-02,241.83,2,120.92,SEA,25,True,5,967,Maison,8,983,2,241.83,1,2,4,124,4,Dormant
CLIENT_0664,48,Deschamps,F,2023-10-15,2024-09-21,580.29,1,580.29,Social,15,True,5,430,Alimentation,5,445,1,580.29,2,1,5,215,4,Dormant
CLIENT_0665,36,Baudry,F,2024-01-19,2024-10-05,64.81,1,64.81,Reference,5,True,4,423,Alimentation,9,431,1,64.81,2,1,2,212,4,Dormant
CLIENT_0666,33,Sainte Margotboeuf,M,2023-03-21,2023-07-08,110.73,1,110.73,Email,8,True,3,860,Mode,3,886,1,110.73,1,1,3,113,4,Dormant
CLIENT_0667,67,Delorme,M,2025-01-02,2025-09-11,23348.94,5,4669.79,Direct,0,False,5,76,Électronique,8,90,5,23348.94,4,5,5,455,0,A risque
CLIENT_0668,37,Leconte-sur-Masson,F,2024-07-12,2025-03-22,2413.43,4,603.36,Reference,5,False,5,240,Maison,9,263,4,2413.43,3,4,5,345,0,A risque
CLIENT_0669,47,Gimenez,M,2024-04-16,2024-11-05,120.34,3,40.11,Email,8,True,2,389,Alimentation,2,400,3,120.34,2,3,3,233,1,A risque
CLIENT_0670,40,Maillard,F,2024-10-08,2025-03-07,147.9,2,73.95,Email,8,True,4,261,Alimentation,6,278,2,147.9,3,2,4,324,4,Dormant
CLIENT_0671,18,Barbenec,M,2023-06-30,2023-12-26,57.78,2,28.89,Social,15,False,4,690,Électronique,2,715,2,57.78,1,2,2,122,4,Dormant
CLIENT_0672,18,Maillard,M,2025-05-26,2025-12-09,304.71,4,76.18,SEA,25,False,4,0,Loisirs,1,1,4,304.71,5,4,4,544,3,Loyal
CLIENT_0673,36,Sainte Genevièvenec,M,2025-12-02,2025-12-09,35.81,1,35.81,Social,15,True,4,0,Loisirs,8,1,1,35.81,5,1,1,511,2,Potentiel
CLIENT_0674,24,Sainte Margotboeuf,M,2025-02-16,2025-09-15,14584.77,4,3646.19,Social,15,False,5,73,Maison,1,86,4,14584.77,4,4,5,445,0,A risque
CLIENT_0675,34,Sainte Christophe,M,2025-03-30,2025-03-30,317.37,6,52.9,SEA,25,True,4,238,Mode,3,255,6,317.37,3,5,4,354,1,A risque
CLIENT_0676,23,Hubert,F,2024-07-31,2024-10-23,991.18,5,198.24,SEA,25,True,4,394,Loisirs,2,413,5,991.18,2,5,5,255,0,A risque
CLIENT_0677,30,Delorme,F,2024-04-08,2025-02-22,94.31,1,94.31,SEA,25,False,4,276,Électronique,2,291,1,94.31,3,1,3,313,4,Dormant
CLIENT_0678,19,Sainte Margotboeuf,M,2023-01-17,2023-06-27,50.17,2,25.09,Reference,5,False,5,888,Maison,7,897,2,50.17,1,2,2,122,4,Dormant
CLIENT_0679,58,Sanchez,F,2023-12-01,2024-09-27,84.43,2,42.22,Email,8,False,3,437,Électronique,2,439,2,84.43,2,2,3,223,4,Dormant
CLIENT_0680,44,Sainte Christophe,F,2025-03-11,2025-12-09,248.16,2,124.08,Social,15,False,4,0,Électronique,7,1,2,248.16,5,2,4,524,2,Potentiel
CLIENT_0681,37,Leconte-sur-Masson,M,2025-11-23,2025-12-09,171.84,2,85.92,Social,15,True,4,0,Maison,4,1,2,171.84,5,2,4,524,2,Potentiel
CLIENT_0682,50,Deschamps,F,2025-05-29,2025-12-09,93.55,3,31.18,Email,8,True,4,0,Électronique,3,1,3,93.55,5,3,3,533,3,Loyal
CLIENT_0683,71,Sainte Margotboeuf,M,2023-03-13,2023-04-22,74.04,3,24.68,Email,8,True,5,954,Maison,6,963,3,74.04,1,3,3,133,1,A risque
CLIENT_0684,56,Sanchez,F,2024-07-13,2025-01-03,80.35,3,26.78,SEA,25,True,3,338,Alimentation,4,341,3,80.35,3,3,3,333,1,A risque
CLIENT_0685,39,Grenier,F,2024-05-19,2025-04-26,34.83,5,6.97,Social,15,True,3,220,Loisirs,3,228,5,34.83,3,5,1,351,1,A risque
CLIENT_0686,26,CaronBourg,F,2025-06-09,2025-06-18,156.86,2,78.43,Direct,0,True,4,162,Maison,6,175,2,156.86,3,2,4,324,4,Dormant
CLIENT_0687,20,Hubert,M,2023-10-07,2025-12-09,49.6,1,49.6,SEA,25,True,3,0,Électronique,2,1,1,49.6,5,1,2,512,2,Potentiel
CLIENT_0688,30,Deschamps,M,2023-05-12,2023-11-21,437.07,4,109.27,Email,8,True,4,721,Loisirs,4,750,4,437.07,1,4,5,145,1,A risque
CLIENT_0689,41,CaronBourg,F,2025-08-23,2025-12-09,2611.05,5,522.21,Direct,0,False,5,0,Alimentation,7,1,5,2611.05,5,5,5,555,0,A risque
CLIENT_0690,43,Maillard,F,2023-02-11,2024-07-15,32.22,3,10.74,SEA,25,True,3,503,Alimentation,5,513,3,32.22,2,3,1,231,1,A risque
CLIENT_0691,39,Deschamps,M,2024-11-09,2025-04-27,72.18,3,24.06,Direct,0,True,5,221,Loisirs,6,227,3,72.18,3,3,3,333,1,A risque
CLIENT_0692,42,Sainte Genevièvenec,M,2024-11-17,2025-12-09,381.41,2,190.71,SEA,25,False,4,0,Alimentation,6,1,2,381.41,5,2,5,525,2,Potentiel
CLIENT_0693,43,CaronBourg,F,2025-12-04,2025-12-09,73.82,3,24.61,Social,15,False,3,0,Mode,8,1,3,73.82,5,3,3,533,3,Loyal
CLIENT_0694,50,Grenier,F,2025-03-06,2025-08-18,393.51,2,196.75,Direct,0,True,4,94,Maison,2,114,2,393.51,4,2,5,425,4,Dormant
CLIENT_0695,49,Perret,M,2023-08-01,2023-10-26,73.75,2,36.88,Social,15,True,5,745,Électronique,10,776,2,73.75,1,2,3,123,4,Dormant
CLIENT_0696,35,Sainte Christophe,F,2024-05-06,2024-07-13,52.43,4,13.11,Email,8,False,4,509,Loisirs,7,515,4,52.43,2,4,2,242,1,A risque
CLIENT_0697,32,Techer-la-Forêt,F,2024-11-04,2025-12-09,96.28,3,32.09,SEA,25,True,5,0,Alimentation,2,1,3,96.28,5,3,3,533,3,Loyal
CLIENT_0698,50,Deschamps,F,2023-04-06,2023-06-10,37.87,7,5.41,Direct,0,False,4,905,Électronique,8,914,7,37.87,1,5,1,151,1,A risque
CLIENT_0699,68,Delorme,F,2025-06-18,2025-08-23,12328.46,1,12328.46,Social,15,True,5,91,Électronique,7,109,1,12328.46,4,1,5,415,0,A risque
CLIENT_0700,29,Deschamps,F,2023-06-19,2024-06-12,34.61,2,17.3,Reference,5,True,4,542,Mode,5,546,2,34.61,2,2,1,221,4,Dormant
CLIENT_0701,48,Deschamps,M,2025-08-18,2025-12-09,39.55,2,19.77,Direct,0,False,4,0,Alimentation,7,1,2,39.55,5,2,1,521,2,Potentiel
CLIENT_0702,23,Deschamps,F,2023-05-20,2025-12-09,50.3,8,6.29,Direct,0,False,3,0,Maison,6,1,8,50.3,5,5,2,552,3,Loyal
CLIENT_0703,37,CaronBourg,M,2024-05-13,2025-12-09,1705.45,2,852.73,Email,8,True,5,0,Alimentation,2,1,2,1705.45,5,2,5,525,0,A risque
CLIENT_0704,70,Barbenec,F,2025-04-25,2025-10-28,1670.48,5,334.1,SEA,25,True,4,38,Électronique,8,43,5,1670.48,4,5,5,455,0,A risque
CLIENT_0705,18,Peronnec,M,2025-03-26,2025-05-10,145.45,3,48.48,Social,15,True,5,197,Loisirs,3,214,3,145.45,3,3,4,334,1,A risque
CLIENT_0706,40,Sanchez,F,2023-10-14,2025-07-15,164.34,1,164.34,Direct,0,False,3,131,Maison,9,148,1,164.34,3,1,4,314,4,Dormant
CLIENT_0707,29,Meunier,F,2023-05-11,2023-07-26,3379.68,3,1126.56,SEA,25,False,5,865,Alimentation,5,868,3,3379.68,1,3,5,135,0,A risque
CLIENT_0708,56,Hubert,F,2023-07-22,2023-11-22,30.16,4,7.54,Email,8,True,3,740,Électronique,10,749,4,30.16,1,4,1,141,1,A risque
CLIENT_0709,48,CaronBourg,F,2024-10-17,2025-06-09,85.88,2,42.94,Social,15,True,4,169,Mode,1,184,2,85.88,3,2,3,323,4,Dormant
CLIENT_0710,37,Grenier,M,2023-05-23,2023-11-10,2436.88,4,609.22,SEA,25,False,5,747,Alimentation,8,761,4,2436.88,1,4,5,145,0,A risque
CLIENT_0711,53,Techer-la-Forêt,F,2024-10-20,2025-12-09,30.5,3,10.17,Social,15,True,4,0,Loisirs,3,1,3,30.5,5,3,1,531,3,Loyal
CLIENT_0712,66,CaronBourg,F,2024-12-08,2025-02-07,200.54,1,200.54,Social,15,True,5,297,Électronique,2,306,1,200.54,3,1,4,314,4,Dormant
CLIENT_0713,20,Barbenec,F,2023-05-03,2023-12-20,306.2,1,306.2,SEA,25,True,4,701,Électronique,8,721,1,306.2,1,1,4,114,4,Dormant
CLIENT_0714,39,Barbenec,M,2024-03-22,2024-03-29,69.69,2,34.84,Social,15,True,4,597,Maison,5,621,2,69.69,2,2,3,223,4,Dormant
CLIENT_0715,53,CaronBourg,F,2023-09-09,2023-12-11,123.36,4,30.84,Direct,0,False,4,711,Électronique,2,730,4,123.36,1,4,3,143,1,A risque
CLIENT_0716,39,Maillard,M,2023-04-04,2023-10-27,138.16,2,69.08,Email,8,False,4,760,Mode,10,775,2,138.16,1,2,4,124,4,Dormant
CLIENT_0717,71,CaronBourg,M,2025-03-16,2025-12-09,35.71,2,17.86,Social,15,True,2,0,Loisirs,3,1,2,35.71,5,2,1,521,2,Potentiel
CLIENT_0718,48,Sainte Christophe,M,2025-11-23,2025-12-09,38.8,2,19.4,SEA,25,True,5,0,Mode,8,1,2,38.8,5,2,1,521,2,Potentiel
CLIENT_0719,52,Peronnec,F,2025-05-12,2025-12-09,475.55,4,118.89,Reference,5,True,4,0,Électronique,7,1,4,475.55,5,4,5,545,3,Loyal
CLIENT_0720,37,BonninVille,M,2023-10-04,2023-11-03,180.58,2,90.29,Email,8,False,4,744,Électronique,4,768,2,180.58,1,2,4,124,4,Dormant
CLIENT_0721,18,Hubert,F,2025-08-27,2025-12-09,50.44,5,10.09,Email,8,True,5,0,Loisirs,7,1,5,50.44,5,5,2,552,3,Loyal
CLIENT_0722,18,BonninVille,M,2024-06-25,2024-09-09,43.08,2,21.54,Direct,0,True,5,428,Alimentation,6,457,2,43.08,2,2,2,222,4,Dormant
CLIENT_0723,35,Peronnec,F,2023-10-08,2024-01-16,307.43,1,307.43,Email,8,True,4,674,Maison,5,694,1,307.43,1,1,4,114,4,Dormant
CLIENT_0724,38,CaronBourg,F,2025-03-08,2025-06-07,169.18,2,84.59,SEA,25,False,4,170,Maison,5,186,2,169.18,3,2,4,324,4,Dormant
CLIENT_0725,53,Deschamps,F,2025-05-01,2025-12-09,96.01,3,32.0,Direct,0,True,3,0,Alimentation,5,1,3,96.01,5,3,3,533,3,Loyal
CLIENT_0726,40,CaronBourg,M,2023-10-27,2024-09-25,43.17,2,21.59,Email,8,False,5,419,Mode,5,441,2,43.17,2,2,2,222,4,Dormant
CLIENT_0727,36,Sainte Margotboeuf,F,2024-02-26,2025-01-01,318.15,3,106.05,Direct,0,False,4,330,Maison,8,343,3,318.15,3,3,4,334,1,A risque
CLIENT_0728,53,Leconte-sur-Masson,F,2025-08-14,2025-12-09,176.92,2,88.46,Email,8,True,5,0,Maison,3,1,2,176.92,5,2,4,524,2,Potentiel
CLIENT_0729,40,Deschamps,F,2024-03-28,2024-08-28,352.47,1,352.47,Social,15,True,5,443,Électronique,3,469,1,352.47,2,1,4,214,4,Dormant
CLIENT_0730,26,Deschamps,M,2023-12-01,2025-12-09,238.79,2,119.39,SEA,25,True,4,0,Alimentation,5,1,2,238.79,5,2,4,524,2,Potentiel
CLIENT_0731,29,Sanchez,M,2023-02-03,2023-06-08,36.3,1,36.3,SEA,25,False,4,897,Mode,8,916,1,36.3,1,1,1,111,4,Dormant
CLIENT_0732,31,Deschamps,M,2025-02-05,2025-12-09,54.9,2,27.45,SEA,25,False,3,0,Mode,3,1,2,54.9,5,2,2,522,2,Potentiel
CLIENT_0733,61,Baudry,F,2024-01-03,2024-03-23,268.64,1,268.64,Direct,0,False,3,607,Loisirs,1,627,1,268.64,2,1,4,214,4,Dormant
CLIENT_0734,39,Hubert,M,2023-07-17,2024-06-12,108.73,3,36.24,Reference,5,False,2,525,Maison,7,546,3,108.73,2,3,3,233,1,A risque
CLIENT_0735,43,Hubert,M,2025-08-15,2025-12-09,143.63,3,47.88,Social,15,True,4,0,Loisirs,1,1,3,143.63,5,3,4,534,3,Loyal
CLIENT_0736,30,Leconte-sur-Masson,M,2025-01-18,2025-10-09,74.55,2,37.27,Social,15,False,4,58,Maison,10,62,2,74.55,4,2,3,423,4,Dormant
CLIENT_0737,28,Hubert,M,2023-11-25,2023-12-13,2471.03,2,1235.52,Email,8,False,4,702,Loisirs,9,728,2,2471.03,1,2,5,125,0,A risque
CLIENT_0738,64,Barbenec,F,2024-12-29,2025-08-09,90.77,3,30.26,Direct,0,True,3,100,Loisirs,10,123,3,90.77,4,3,3,433,1,A risque
CLIENT_0739,35,Sainte Genevièvenec,M,2023-03-05,2023-03-06,1259.81,4,314.95,Social,15,True,4,998,Maison,10,1010,4,1259.81,1,4,5,145,0,A risque
CLIENT_0740,25,Leconte-sur-Masson,M,2023-05-01,2024-04-06,181.6,7,25.94,Social,15,True,3,594,Électronique,1,613,7,181.6,2,5,4,254,1,A risque
CLIENT_0741,18,Sainte Genevièvenec,M,2023-05-02,2024-04-04,35.24,3,11.75,Social,15,False,4,585,Loisirs,10,615,3,35.24,2,3,1,231,1,A risque
CLIENT_0742,42,Gimenez,F,2025-11-02,2025-12-09,85.34,2,42.67,SEA,25,True,3,0,Maison,10,1,2,85.34,5,2,3,523,2,Potentiel
CLIENT_0743,52,Barbenec,F,2024-05-08,2024-05-29,9513.92,2,4756.96,SEA,25,False,5,552,Électronique,9,560,2,9513.92,2,2,5,225,0,A risque
CLIENT_0744,38,Sanchez,F,2025-11-14,2025-12-09,176.45,5,35.29,Social,15,False,4,0,Électronique,6,1,5,176.45,5,5,4,554,3,Loyal
CLIENT_0745,22,Techer-la-Forêt,F,2025-02-19,2025-12-09,64.5,1,64.5,Email,8,True,4,0,Mode,4,1,1,64.5,5,1,2,512,2,Potentiel
CLIENT_0746,64,Grenier,M,2025-06-21,2025-12-09,97.3,4,24.32,Social,15,False,4,0,Maison,7,1,4,97.3,5,4,3,543,3,Loyal
CLIENT_0747,34,BonninVille,F,2023-06-18,2024-07-17,50.99,4,12.75,SEA,25,False,1,508,Loisirs,10,511,4,50.99,2,4,2,242,1,A risque
CLIENT_0748,40,Peronnec,M,2024-08-21,2025-05-01,980.91,5,196.18,Social,15,True,5,194,Alimentation,5,223,5,980.91,3,5,5,355,0,A risque
CLIENT_0749,44,CaronBourg,M,2024-06-01,2024-11-06,856.33,5,171.27,Reference,5,False,5,389,Mode,6,399,5,856.33,2,5,5,255,0,A risque
CLIENT_0750,34,Sainte Margotboeuf,M,2023-05-19,2023-05-26,143.8,3,47.93,Direct,0,False,5,900,Mode,4,929,3,143.8,1,3,4,134,1,A risque
CLIENT_0751,22,Sanchez,F,2023-08-28,2023-12-26,107.09,1,107.09,Direct,0,True,5,689,Électronique,8,715,1,107.09,1,1,3,113,4,Dormant
CLIENT_0752,30,Barbenec,F,2024-10-27,2025-02-03,51.12,2,25.56,SEA,25,False,2,303,Mode,8,310,2,51.12,3,2,2,322,4,Dormant
CLIENT_0753,23,Deschamps,F,2023-11-19,2025-01-02,600.61,1,600.61,Reference,5,False,4,314,Loisirs,5,342,1,600.61,3,1,5,315,4,Dormant
CLIENT_0754,37,Sanchez,F,2024-10-09,2025-07-15,313.46,4,78.36,Social,15,True,2,126,Loisirs,4,148,4,313.46,3,4,4,344,1,A risque
CLIENT_0755,32,Gimenez,M,2024-08-28,2025-12-09,52.59,1,52.59,Social,15,True,4,0,Mode,8,1,1,52.59,5,1,2,512,2,Potentiel
CLIENT_0756,60,Gimenez,M,2024-01-22,2024-03-24,98.58,4,24.64,Social,15,False,4,598,Alimentation,6,626,4,98.58,2,4,3,243,1,A risque
CLIENT_0757,18,Barbenec,F,2023-01-11,2025-12-09,127.19,1,127.19,SEA,25,False,4,0,Électronique,9,1,1,127.19,5,1,3,513,2,Potentiel
CLIENT_0758,52,Meunier,F,2025-01-12,2025-10-23,78.46,5,15.69,Social,15,True,3,22,Loisirs,7,48,5,78.46,4,5,3,453,1,A risque
CLIENT_0759,23,Sanchez,F,2023-08-28,2023-11-28,47.96,1,47.96,Direct,0,False,2,717,Mode,7,743,1,47.96,1,1,2,112,4,Dormant
CLIENT_0760,32,Deschamps,F,2023-03-25,2023-10-04,45.77,4,11.44,Social,15,True,4,796,Loisirs,4,798,4,45.77,1,4,2,142,1,A risque
CLIENT_0761,24,Barbenec,F,2023-02-08,2025-12-09,87.37,3,29.12,Social,15,True,4,0,Mode,3,1,3,87.37,5,3,3,533,3,Loyal
CLIENT_0762,25,Gimenez,F,2024-03-15,2024-06-02,32.49,3,10.83,SEA,25,False,5,541,Alimentation,1,556,3,32.49,2,3,1,231,1,A risque
CLIENT_0763,28,Hubert,F,2025-05-28,2025-12-09,70.98,2,35.49,Email,8,False,4,0,Alimentation,1,1,2,70.98,5,2,3,523,2,Potentiel
CLIENT_0764,37,CaronBourg,M,2023-10-08,2023-12-08,7764.38,2,3882.19,SEA,25,True,5,705,Mode,7,733,2,7764.38,1,2,5,125,0,A risque
CLIENT_0765,49,Baudry,M,2024-04-07,2024-07-04,38.5,2,19.25,Social,15,True,3,496,Loisirs,4,524,2,38.5,2,2,1,221,4,Dormant
CLIENT_0766,64,Sainte Margotboeuf,F,2024-10-15,2025-02-05,66.65,1,66.65,Direct,0,False,3,307,Maison,4,308,1,66.65,3,1,2,312,4,Dormant
CLIENT_0767,20,Perret,M,2025-01-02,2025-12-09,80.07,3,26.69,SEA,25,True,5,0,Électronique,7,1,3,80.07,5,3,3,533,3,Loyal
CLIENT_0768,55,Techer-la-Forêt,M,2024-03-03,2024-05-06,127.92,2,63.96,Direct,0,True,4,559,Électronique,1,583,2,127.92,2,2,3,223,4,Dormant
CLIENT_0769,18,Maillard,M,2023-09-01,2024-04-15,228.3,4,57.08,Email,8,True,3,600,Alimentation,4,604,4,228.3,2,4,4,244,1,A risque
CLIENT_0770,27,Deschamps,M,2024-07-19,2025-12-09,97.77,6,16.29,Reference,5,True,2,0,Alimentation,7,1,6,97.77,5,5,3,553,3,Loyal
CLIENT_0771,35,Hubert,M,2025-02-08,2025-09-18,76.73,3,25.58,Social,15,True,4,82,Loisirs,7,83,3,76.73,4,3,3,433,1,A risque
CLIENT_0772,43,CaronBourg,F,2025-11-04,2025-12-09,207.22,2,103.61,SEA,25,True,3,0,Électronique,10,1,2,207.22,5,2,4,524,2,Potentiel
CLIENT_0773,46,Maillard,F,2023-06-16,2024-03-19,68.21,3,22.74,Email,8,True,2,621,Maison,4,631,3,68.21,2,3,2,232,1,A risque
CLIENT_0774,50,Hubert,M,2024-04-20,2024-12-14,32.87,3,10.96,Direct,0,False,3,333,Loisirs,6,361,3,32.87,3,3,1,331,1,A risque
CLIENT_0775,27,Delorme,F,2024-12-07,2024-12-20,137.14,5,27.43,Email,8,False,4,338,Mode,4,355,5,137.14,3,5,4,354,1,A risque
CLIENT_0776,40,Perret,F,2023-09-03,2023-10-08,625.33,3,208.44,SEA,25,False,5,792,Maison,3,794,3,625.33,1,3,5,135,0,A risque
CLIENT_0777,75,Leconte-sur-Masson,M,2024-06-30,2024-12-27,75.21,4,18.8,Direct,0,False,4,335,Loisirs,7,348,4,75.21,3,4,3,343,1,A risque
CLIENT_0778,18,Deschamps,F,2024-12-07,2025-04-09,37.32,1,37.32,Email,8,True,3,234,Alimentation,1,245,1,37.32,3,1,1,311,4,Dormant
CLIENT_0779,25,Barbenec,F,2023-10-08,2024-02-22,31.93,4,7.98,Email,8,True,3,631,Mode,7,657,4,31.93,1,4,1,141,1,A risque
CLIENT_0780,59,Hubert,M,2024-12-07,2025-12-09,103.94,5,20.79,Social,15,True,3,0,Électronique,6,1,5,103.94,5,5,3,553,3,Loyal
CLIENT_0781,22,Sainte Christophe,M,2023-07-11,2023-11-30,400.17,2,200.09,Reference,5,True,5,734,Loisirs,10,741,2,400.17,1,2,5,125,4,Dormant
CLIENT_0782,37,Hubert,F,2024-04-14,2024-07-19,33.57,1,33.57,Social,15,True,3,486,Mode,1,509,1,33.57,2,1,1,211,4,Dormant
CLIENT_0783,25,Hubert,F,2023-10-17,2025-07-27,57.0,4,14.25,Reference,5,False,2,114,Alimentation,8,136,4,57.0,4,4,2,442,1,A risque
CLIENT_0784,38,Peronnec,F,2025-01-30,2025-04-27,66.78,4,16.7,SEA,25,True,3,200,Maison,9,227,4,66.78,3,4,2,342,1,A risque
CLIENT_0785,51,CaronBourg,F,2024-11-15,2025-07-29,592.71,1,592.71,Direct,0,True,4,124,Alimentation,1,134,1,592.71,4,1,5,415,4,Dormant
CLIENT_0786,21,Gimenez,M,2025-04-14,2025-06-07,47.07,4,11.77,Email,8,False,3,179,Loisirs,10,186,4,47.07,3,4,2,342,1,A risque
CLIENT_0787,48,Sainte Margotboeuf,F,2025-02-26,2025-06-29,84.89,3,28.3,Reference,5,True,2,142,Mode,7,164,3,84.89,3,3,3,333,1,A risque
CLIENT_0788,45,Leconte-sur-Masson,F,2025-03-04,2025-05-09,30.81,3,10.27,Social,15,False,2,213,Mode,5,215,3,30.81,3,3,1,331,1,A risque
CLIENT_0789,27,Baudry,F,2024-03-26,2024-08-31,42.85,2,21.43,SEA,25,False,2,445,Maison,5,466,2,42.85,2,2,2,222,4,Dormant
CLIENT_0790,18,Leconte-sur-Masson,M,2024-01-04,2025-01-13,53.42,2,26.71,SEA,25,False,2,330,Électronique,5,331,2,53.42,3,2,2,322,4,Dormant
CLIENT_0791,33,Leconte-sur-Masson,F,2023-09-24,2023-12-06,70.15,6,11.69,Direct,0,True,3,715,Électronique,3,735,6,70.15,1,5,3,153,1,A risque
CLIENT_0792,28,Sainte Christophe,M,2025-07-23,2025-12-09,775.81,5,155.16,Email,8,False,4,0,Loisirs,9,1,5,775.81,5,5,5,555,3,Loyal
CLIENT_0793,56,Sanchez,M,2025-07-17,2025-12-09,41.52,4,10.38,Email,8,False,3,0,Loisirs,3,1,4,41.52,5,4,1,541,3,Loyal
CLIENT_0794,32,Perret,M,2025-04-11,2025-12-09,55.62,5,11.12,SEA,25,True,3,0,Mode,2,1,5,55.62,5,5,2,552,3,Loyal
CLIENT_0795,47,Maillard,M,2023-05-30,2023-08-29,35.61,4,8.9,SEA,25,False,4,819,Alimentation,6,834,4,35.61,1,4,1,141,1,A risque
CLIENT_0796,49,Grenier,F,2023-07-28,2024-01-01,119.82,5,23.96,Reference,5,True,4,685,Alimentation,4,709,5,119.82,1,5,3,153,1,A risque
CLIENT_0797,50,Deschamps,F,2024-12-11,2025-10-01,551.12,6,91.85,Email,8,True,5,63,Alimentation,9,70,6,551.12,4,5,5,455,1,A risque
CLIENT_0798,35,Leconte-sur-Masson,M,2024-09-29,2025-09-01,33.0,2,16.5,SEA,25,True,3,96,Loisirs,4,100,2,33.0,4,2,1,421,4,Dormant
CLIENT_0799,59,Sainte Genevièvenec,F,2024-05-11,2024-06-11,70.68,4,17.67,SEA,25,True,4,518,Maison,5,547,4,70.68,2,4,3,243,1,A risque
CLIENT_0800,45,Leconte-sur-Masson,F,2023-05-01,2023-05-02,31.08,3,10.36,Social,15,True,4,946,Maison,5,953,3,31.08,1,3,1,131,1,A risque
CLIENT_0801,34,Peronnec,F,2025-02-08,2025-04-11,49.7,2,24.85,Reference,5,True,5,228,Loisirs,8,243,2,49.7,3,2,2,322,4,Dormant
CLIENT_0802,53,Leconte-sur-Masson,F,2023-01-30,2023-09-01,1784.02,4,446.0,SEA,25,True,5,819,Électronique,5,831,4,1784.02,1,4,5,145,0,A risque
CLIENT_0803,34,Perret,M,2024-01-27,2024-03-19,800.52,4,200.13,Email,8,True,5,611,Alimentation,8,631,4,800.52,2,4,5,245,0,A risque
CLIENT_0804,19,Techer-la-Forêt,M,2023-08-14,2025-12-09,35.79,2,17.89,Social,15,False,1,0,Mode,6,1,2,35.79,5,2,1,521,2,Potentiel
CLIENT_0805,56,Maillard,M,2023-08-15,2024-03-28,2405.78,6,400.96,Social,15,False,4,613,Électronique,9,622,6,2405.78,2,5,5,255,0,A risque
CLIENT_0806,61,Sainte Margotboeuf,M,2023-12-09,2023-12-17,65.97,3,21.99,Email,8,False,2,719,Alimentation,6,724,3,65.97,1,3,2,132,1,A risque
CLIENT_0807,18,Baudry,F,2025-04-27,2025-12-09,62.74,3,20.91,SEA,25,True,4,0,Alimentation,9,1,3,62.74,5,3,2,532,3,Loyal
CLIENT_0808,34,Sainte Christophe,F,2023-03-31,2024-04-23,98.42,2,49.21,Email,8,True,4,574,Mode,6,596,2,98.42,2,2,3,223,4,Dormant
CLIENT_0809,45,CaronBourg,M,2024-08-27,2024-12-26,16414.11,4,4103.53,Reference,5,False,5,346,Loisirs,4,349,4,16414.11,3,4,5,345,0,A risque
CLIENT_0810,43,CaronBourg,M,2024-03-13,2025-01-02,32.78,1,32.78,Direct,0,True,2,323,Électronique,5,342,1,32.78,3,1,1,311,4,Dormant
CLIENT_0811,18,Grenier,M,2023-08-16,2023-12-12,284.19,4,71.05,SEA,25,True,4,711,Loisirs,2,729,4,284.19,1,4,4,144,1,A risque
CLIENT_0812,52,Leconte-sur-Masson,F,2024-08-29,2024-10-30,36.5,4,9.12,Social,15,True,3,379,Mode,4,406,4,36.5,2,4,1,241,1,A risque
CLIENT_0813,30,Delorme,M,2024-05-21,2024-08-06,126.99,4,31.75,Email,8,True,2,490,Alimentation,6,491,4,126.99,2,4,3,243,1,A risque
CLIENT_0814,58,Peronnec,M,2023-05-21,2024-02-21,6647.7,3,2215.9,Social,15,True,5,641,Électronique,9,658,3,6647.7,1,3,5,135,0,A risque
CLIENT_0815,33,Maillard,M,2023-07-14,2023-09-24,57.62,6,9.6,Social,15,False,2,803,Maison,6,808,6,57.62,1,5,2,152,1,A risque
CLIENT_0816,45,Techer-la-Forêt,F,2023-04-21,2023-05-03,47581.68,2,23790.84,Email,8,False,5,928,Électronique,8,952,2,47581.68,1,2,5,125,0,A risque
CLIENT_0817,57,BonninVille,M,2025-09-21,2025-12-09,226.72,4,56.68,Email,8,False,4,0,Maison,4,1,4,226.72,5,4,4,544,3,Loyal
CLIENT_0818,60,Meunier,F,2023-01-13,2023-08-10,41.39,9,4.6,Reference,5,True,3,829,Électronique,10,853,9,41.39,1,5,1,151,1,A risque
CLIENT_0819,33,Sanchez,F,2024-12-15,2025-01-07,34.06,3,11.35,Social,15,True,1,320,Électronique,9,337,3,34.06,3,3,1,331,1,A risque
CLIENT_0820,51,BonninVille,F,2025-09-26,2025-10-06,141.16,3,47.05,Email,8,False,3,48,Électronique,9,65,3,141.16,4,3,4,434,1,A risque
CLIENT_0821,56,Maillard,M,2023-07-20,2024-04-17,56.3,6,9.38,Email,8,False,4,590,Électronique,1,602,6,56.3,2,5,2,252,1,A risque
CLIENT_0822,47,Gimenez,F,2025-06-09,2025-12-09,6615.15,1,6615.15,SEA,25,True,5,0,Électronique,7,1,1,6615.15,5,1,5,515,0,A risque
CLIENT_0823,64,Deschamps,M,2023-10-03,2024-08-10,35795.42,3,11931.81,Social,15,True,5,470,Alimentation,10,487,3,35795.42,2,3,5,235,0,A risque
CLIENT_0824,42,Peronnec,F,2023-04-08,2023-10-28,137.68,1,137.68,Social,15,False,4,758,Alimentation,6,774,1,137.68,1,1,4,114,4,Dormant
CLIENT_0825,36,Deschamps,F,2025-06-03,2025-12-09,146.91,4,36.73,Reference,5,True,4,0,Mode,5,1,4,146.91,5,4,4,544,3,Loyal
CLIENT_0826,37,BonninVille,F,2023-12-23,2024-01-07,36.0,1,36.0,SEA,25,True,3,683,Loisirs,1,703,1,36.0,1,1,1,111,4,Dormant
CLIENT_0827,40,Maillard,M,2023-12-18,2024-04-13,60.15,3,20.05,Social,15,False,2,597,Loisirs,9,606,3,60.15,2,3,2,232,1,A risque
CLIENT_0828,43,Perret,M,2024-10-04,2025-04-20,405.04,3,135.01,Email,8,True,3,224,Loisirs,2,234,3,405.04,3,3,5,335,1,A risque
CLIENT_0829,33,Grenier,M,2025-10-15,2025-12-09,64.8,3,21.6,Direct,0,False,5,0,Maison,7,1,3,64.8,5,3,2,532,3,Loyal
CLIENT_0830,34,Sanchez,F,2024-08-02,2024-08-06,542.67,4,135.67,SEA,25,False,5,481,Maison,8,491,4,542.67,2,4,5,245,1,A risque
CLIENT_0831,41,Perret,F,2024-05-10,2024-10-16,50.55,2,25.27,SEA,25,True,2,409,Maison,4,420,2,50.55,2,2,2,222,4,Dormant
CLIENT_0832,52,Leconte-sur-Masson,F,2025-07-06,2025-08-07,36.58,5,7.32,Reference,5,True,4,98,Électronique,10,125,5,36.58,4,5,1,451,1,A risque
CLIENT_0833,74,Sainte Genevièvenec,F,2025-10-16,2025-12-09,118.89,3,39.63,Reference,5,True,3,0,Maison,2,1,3,118.89,5,3,3,533,3,Loyal
CLIENT_0834,40,Grenier,M,2025-06-22,2025-12-09,554.62,1,554.62,SEA,25,True,4,0,Mode,4,1,1,554.62,5,1,5,515,2,Potentiel
CLIENT_0835,31,Deschamps,F,2024-07-14,2024-12-27,52.95,4,13.24,Social,15,True,4,326,Électronique,3,348,4,52.95,3,4,2,342,1,A risque
CLIENT_0836,57,Hubert,M,2024-11-22,2025-02-01,65.55,1,65.55,SEA,25,False,3,289,Mode,2,312,1,65.55,3,1,2,312,4,Dormant
CLIENT_0837,41,Perret,M,2024-03-12,2024-07-07,100.63,2,50.31,Direct,0,False,4,495,Loisirs,9,521,2,100.63,2,2,3,223,4,Dormant
CLIENT_0838,63,Sainte Margotboeuf,M,2025-11-21,2025-12-09,176.69,4,44.17,Direct,0,False,4,0,Alimentation,5,1,4,176.69,5,4,4,544,3,Loyal
CLIENT_0839,40,Maillard,M,2024-07-15,2025-12-09,75.52,1,75.52,Email,8,False,2,0,Alimentation,5,1,1,75.52,5,1,3,513,2,Potentiel
CLIENT_0840,46,Sainte Margotboeuf,M,2024-12-19,2025-03-10,58.6,4,14.65,Reference,5,True,3,267,Maison,4,275,4,58.6,3,4,2,342,1,A risque
CLIENT_0841,49,Techer-la-Forêt,F,2023-07-18,2023-11-05,86.43,1,86.43,Email,8,False,4,738,Électronique,5,766,1,86.43,1,1,3,113,4,Dormant
CLIENT_0842,54,Sanchez,F,2023-11-22,2024-09-22,1046.78,5,209.36,Email,8,False,4,418,Maison,1,444,5,1046.78,2,5,5,255,0,A risque
CLIENT_0843,24,Gimenez,F,2025-07-29,2025-12-09,60.71,1,60.71,Social,15,True,4,0,Mode,5,1,1,60.71,5,1,2,512,2,Potentiel
CLIENT_0844,56,Baudry,M,2025-04-25,2025-12-09,4130.12,5,826.02,Social,15,True,5,0,Loisirs,1,1,5,4130.12,5,5,5,555,0,A risque
CLIENT_0845,37,Techer-la-Forêt,F,2023-06-25,2023-12-22,140.27,4,35.07,Email,8,True,2,694,Loisirs,10,719,4,140.27,1,4,4,144,1,A risque
CLIENT_0846,40,Delorme,F,2023-04-27,2024-05-14,166.89,3,55.63,SEA,25,True,4,553,Électronique,5,575,3,166.89,2,3,4,234,1,A risque
CLIENT_0847,63,Sainte Christophe,F,2025-09-30,2025-12-09,248.54,4,62.13,Social,15,True,5,0,Loisirs,8,1,4,248.54,5,4,4,544,3,Loyal
CLIENT_0848,51,Hubert,F,2023-05-18,2024-02-04,33.83,1,33.83,Social,15,True,2,655,Mode,3,675,1,33.83,1,1,1,111,4,Dormant
CLIENT_0849,18,Perret,M,2023-04-25,2023-10-13,107.64,3,35.88,SEA,25,True,4,767,Mode,6,789,3,107.64,1,3,3,133,1,A risque
CLIENT_0850,54,Perret,F,2025-06-27,2025-12-09,40.68,1,40.68,SEA,25,True,3,0,Maison,6,1,1,40.68,5,1,1,511,2,Potentiel
CLIENT_0851,52,Barbenec,M,2024-03-01,2025-04-03,100.19,4,25.05,Email,8,False,4,232,Alimentation,9,251,4,100.19,3,4,3,343,1,A risque
CLIENT_0852,44,Delorme,F,2023-07-26,2024-09-05,88.18,1,88.18,Social,15,True,3,445,Mode,10,461,1,88.18,2,1,3,213,4,Dormant
CLIENT_0853,40,Sainte Margotboeuf,M,2025-06-03,2025-06-10,31.65,2,15.82,SEA,25,True,3,173,Mode,8,183,2,31.65,3,2,1,321,4,Dormant
CLIENT_0854,29,Perret,M,2024-07-15,2024-10-02,131.85,5,26.37,Social,15,False,3,423,Loisirs,1,434,5,131.85,2,5,4,254,1,A risque
CLIENT_0855,40,Delorme,F,2023-10-05,2025-01-20,191.32,5,38.26,Direct,0,True,4,295,Loisirs,8,324,5,191.32,3,5,4,354,1,A risque
CLIENT_0856,26,Sainte Genevièvenec,M,2024-02-07,2025-07-06,60.41,1,60.41,SEA,25,False,3,126,Maison,8,157,1,60.41,3,1,2,312,4,Dormant
CLIENT_0857,50,Deschamps,M,2024-04-24,2025-08-18,31.9,3,10.63,Social,15,True,4,92,Maison,7,114,3,31.9,4,3,1,431,1,A risque
CLIENT_0858,48,Delorme,M,2023-12-02,2024-05-21,117.29,1,117.29,Email,8,True,4,543,Alimentation,8,568,1,117.29,2,1,3,213,4,Dormant
CLIENT_0859,64,Grenier,F,2024-10-01,2025-05-01,41.64,3,13.88,Social,15,False,3,206,Électronique,4,223,3,41.64,3,3,1,331,1,A risque
CLIENT_0860,27,Deschamps,F,2025-08-21,2025-12-09,34.35,3,11.45,SEA,25,False,3,0,Alimentation,10,1,3,34.35,5,3,1,531,3,Loyal
CLIENT_0861,46,Leconte-sur-Masson,M,2024-04-24,2025-12-09,39.63,5,7.93,Direct,0,True,3,0,Alimentation,1,1,5,39.63,5,5,1,551,3,Loyal
CLIENT_0862,30,BonninVille,M,2023-08-09,2023-12-12,41.65,5,8.33,Email,8,False,2,708,Électronique,4,729,5,41.65,1,5,1,151,1,A risque
CLIENT_0863,48,Hubert,F,2023-07-13,2024-03-11,91.72,1,91.72,Direct,0,True,5,637,Alimentation,1,639,1,91.72,2,1,3,213,4,Dormant
CLIENT_0864,43,Techer-la-Forêt,F,2025-08-14,2025-12-09,947.31,1,947.31,Email,8,False,5,0,Mode,8,1,1,947.31,5,1,5,515,2,Potentiel
CLIENT_0865,36,Peronnec,M,2023-12-07,2024-04-03,124.5,3,41.5,SEA,25,False,4,596,Alimentation,6,616,3,124.5,2,3,3,233,1,A risque
CLIENT_0866,42,Grenier,F,2023-03-10,2023-06-04,146.12,1,146.12,SEA,25,True,4,900,Électronique,9,920,1,146.12,1,1,4,114,4,Dormant
CLIENT_0867,43,Hubert,M,2023-10-15,2024-06-16,33.06,1,33.06,SEA,25,True,4,526,Loisirs,9,542,1,33.06,2,1,1,211,4,Dormant
CLIENT_0868,24,Sainte Margotboeuf,M,2023-11-09,2024-07-22,42.56,1,42.56,Direct,0,True,4,493,Loisirs,1,506,1,42.56,2,1,1,211,4,Dormant
CLIENT_0869,65,Gimenez,F,2024-05-04,2024-10-31,15607.63,1,15607.63,SEA,25,False,5,402,Alimentation,7,405,1,15607.63,2,1,5,215,0,A risque
CLIENT_0870,40,Barbenec,F,2022-12-30,2024-01-04,33.4,1,33.4,Email,8,True,2,676,Mode,3,706,1,33.4,1,1,1,111,4,Dormant
CLIENT_0871,26,Sainte Christophe,F,2023-03-21,2025-08-06,30.31,1,30.31,Email,8,False,3,98,Alimentation,1,126,1,30.31,4,1,1,411,4,Dormant
CLIENT_0872,48,Peronnec,F,2024-06-29,2025-03-11,147.82,3,49.27,Reference,5,False,4,271,Alimentation,9,274,3,147.82,3,3,4,334,1,A risque
CLIENT_0873,34,Sanchez,F,2023-09-21,2023-11-20,6155.64,8,769.46,SEA,25,True,5,728,Alimentation,2,751,8,6155.64,1,5,5,155,0,A risque
CLIENT_0874,31,Delorme,M,2024-11-10,2025-04-23,35.68,1,35.68,Email,8,False,3,215,Maison,4,231,1,35.68,3,1,1,311,4,Dormant
CLIENT_0875,34,Leconte-sur-Masson,M,2023-01-06,2023-05-23,44.22,3,14.74,Email,8,False,5,911,Mode,8,932,3,44.22,1,3,2,132,1,A risque
CLIENT_0876,41,Sanchez,F,2023-06-24,2023-09-29,426.27,3,142.09,Social,15,False,4,788,Alimentation,8,803,3,426.27,1,3,5,135,1,A risque
CLIENT_0877,26,Gimenez,F,2025-08-21,2025-11-24,18969.38,2,9484.69,Reference,5,True,5,0,Alimentation,10,16,2,18969.38,4,2,5,425,0,A risque
CLIENT_0878,68,Deschamps,M,2024-11-29,2025-12-09,217.04,2,108.52,Social,15,True,4,0,Alimentation,8,1,2,217.04,5,2,4,524,2,Potentiel
CLIENT_0879,28,Deschamps,F,2024-11-19,2025-05-05,543.79,4,135.95,Social,15,False,5,205,Maison,1,219,4,543.79,3,4,5,345,0,A risque
CLIENT_0880,42,Baudry,F,2024-03-12,2024-10-20,58.61,4,14.65,Email,8,True,2,407,Électronique,7,416,4,58.61,2,4,2,242,1,A risque
CLIENT_0881,42,Sainte Margotboeuf,M,2024-10-23,2025-07-06,31.41,3,10.47,Direct,0,False,3,146,Maison,8,157,3,31.41,3,3,1,331,1,A risque
CLIENT_0882,28,Sanchez,F,2023-02-09,2023-11-19,244.27,2,122.14,SEA,25,True,4,745,Mode,6,752,2,244.27,1,2,4,124,4,Dormant
CLIENT_0883,41,Sainte Christophe,M,2024-04-22,2025-08-25,108.27,2,54.13,Social,15,True,3,84,Alimentation,3,107,2,108.27,4,2,3,423,4,Dormant
CLIENT_0884,53,Meunier,M,2025-01-18,2025-07-27,35.31,1,35.31,Email,8,True,4,109,Maison,5,136,1,35.31,4,1,1,411,4,Dormant
CLIENT_0885,33,Baudry,F,2023-01-24,2024-07-22,63.75,1,63.75,Reference,5,True,4,480,Loisirs,2,506,1,63.75,2,1,2,212,4,Dormant
CLIENT_0886,47,Gimenez,M,2025-08-22,2025-12-09,95.52,2,47.76,SEA,25,False,3,0,Maison,4,1,2,95.52,5,2,3,523,2,Potentiel
CLIENT_0887,25,CaronBourg,F,2025-11-04,2025-12-09,56.15,7,8.02,Reference,5,True,4,0,Alimentation,10,1,7,56.15,5,5,2,552,3,Loyal
CLIENT_0888,35,Techer-la-Forêt,M,2023-06-17,2023-06-25,195.6,5,39.12,Email,8,True,4,885,Électronique,2,899,5,195.6,1,5,4,154,1,A risque
CLIENT_0889,53,Deschamps,F,2024-06-28,2025-07-24,79.17,2,39.59,SEA,25,True,5,111,Mode,8,139,2,79.17,4,2,3,423,4,Dormant
CLIENT_0890,20,Perret,M,2025-03-12,2025-12-09,42.34,5,8.47,Social,15,True,3,0,Alimentation,10,1,5,42.34,5,5,1,551,3,Loyal
CLIENT_0891,24,Techer-la-Forêt,M,2024-10-24,2025-04-20,404.88,2,202.44,Email,8,True,5,233,Mode,2,234,2,404.88,3,2,5,325,4,Dormant
CLIENT_0892,31,CaronBourg,M,2024-10-20,2025-12-09,56.11,5,11.22,Reference,5,False,4,0,Mode,4,1,5,56.11,5,5,2,552,3,Loyal
CLIENT_0893,46,Deschamps,M,2024-06-10,2024-07-12,43.3,5,8.66,SEA,25,True,3,511,Mode,3,516,5,43.3,2,5,2,252,1,A risque
CLIENT_0894,18,Baudry,F,2024-07-24,2025-07-01,174.15,1,174.15,Direct,0,True,5,133,Mode,8,162,1,174.15,3,1,4,314,4,Dormant
CLIENT_0895,24,CaronBourg,F,2023-07-06,2025-12-09,542.9,2,271.45,Social,15,True,4,0,Mode,5,1,2,542.9,5,2,5,525,2,Potentiel
CLIENT_0896,24,Meunier,M,2024-10-27,2025-02-19,151.23,4,37.81,Email,8,True,3,284,Mode,1,294,4,151.23,3,4,4,344,1,A risque
CLIENT_0897,74,Gimenez,M,2024-01-14,2025-03-23,34.71,3,11.57,Reference,5,True,2,242,Loisirs,10,262,3,34.71,3,3,1,331,1,A risque
CLIENT_0898,23,Perret,M,2025-03-31,2025-12-09,32.96,2,16.48,Email,8,True,4,0,Loisirs,4,1,2,32.96,5,2,1,521,2,Potentiel
CLIENT_0899,33,Sainte Margotboeuf,M,2023-08-22,2025-06-29,62.23,5,12.45,SEA,25,False,5,136,Alimentation,5,164,5,62.23,3,5,2,352,1,A risque
CLIENT_0900,45,Sanchez,M,2023-06-07,2024-05-24,896.49,4,224.12,Social,15,True,5,540,Maison,8,565,4,896.49,2,4,5,245,0,A risque
CLIENT_0901,18,Delorme,M,2023-08-10,2025-03-12,77.83,4,19.46,Email,8,False,4,252,Mode,10,273,4,77.83,3,4,3,343,1,A risque
CLIENT_0902,48,Maillard,F,2024-06-16,2025-04-02,33.59,4,8.4,Social,15,True,4,222,Alimentation,5,252,4,33.59,3,4,1,341,1,A risque
CLIENT_0903,53,Perret,F,2025-03-27,2025-09-18,39.76,3,13.25,Direct,0,True,5,57,Loisirs,4,83,3,39.76,4,3,1,431,1,A risque
CLIENT_0904,20,Barbenec,F,2022-12-29,2024-08-21,127.18,1,127.18,Social,15,True,4,456,Alimentation,9,476,1,127.18,2,1,3,213,4,Dormant
CLIENT_0905,36,CaronBourg,M,2025-11-02,2025-12-09,388.0,5,77.6,Direct,0,False,5,0,Maison,2,1,5,388.0,5,5,5,555,3,Loyal
CLIENT_0906,61,Maillard,F,2023-05-18,2023-07-22,40.24,2,20.12,Social,15,False,4,863,Mode,4,872,2,40.24,1,2,1,121,4,Dormant
CLIENT_0907,18,Techer-la-Forêt,F,2024-04-07,2025-11-21,581.51,2,290.75,Direct,0,False,4,15,Électronique,10,19,2,581.51,4,2,5,425,0,A risque
CLIENT_0908,35,Maillard,F,2025-02-19,2025-03-07,2218.11,5,443.62,Social,15,True,5,272,Électronique,2,278,5,2218.11,3,5,5,355,0,A risque
CLIENT_0909,47,Meunier,F,2024-01-31,2024-02-10,69.69,6,11.62,SEA,25,True,4,662,Alimentation,10,669,6,69.69,1,5,3,153,1,A risque
CLIENT_0910,51,BonninVille,M,2023-12-22,2024-09-17,35.74,7,5.11,SEA,25,True,5,440,Électronique,7,449,7,35.74,2,5,1,251,1,A risque
CLIENT_0911,53,Peronnec,M,2024-03-25,2024-04-30,1626.8,4,406.7,SEA,25,True,5,562,Maison,3,589,4,1626.8,2,4,5,245,0,A risque
CLIENT_0912,27,Sainte Margotboeuf,M,2024-08-31,2024-09-06,31.76,4,7.94,Social,15,True,3,434,Loisirs,8,460,4,31.76,2,4,1,241,1,A risque
CLIENT_0913,37,Deschamps,M,2023-05-26,2024-07-17,81.18,5,16.24,SEA,25,False,4,483,Mode,3,511,5,81.18,2,5,3,253,1,A risque
CLIENT_0914,69,Deschamps,F,2025-02-01,2025-10-27,112.17,3,37.39,Direct,0,False,4,36,Électronique,6,44,3,112.17,4,3,3,433,1,A risque
CLIENT_0915,63,Peronnec,F,2024-08-10,2024-11-19,1304.69,2,652.35,Direct,0,True,5,369,Mode,6,386,2,1304.69,3,2,5,325,0,A risque
CLIENT_0916,18,Grenier,F,2024-12-29,2025-12-09,704.66,4,176.16,Email,8,False,5,0,Mode,9,1,4,704.66,5,4,5,545,3,Loyal
CLIENT_0917,18,Sanchez,F,2024-07-10,2025-01-31,474.34,3,158.11,SEA,25,False,4,301,Alimentation,6,313,3,474.34,3,3,5,335,0,A risque
CLIENT_0918,25,Sanchez,M,2024-06-16,2025-12-09,30.06,3,10.02,Reference,5,True,3,0,Alimentation,4,1,3,30.06,5,3,1,531,3,Loyal
CLIENT_0919,31,Gimenez,F,2024-09-28,2024-11-23,98.73,3,32.91,Direct,0,True,4,357,Maison,3,382,3,98.73,3,3,3,333,1,A risque
CLIENT_0920,28,Peronnec,M,2025-07-14,2025-12-09,39.24,6,6.54,Email,8,True,3,0,Loisirs,2,1,6,39.24,5,5,1,551,3,Loyal
CLIENT_0921,66,Techer-la-Forêt,M,2025-07-02,2025-12-09,34.25,1,34.25,Email,8,False,4,0,Maison,9,1,1,34.25,5,1,1,511,2,Potentiel
CLIENT_0922,34,Peronnec,F,2024-06-22,2024-07-01,233.38,3,77.79,Direct,0,True,3,516,Mode,1,527,3,233.38,2,3,4,234,1,A risque
CLIENT_0923,44,Gimenez,F,2025-04-17,2025-07-15,53.98,6,9.0,Reference,5,False,3,123,Loisirs,9,148,6,53.98,3,5,2,352,1,A risque
CLIENT_0924,47,Grenier,F,2023-09-15,2025-12-09,135.24,1,135.24,Social,15,True,4,0,Électronique,10,1,1,135.24,5,1,4,514,2,Potentiel
CLIENT_0925,35,Deschamps,M,2025-02-13,2025-12-09,84.96,4,21.24,Email,8,True,4,0,Loisirs,9,1,4,84.96,5,4,3,543,3,Loyal
CLIENT_0926,47,Sanchez,F,2025-07-06,2025-09-06,1216.19,1,1216.19,Email,8,False,5,71,Loisirs,9,95,1,1216.19,4,1,5,415,0,A risque
CLIENT_0927,45,BonninVille,F,2025-07-22,2025-12-09,51.76,2,25.88,SEA,25,False,4,0,Alimentation,9,1,2,51.76,5,2,2,522,2,Potentiel
CLIENT_0928,34,CaronBourg,M,2025-02-02,2025-09-04,98.78,5,19.76,Social,15,True,2,71,Mode,6,97,5,98.78,4,5,3,453,1,A risque
CLIENT_0929,50,Techer-la-Forêt,M,2025-09-27,2025-12-09,60.88,5,12.18,Email,8,True,5,0,Loisirs,1,1,5,60.88,5,5,2,552,3,Loyal
CLIENT_0930,56,Gimenez,F,2023-02-24,2023-10-23,218.92,3,72.97,Social,15,True,5,751,Mode,5,779,3,218.92,1,3,4,134,1,A risque
CLIENT_0931,54,Sainte Christophe,M,2025-10-30,2025-12-09,46.46,4,11.62,Reference,5,False,4,0,Électronique,5,1,4,46.46,5,4,2,542,3,Loyal
CLIENT_0932,38,Deschamps,F,2025-03-14,2025-04-30,116.95,1,116.95,Social,15,True,5,196,Mode,7,224,1,116.95,3,1,3,313,4,Dormant
CLIENT_0933,40,BonninVille,F,2023-08-26,2024-02-11,810.46,1,810.46,SEA,25,True,5,655,Maison,2,668,1,810.46,1,1,5,115,4,Dormant
CLIENT_0934,56,Gimenez,F,2023-09-06,2025-12-09,395.21,3,131.74,Reference,5,False,2,0,Alimentation,1,1,3,395.21,5,3,5,535,3,Loyal
CLIENT_0935,19,Peronnec,F,2023-11-19,2024-10-31,31.4,5,6.28,SEA,25,False,5,375,Alimentation,10,405,5,31.4,2,5,1,251,1,A risque
CLIENT_0936,27,Sainte Christophe,F,2023-11-14,2024-10-23,646.98,3,215.66,SEA,25,True,5,398,Loisirs,5,413,3,646.98,2,3,5,235,0,A risque
CLIENT_0937,36,Meunier,F,2024-09-28,2025-11-19,34.05,2,17.02,Email,8,False,4,7,Maison,9,21,2,34.05,4,2,1,421,2,Potentiel
CLIENT_0938,41,Techer-la-Forêt,M,2025-04-25,2025-12-09,30.99,3,10.33,Social,15,True,3,0,Loisirs,10,1,3,30.99,5,3,1,531,3,Loyal
CLIENT_0939,59,Gimenez,F,2025-08-22,2025-12-09,498.55,4,124.64,Social,15,True,3,0,Mode,5,1,4,498.55,5,4,5,545,3,Loyal
CLIENT_0940,18,CaronBourg,F,2023-02-20,2023-03-28,160.61,3,53.54,Social,15,True,2,981,Maison,5,988,3,160.61,1,3,4,134,1,A risque
CLIENT_0941,34,Hubert,M,2023-01-16,2023-08-21,87.44,5,17.49,Direct,0,True,5,830,Mode,5,842,5,87.44,1,5,3,153,1,A risque
CLIENT_0942,21,Deschamps,M,2024-08-12,2025-06-05,39.09,5,7.82,SEA,25,True,2,182,Loisirs,8,188,5,39.09,3,5,1,351,1,A risque
CLIENT_0943,18,Sainte Christophe,F,2024-05-13,2025-05-11,10321.41,4,2580.35,Email,8,True,5,209,Maison,2,213,4,10321.41,3,4,5,345,0,A risque
CLIENT_0944,50,Barbenec,M,2024-02-18,2024-04-20,110.26,2,55.13,Direct,0,True,3,569,Mode,1,599,2,110.26,2,2,3,223,4,Dormant
CLIENT_0945,22,Meunier,M,2023-12-02,2024-12-28,211.91,2,105.95,Email,8,True,5,329,Électronique,8,347,2,211.91,3,2,4,324,4,Dormant
CLIENT_0946,32,Deschamps,F,2023-11-18,2024-07-27,61.42,5,12.28,Social,15,True,4,475,Électronique,8,501,5,61.42,2,5,2,252,1,A risque
CLIENT_0947,53,CaronBourg,M,2023-06-12,2025-03-10,142.18,1,142.18,Direct,0,True,4,251,Maison,2,275,1,142.18,3,1,4,314,4,Dormant
CLIENT_0948,49,Perret,M,2025-11-24,2025-12-09,37.99,5,7.6,Reference,5,True,4,0,Maison,8,1,5,37.99,5,5,1,551,3,Loyal
CLIENT_0949,44,Peronnec,F,2023-07-25,2023-10-13,2511.33,1,2511.33,Direct,0,True,5,763,Mode,4,789,1,2511.33,1,1,5,115,0,A risque
CLIENT_0950,51,Grenier,F,2023-04-11,2024-06-21,486.0,5,97.2,Email,8,True,5,526,Loisirs,6,537,5,486.0,2,5,5,255,1,A risque
CLIENT_0951,23,Baudry,M,2023-05-15,2024-01-10,72.43,8,9.05,SEA,25,True,4,673,Maison,2,700,8,72.43,1,5,3,153,1,A risque
CLIENT_0952,58,Peronnec,F,2023-06-06,2025-03-11,85.39,3,28.46,Social,15,True,3,270,Mode,3,274,3,85.39,3,3,3,333,1,A risque
CLIENT_0953,40,Sainte Margotboeuf,F,2024-08-26,2025-04-12,5325.8,3,1775.27,Direct,0,False,4,217,Alimentation,10,242,3,5325.8,3,3,5,335,0,A risque
CLIENT_0954,48,Sainte Genevièvenec,M,2023-04-01,2023-07-18,95.29,2,47.65,Social,15,True,5,852,Alimentation,8,876,2,95.29,1,2,3,123,4,Dormant
CLIENT_0955,27,Deschamps,M,2025-07-09,2025-12-09,279.36,5,55.87,Social,15,True,4,0,Mode,1,1,5,279.36,5,5,4,554,3,Loyal
CLIENT_0956,50,Peronnec,M,2024-06-08,2025-06-09,39.75,2,19.88,Social,15,True,4,170,Alimentation,8,184,2,39.75,3,2,1,321,4,Dormant
CLIENT_0957,52,Sainte Margotboeuf,M,2023-12-24,2024-06-14,363.04,2,181.52,Email,8,False,5,520,Maison,4,544,2,363.04,2,2,4,224,4,Dormant
CLIENT_0958,40,Leconte-sur-Masson,M,2023-04-13,2023-09-19,65.07,1,65.07,Reference,5,True,3,792,Loisirs,7,813,1,65.07,1,1,2,112,4,Dormant
CLIENT_0959,54,Baudry,F,2024-07-25,2024-08-06,92.84,6,15.47,Direct,0,False,4,487,Maison,4,491,6,92.84,2,5,3,253,1,A risque
CLIENT_0960,55,Sanchez,F,2025-10-09,2025-12-09,49.48,2,24.74,Social,15,True,4,0,Alimentation,1,1,2,49.48,5,2,2,522,2,Potentiel
CLIENT_0961,53,Sanchez,M,2023-09-03,2024-11-23,71.25,2,35.62,Social,15,True,4,375,Mode,2,382,2,71.25,3,2,3,323,4,Dormant
CLIENT_0962,36,Meunier,M,2023-12-16,2024-08-13,44.13,4,11.03,Social,15,False,5,476,Alimentation,4,484,4,44.13,2,4,2,242,1,A risque
CLIENT_0963,41,Baudry,F,2025-11-05,2025-12-09,32.8,1,32.8,Reference,5,True,5,0,Mode,6,1,1,32.8,5,1,1,511,2,Potentiel
CLIENT_0964,29,Sainte Genevièvenec,F,2025-09-14,2025-12-09,71.71,2,35.85,Social,15,True,3,0,Alimentation,9,1,2,71.71,5,2,3,523,2,Potentiel
CLIENT_0965,53,Barbenec,M,2025-08-22,2025-12-09,345.91,1,345.91,SEA,25,True,5,0,Mode,6,1,1,345.91,5,1,4,514,2,Potentiel
CLIENT_0966,18,Barbenec,F,2025-06-05,2025-11-22,62.51,5,12.5,Social,15,True,3,15,Mode,8,18,5,62.51,4,5,2,452,3,Loyal
CLIENT_0967,40,Delorme,F,2023-05-12,2023-12-26,72.48,2,36.24,Social,15,False,2,707,Mode,9,715,2,72.48,1,2,3,123,4,Dormant
CLIENT_0968,49,Sainte Genevièvenec,F,2023-04-11,2025-12-09,34.89,5,6.98,Social,15,True,3,0,Mode,2,1,5,34.89,5,5,1,551,3,Loyal
CLIENT_0969,41,Meunier,M,2023-10-16,2023-11-18,47.34,2,23.67,Reference,5,True,3,726,Électronique,5,753,2,47.34,1,2,2,122,4,Dormant
CLIENT_0970,60,Leconte-sur-Masson,F,2023-09-08,2024-01-07,30.76,1,30.76,Direct,0,False,3,702,Alimentation,1,703,1,30.76,1,1,1,111,4,Dormant
CLIENT_0971,48,Sainte Genevièvenec,F,2025-03-31,2025-08-28,40.93,7,5.85,Social,15,True,4,81,Loisirs,3,104,7,40.93,4,5,1,451,1,A risque
CLIENT_0972,56,Sainte Genevièvenec,M,2022-12-29,2023-01-17,91.54,3,30.51,Email,8,False,3,1049,Maison,5,1058,3,91.54,1,3,3,133,1,A risque
CLIENT_0973,20,Deschamps,M,2024-11-17,2025-06-28,137.94,3,45.98,Email,8,False,5,152,Mode,10,165,3,137.94,3,3,4,334,1,A risque
CLIENT_0974,39,Deschamps,M,2025-10-25,2025-12-09,33.38,3,11.13,SEA,25,False,1,0,Électronique,8,1,3,33.38,5,3,1,531,3,Loyal
CLIENT_0975,18,Deschamps,F,2023-11-04,2024-03-09,77.28,1,77.28,Direct,0,True,2,614,Mode,2,641,1,77.28,2,1,3,213,4,Dormant
CLIENT_0976,31,Sainte Genevièvenec,M,2023-08-09,2023-12-18,25551.17,2,12775.58,Email,8,False,5,709,Mode,7,723,2,25551.17,1,2,5,125,0,A risque
CLIENT_0977,28,Sainte Christophe,F,2022-12-22,2023-05-23,39.79,1,39.79,Reference,5,True,5,905,Mode,2,932,1,39.79,1,1,1,111,4,Dormant
CLIENT_0978,33,Deschamps,M,2023-01-04,2023-01-25,1352.15,3,450.72,Social,15,True,5,1048,Électronique,8,1050,3,1352.15,1,3,5,135,0,A risque
CLIENT_0979,21,Sainte Christophe,M,2023-04-21,2024-07-18,42.69,3,14.23,Social,15,True,2,499,Loisirs,1,510,3,42.69,2,3,1,231,1,A risque
CLIENT_0980,63,Perret,M,2023-07-31,2023-11-30,1045.67,4,261.42,SEA,25,True,5,717,Loisirs,8,741,4,1045.67,1,4,5,145,0,A risque
CLIENT_0981,40,Sanchez,F,2025-01-12,2025-12-09,50.92,2,25.46,Email,8,True,3,0,Alimentation,2,1,2,50.92,5,2,2,522,2,Potentiel
CLIENT_0982,56,Leconte-sur-Masson,M,2025-06-05,2025-06-16,42.24,4,10.56,Direct,0,False,3,152,Mode,7,177,4,42.24,3,4,1,341,1,A risque
CLIENT_0983,36,Leconte-sur-Masson,M,2023-01-25,2023-03-18,68.78,4,17.2,Direct,0,True,4,984,Mode,10,998,4,68.78,1,4,3,143,1,A risque
CLIENT_0984,18,Meunier,M,2024-04-23,2024-10-31,50.56,1,50.56,Email,8,True,5,393,Maison,10,405,1,50.56,2,1,2,212,4,Dormant
CLIENT_0985,23,Deschamps,M,2025-05-15,2025-09-18,146.28,1,146.28,Direct,0,True,4,77,Maison,4,83,1,146.28,4,1,4,414,4,Dormant
CLIENT_0986,49,Perret,M,2023-01-13,2023-02-22,40.16,2,20.08,Reference,5,True,5,999,Mode,6,1022,2,40.16,1,2,1,121,4,Dormant
CLIENT_0987,52,Grenier,F,2024-08-28,2024-10-03,77.4,2,38.7,Direct,0,False,3,413,Électronique,8,433,2,77.4,2,2,3,223,4,Dormant
CLIENT_0988,75,Sanchez,F,2024-05-22,2025-03-01,256.02,1,256.02,Direct,0,True,5,259,Alimentation,4,284,1,256.02,3,1,4,314,4,Dormant
CLIENT_0989,44,Baudry,M,2023-10-21,2024-05-07,45.84,10,4.58,SEA,25,False,3,573,Alimentation,2,582,10,45.84,2,5,2,252,1,A risque
CLIENT_0990,51,Peronnec,M,2023-03-01,2023-08-31,63.67,4,15.92,Social,15,True,4,809,Mode,7,832,4,63.67,1,4,2,142,1,A risque
CLIENT_0991,30,BonninVille,M,2024-03-29,2024-06-15,32.0,2,16.0,Direct,0,False,3,521,Alimentation,3,543,2,32.0,2,2,1,221,4,Dormant
CLIENT_0992,51,Sainte Christophe,F,2025-04-13,2025-11-06,545.93,5,109.19,Direct,0,False,4,24,Maison,1,34,5,545.93,4,5,5,455,3,Loyal
CLIENT_0993,56,Maillard,M,2023-10-24,2024-05-27,2566.35,5,513.27,Email,8,True,3,561,Maison,5,562,5,2566.35,2,5,5,255,0,A risque
CLIENT_0994,46,Deschamps,M,2023-10-31,2024-03-11,1237.76,3,412.59,SEA,25,False,4,622,Alimentation,8,639,3,1237.76,2,3,5,235,0,A risque
CLIENT_0995,24,Peronnec,F,2023-03-04,2024-04-12,56.51,1,56.51,Social,15,True,4,580,Électronique,7,607,1,56.51,2,1,2,212,4,Dormant
CLIENT_0996,47,Deschamps,F,2023-11-19,2023-11-29,517.2,3,172.4,Reference,5,False,5,713,Loisirs,3,742,3,517.2,1,3,5,135,0,A risque
CLIENT_0997,30,Barbenec,M,2024-06-30,2025-12-09,42.46,4,10.62,Social,15,True,2,0,Loisirs,1,1,4,42.46,5,4,1,541,3,Loyal
CLIENT_0998,49,Perret,F,2024-06-02,2024-06-12,33.82,4,8.46,Email,8,True,2,524,Électronique,4,546,4,33.82,2,4,1,241,1,A risque
CLIENT_0999,41,Sanchez,F,2024-05-02,2024-12-03,50.19,3,16.73,Reference,5,True,5,347,Mode,2,372,3,50.19,3,3,2,332,1,A risque
CLIENT_1000,43,Hubert,F,2023-11-17,2024-03-28,47.51,7,6.79,Direct,0,True,4,609,Loisirs,9,622,7,47.51,2,5,2,252,1,A risque
CLIENT_1001,67,Techer-la-Forêt,F,2025-07-17,2025-12-09,194.23,3,64.74,Email,8,False,3,0,Maison,6,1,3,194.23,5,3,4,534,3,Loyal
CLIENT_1002,18,Sainte Genevièvenec,F,2022-12-10,2023-07-02,44.3,1,44.3,SEA,25,True,3,879,Loisirs,5,892,1,44.3,1,1,2,112,4,Dormant
CLIENT_1003,25,Sainte Genevièvenec,F,2024-07-31,2025-11-16,345.02,5,69.0,Direct,0,False,4,0,Alimentation,10,24,5,345.02,4,5,4,454,3,Loyal
CLIENT_1004,42,Grenier,F,2025-09-09,2025-11-10,45.33,3,15.11,SEA,25,True,3,11,Loisirs,3,30,3,45.33,4,3,2,432,1,A risque
CLIENT_1005,37,Delorme,F,2023-10-27,2023-12-31,209.47,2,104.73,Email,8,False,4,704,Loisirs,8,710,2,209.47,1,2,4,124,4,Dormant
CLIENT_1006,23,Leconte-sur-Masson,F,2023-03-12,2023-08-15,197.68,4,49.42,Social,15,True,3,839,Alimentation,3,848,4,197.68,1,4,4,144,1,A risque
CLIENT_1007,34,Gimenez,F,2023-10-16,2024-07-04,38.82,5,7.76,SEA,25,False,3,519,Mode,4,524,5,38.82,2,5,1,251,1,A risque
CLIENT_1008,46,Perret,M,2025-08-11,2025-12-09,127.45,4,31.86,Social,15,True,3,0,Loisirs,7,1,4,127.45,5,4,3,543,3,Loyal
CLIENT_1009,43,Barbenec,M,2025-02-07,2025-04-08,1429.64,4,357.41,Social,15,False,5,216,Mode,4,246,4,1429.64,3,4,5,345,0,A risque
CLIENT_1010,35,Hubert,M,2025-04-06,2025-12-09,83.01,3,27.67,Email,8,True,4,0,Alimentation,7,1,3,83.01,5,3,3,533,3,Loyal
CLIENT_1011,22,Grenier,F,2025-09-24,2025-12-09,128.9,4,32.23,Direct,0,True,4,0,Maison,5,1,4,128.9,5,4,3,543,3,Loyal
CLIENT_1012,60,Techer-la-Forêt,M,2024-02-11,2024-04-14,51.08,4,12.77,Email,8,False,5,590,Mode,8,605,4,51.08,2,4,2,242,1,A risque
CLIENT_1013,60,Sanchez,F,2023-02-21,2024-06-03,36.74,2,18.37,Email,8,False,2,538,Maison,6,555,2,36.74,2,2,1,221,4,Dormant
CLIENT_1014,37,Meunier,F,2023-12-31,2024-05-20,288.55,3,96.18,SEA,25,False,4,556,Maison,2,569,3,288.55,2,3,4,234,1,A risque
CLIENT_1015,38,BonninVille,M,2023-05-02,2023-09-26,61.48,5,12.3,Email,8,True,2,800,Loisirs,8,806,5,61.48,1,5,2,152,1,A risque
CLIENT_1016,32,Maillard,F,2025-04-23,2025-05-20,39.78,2,19.89,Social,15,True,3,175,Alimentation,6,204,2,39.78,3,2,1,321,4,Dormant
CLIENT_1017,47,Baudry,F,2024-11-19,2025-08-25,35.05,1,35.05,SEA,25,True,4,96,Maison,4,107,1,35.05,4,1,1,411,4,Dormant
CLIENT_1018,59,BonninVille,M,2025-07-31,2025-12-09,53.31,3,17.77,Email,8,True,3,0,Mode,10,1,3,53.31,5,3,2,532,3,Loyal
CLIENT_1019,46,CaronBourg,M,2024-07-18,2025-12-09,43.21,1,43.21,Reference,5,True,4,0,Alimentation,7,1,1,43.21,5,1,2,512,2,Potentiel
CLIENT_1020,38,Deschamps,F,2024-10-24,2025-07-09,78.54,1,78.54,Email,8,False,5,151,Alimentation,1,154,1,78.54,3,1,3,313,4,Dormant
CLIENT_1021,47,Deschamps,M,2025-06-26,2025-10-22,128.7,4,32.17,Email,8,False,3,22,Alimentation,4,49,4,128.7,4,4,3,443,1,A risque
CLIENT_1022,54,Deschamps,M,2024-01-12,2024-04-27,41.98,2,20.99,Email,8,True,4,588,Alimentation,6,592,2,41.98,2,2,1,221,4,Dormant
CLIENT_1023,50,Gimenez,F,2024-11-13,2025-01-11,53.74,3,17.91,Social,15,True,3,303,Électronique,5,333,3,53.74,3,3,2,332,1,A risque
CLIENT_1024,44,CaronBourg,F,2023-06-11,2024-06-04,212.86,4,53.22,Email,8,True,5,529,Loisirs,9,554,4,212.86,2,4,4,244,1,A risque
CLIENT_1025,42,Deschamps,F,2024-12-07,2025-04-09,110.46,2,55.23,Email,8,True,3,241,Alimentation,9,245,2,110.46,3,2,3,323,4,Dormant
CLIENT_1026,51,Maillard,M,2025-10-15,2025-12-09,46.08,4,11.52,SEA,25,True,3,0,Maison,1,1,4,46.08,5,4,2,542,3,Loyal
CLIENT_1027,38,Perret,F,2025-11-21,2025-12-09,62.35,2,31.18,Direct,0,True,4,0,Maison,8,1,2,62.35,5,2,2,522,2,Potentiel
CLIENT_1028,41,Sanchez,M,2023-12-07,2024-01-20,191.52,4,47.88,Social,15,True,4,666,Loisirs,9,690,4,191.52,1,4,4,144,1,A risque
CLIENT_1029,43,Baudry,F,2023-10-06,2023-12-18,380.93,3,126.98,Social,15,False,5,707,Électronique,1,723,3,380.93,1,3,5,135,1,A risque
CLIENT_1030,47,Baudry,F,2023-04-11,2023-08-05,30.68,4,7.67,Social,15,True,4,852,Maison,1,858,4,30.68,1,4,1,141,1,A risque
CLIENT_1031,18,Sainte Christophe,F,2025-01-30,2025-04-20,70.08,3,23.36,SEA,25,True,4,220,Mode,7,234,3,70.08,3,3,3,333,1,A risque
CLIENT_1032,39,Maillard,M,2024-12-26,2025-04-17,298.18,5,59.64,Social,15,True,4,212,Mode,2,237,5,298.18,3,5,4,354,1,A risque
CLIENT_1033,57,Gimenez,F,2025-08-31,2025-12-09,40.41,2,20.2,Email,8,True,3,0,Alimentation,6,1,2,40.41,5,2,1,521,2,Potentiel
CLIENT_1034,63,CaronBourg,F,2023-07-20,2023-07-30,223.96,1,223.96,Social,15,False,5,849,Loisirs,6,864,1,223.96,1,1,4,114,4,Dormant
CLIENT_1035,25,CaronBourg,F,2025-01-02,2025-06-24,62.94,4,15.73,Email,8,True,5,160,Électronique,10,169,4,62.94,3,4,2,342,1,A risque
CLIENT_1036,43,Sainte Christophe,M,2023-03-20,2024-06-29,303.59,6,50.6,Email,8,False,5,519,Électronique,2,529,6,303.59,2,5,4,254,1,A risque
CLIENT_1037,35,Grenier,M,2025-09-02,2025-12-09,35.4,1,35.4,Email,8,True,4,0,Mode,8,1,1,35.4,5,1,1,511,2,Potentiel
CLIENT_1038,39,CaronBourg,M,2024-09-19,2025-02-14,476.72,1,476.72,SEA,25,True,5,281,Électronique,6,299,1,476.72,3,1,5,315,4,Dormant
CLIENT_1039,48,Peronnec,M,2023-08-24,2024-01-14,88.85,2,44.42,Direct,0,False,4,687,Loisirs,1,696,2,88.85,1,2,3,123,4,Dormant
CLIENT_1040,30,Hubert,M,2022-12-21,2023-05-06,693.69,3,231.23,Social,15,True,3,927,Loisirs,9,949,3,693.69,1,3,5,135,0,A risque
CLIENT_1041,18,Deschamps,F,2023-03-08,2025-12-09,52.76,5,10.55,Email,8,False,3,0,Mode,6,1,5,52.76,5,5,2,552,3,Loyal
CLIENT_1042,60,Sanchez,M,2023-08-14,2024-02-21,53.75,3,17.92,Email,8,True,3,651,Électronique,6,658,3,53.75,1,3,2,132,1,A risque
CLIENT_1043,25,Baudry,M,2023-09-23,2024-10-25,34.01,4,8.5,Reference,5,True,3,383,Loisirs,2,411,4,34.01,2,4,1,241,1,A risque
CLIENT_1044,37,Meunier,F,2025-08-10,2025-11-20,44.24,1,44.24,SEA,25,True,4,0,Mode,3,20,1,44.24,4,1,2,412,2,Potentiel
CLIENT_1045,21,Sainte Genevièvenec,F,2024-03-25,2025-02-09,84.39,2,42.2,Social,15,True,5,286,Mode,9,304,2,84.39,3,2,3,323,4,Dormant
CLIENT_1046,44,Hubert,F,2023-04-30,2023-08-19,111.99,7,16.0,Email,8,True,4,833,Mode,3,844,7,111.99,1,5,3,153,1,A risque
CLIENT_1047,22,Meunier,M,2024-09-19,2024-09-27,120.3,3,40.1,SEA,25,True,1,430,Loisirs,2,439,3,120.3,2,3,3,233,1,A risque
CLIENT_1048,56,BonninVille,M,2024-01-08,2024-04-12,70.55,1,70.55,SEA,25,False,1,599,Alimentation,2,607,1,70.55,2,1,3,213,4,Dormant
CLIENT_1049,35,Delorme,M,2023-10-16,2024-04-11,942.27,2,471.13,SEA,25,True,3,598,Alimentation,4,608,2,942.27,2,2,5,225,0,A risque
CLIENT_1050,24,Gimenez,M,2023-07-03,2023-10-20,130.79,3,43.6,Reference,5,True,5,776,Maison,3,782,3,130.79,1,3,4,134,1,A risque
CLIENT_1051,35,Baudry,F,2023-11-23,2024-07-07,34.67,5,6.93,Social,15,True,3,519,Électronique,10,521,5,34.67,2,5,1,251,1,A risque
CLIENT_1052,18,BonninVille,F,2024-04-16,2024-05-11,3570.56,2,1785.28,SEA,25,False,4,549,Électronique,2,578,2,3570.56,2,2,5,225,0,A risque
CLIENT_1053,57,BonninVille,M,2024-04-29,2025-12-04,50.8,2,25.4,Direct,0,True,4,0,Mode,8,6,2,50.8,4,2,2,422,2,Potentiel
CLIENT_1054,32,Hubert,M,2025-10-27,2025-12-09,4303.14,2,2151.57,SEA,25,False,3,0,Maison,5,1,2,4303.14,5,2,5,525,0,A risque
CLIENT_1055,36,Sanchez,F,2024-09-09,2025-06-25,186.01,4,46.5,Social,15,False,5,145,Électronique,10,168,4,186.01,3,4,4,344,1,A risque
CLIENT_1056,29,Techer-la-Forêt,M,2023-12-21,2025-02-02,82.23,2,41.12,Email,8,False,4,280,Électronique,3,311,2,82.23,3,2,3,323,4,Dormant
CLIENT_1057,43,Barbenec,F,2025-08-08,2025-12-09,270.72,4,67.68,Email,8,True,5,0,Mode,9,1,4,270.72,5,4,4,544,3,Loyal
CLIENT_1058,48,Baudry,F,2023-04-20,2023-06-02,37.28,3,12.43,Email,8,True,3,892,Loisirs,9,922,3,37.28,1,3,1,131,1,A risque
CLIENT_1059,51,Hubert,M,2023-10-18,2024-03-06,200.05,2,100.03,SEA,25,True,2,630,Électronique,2,644,2,200.05,1,2,4,124,4,Dormant
CLIENT_1060,53,Meunier,F,2025-01-17,2025-09-21,49.34,2,24.67,Social,15,True,4,72,Maison,3,80,2,49.34,4,2,2,422,4,Dormant
CLIENT_1061,53,Grenier,M,2024-03-18,2025-12-09,57.49,1,57.49,Direct,0,True,4,0,Alimentation,10,1,1,57.49,5,1,2,512,2,Potentiel
CLIENT_1062,43,Grenier,F,2024-09-16,2024-12-13,70.42,1,70.42,Email,8,True,2,349,Loisirs,3,362,1,70.42,3,1,3,313,4,Dormant
CLIENT_1063,37,Sainte Margotboeuf,F,2025-08-29,2025-10-28,13013.65,1,13013.65,Direct,0,True,5,16,Loisirs,6,43,1,13013.65,4,1,5,415,0,A risque
CLIENT_1064,53,Deschamps,F,2025-09-20,2025-12-05,31.74,2,15.87,Social,15,False,3,0,Maison,2,5,2,31.74,4,2,1,421,2,Potentiel
CLIENT_1065,42,Meunier,M,2024-02-29,2024-09-16,281.04,2,140.52,SEA,25,True,2,441,Alimentation,10,450,2,281.04,2,2,4,224,4,Dormant
CLIENT_1066,28,Hubert,F,2025-07-19,2025-12-09,38.89,2,19.45,Social,15,False,2,0,Loisirs,9,1,2,38.89,5,2,1,521,2,Potentiel
CLIENT_1067,18,Techer-la-Forêt,M,2025-08-15,2025-12-09,150.21,1,150.21,Email,8,True,5,0,Maison,5,1,1,150.21,5,1,4,514,2,Potentiel
CLIENT_1068,39,Leconte-sur-Masson,F,2025-07-15,2025-10-11,12742.1,5,2548.42,Social,15,True,5,37,Mode,6,60,5,12742.1,4,5,5,455,0,A risque
CLIENT_1069,33,Baudry,F,2025-04-21,2025-05-17,21029.08,4,5257.27,Social,15,True,5,195,Électronique,2,207,4,21029.08,3,4,5,345,0,A risque
CLIENT_1070,62,Perret,F,2023-02-21,2023-09-24,224.05,4,56.01,Social,15,False,3,803,Électronique,1,808,4,224.05,1,4,4,144,1,A risque
CLIENT_1071,46,Maillard,F,2024-05-17,2024-12-23,34.08,3,11.36,SEA,25,False,5,350,Alimentation,9,352,3,34.08,3,3,1,331,1,A risque
CLIENT_1072,46,Gimenez,M,2024-07-10,2024-07-19,13608.56,2,6804.28,Social,15,True,5,489,Électronique,3,509,2,13608.56,2,2,5,225,0,A risque
CLIENT_1073,24,Barbenec,M,2022-12-24,2024-04-08,9447.51,2,4723.76,Email,8,True,4,586,Alimentation,2,611,2,9447.51,2,2,5,225,0,A risque
CLIENT_1074,58,Sainte Genevièvenec,M,2025-03-13,2025-12-09,33.71,6,5.62,Social,15,True,5,0,Électronique,4,1,6,33.71,5,5,1,551,3,Loyal
CLIENT_1075,34,Sainte Christophe,M,2025-06-26,2025-12-09,333.88,6,55.65,Reference,5,False,5,0,Mode,1,1,6,333.88,5,5,4,554,3,Loyal
CLIENT_1076,56,Peronnec,F,2023-11-16,2023-12-09,43.81,1,43.81,Social,15,True,3,712,Loisirs,2,732,1,43.81,1,1,2,112,4,Dormant
CLIENT_1077,53,Meunier,M,2024-01-06,2024-06-15,1473.79,1,1473.79,SEA,25,True,5,538,Électronique,5,543,1,1473.79,2,1,5,215,0,A risque
CLIENT_1078,49,Hubert,M,2024-02-08,2025-12-09,512.22,4,128.06,SEA,25,True,5,0,Loisirs,3,1,4,512.22,5,4,5,545,3,Loyal
CLIENT_1079,45,Sanchez,F,2025-11-20,2025-12-09,58.23,2,29.11,Email,8,True,4,0,Mode,7,1,2,58.23,5,2,2,522,2,Potentiel
CLIENT_1080,42,Leconte-sur-Masson,M,2024-10-20,2025-12-09,48.4,3,16.13,Email,8,False,3,0,Loisirs,8,1,3,48.4,5,3,2,532,3,Loyal
CLIENT_1081,35,Grenier,F,2023-09-14,2025-11-21,1587.86,1,1587.86,Email,8,True,5,9,Mode,8,19,1,1587.86,4,1,5,415,0,A risque
CLIENT_1082,47,Perret,M,2024-08-09,2024-08-13,38.06,5,7.61,Email,8,True,3,479,Mode,4,484,5,38.06,2,5,1,251,1,A risque
CLIENT_1083,35,Meunier,F,2023-08-10,2024-04-09,170.51,2,85.25,Email,8,False,3,599,Mode,6,610,2,170.51,2,2,4,224,4,Dormant
CLIENT_1084,69,Sainte Christophe,M,2023-06-21,2024-03-09,234.98,3,78.33,Social,15,True,3,615,Loisirs,6,641,3,234.98,2,3,4,234,1,A risque
CLIENT_1085,29,Meunier,M,2023-03-19,2024-02-16,169.1,1,169.1,Email,8,False,4,654,Loisirs,2,663,1,169.1,1,1,4,114,4,Dormant
CLIENT_1086,67,Sainte Margotboeuf,M,2023-08-25,2024-11-19,347.74,3,115.91,SEA,25,False,5,367,Alimentation,4,386,3,347.74,3,3,4,334,1,A risque
CLIENT_1087,63,Techer-la-Forêt,F,2025-08-11,2025-08-23,139.72,3,46.57,Direct,0,False,2,92,Électronique,9,109,3,139.72,4,3,4,434,1,A risque
CLIENT_1088,30,Gimenez,F,2023-03-26,2023-04-22,535.76,1,535.76,Social,15,False,5,956,Loisirs,6,963,1,535.76,1,1,5,115,4,Dormant
CLIENT_1089,27,Leconte-sur-Masson,F,2023-01-21,2024-08-27,33.26,4,8.31,Direct,0,False,3,457,Mode,6,470,4,33.26,2,4,1,241,1,A risque
CLIENT_1090,62,Hubert,M,2025-11-23,2025-12-09,56.92,5,11.38,SEA,25,True,3,0,Maison,3,1,5,56.92,5,5,2,552,3,Loyal
CLIENT_1091,23,Techer-la-Forêt,F,2023-02-27,2023-12-22,403.86,1,403.86,SEA,25,True,5,695,Maison,8,719,1,403.86,1,1,5,115,4,Dormant
CLIENT_1092,43,Meunier,F,2024-01-01,2025-12-09,152.21,1,152.21,Social,15,True,5,0,Mode,10,1,1,152.21,5,1,4,514,2,Potentiel
CLIENT_1093,53,Sainte Margotboeuf,M,2025-08-25,2025-11-20,183.85,4,45.96,Reference,5,True,5,0,Alimentation,7,20,4,183.85,4,4,4,444,3,Loyal
CLIENT_1094,28,Meunier,M,2023-03-14,2023-03-25,47.78,2,23.89,SEA,25,False,3,973,Alimentation,4,991,2,47.78,1,2,2,122,4,Dormant
CLIENT_1095,31,Leconte-sur-Masson,M,2024-10-26,2025-12-09,80.48,2,40.24,Reference,5,True,4,0,Électronique,4,1,2,80.48,5,2,3,523,2,Potentiel
CLIENT_1096,43,Leconte-sur-Masson,F,2023-08-24,2024-01-10,40.69,1,40.69,Direct,0,False,4,676,Loisirs,2,700,1,40.69,1,1,1,111,4,Dormant
CLIENT_1097,18,Deschamps,F,2025-07-27,2025-08-21,313.8,1,313.8,SEA,25,False,5,87,Loisirs,4,111,1,313.8,4,1,4,414,4,Dormant
CLIENT_1098,18,Techer-la-Forêt,M,2025-11-03,2025-12-09,302.13,4,75.53,Direct,0,True,4,0,Alimentation,10,1,4,302.13,5,4,4,544,3,Loyal
CLIENT_1099,35,Sainte Genevièvenec,M,2025-03-24,2025-09-08,37.27,2,18.64,Reference,5,False,3,89,Loisirs,4,93,2,37.27,4,2,1,421,4,Dormant
CLIENT_1100,59,Techer-la-Forêt,M,2023-05-29,2023-12-08,40.31,2,20.16,Social,15,False,2,709,Mode,6,733,2,40.31,1,2,1,121,4,Dormant
CLIENT_1101,20,Sanchez,M,2024-11-05,2025-02-06,132.86,1,132.86,Email,8,True,3,289,Alimentation,1,307,1,132.86,3,1,4,314,4,Dormant
CLIENT_1102,72,Maillard,M,2024-09-21,2025-11-09,4376.14,2,2188.07,Direct,0,False,5,16,Alimentation,1,31,2,4376.14,4,2,5,425,0,A risque
CLIENT_1103,21,Sainte Margotboeuf,M,2023-10-18,2025-02-21,49.54,5,9.91,Social,15,True,5,272,Mode,10,292,5,49.54,3,5,2,352,1,A risque
CLIENT_1104,34,Grenier,M,2023-05-15,2025-04-26,72.0,2,36.0,Direct,0,False,4,213,Alimentation,10,228,2,72.0,3,2,3,323,4,Dormant
CLIENT_1105,43,Peronnec,F,2025-06-28,2025-12-09,131.57,5,26.31,Social,15,False,5,0,Loisirs,7,1,5,131.57,5,5,4,554,3,Loyal
CLIENT_1106,18,Techer-la-Forêt,F,2023-05-31,2024-02-14,1218.56,4,304.64,Social,15,True,5,639,Alimentation,2,665,4,1218.56,1,4,5,145,0,A risque
CLIENT_1107,40,Deschamps,M,2024-02-02,2025-12-09,55.78,4,13.95,Social,15,True,2,0,Mode,6,1,4,55.78,5,4,2,542,3,Loyal
CLIENT_1108,21,Grenier,F,2024-03-01,2024-07-08,44.9,2,22.45,Email,8,False,5,516,Électronique,10,520,2,44.9,2,2,2,222,4,Dormant
CLIENT_1109,22,Sainte Margotboeuf,M,2024-08-15,2025-07-23,36.33,4,9.08,SEA,25,True,2,129,Loisirs,7,140,4,36.33,4,4,1,441,1,A risque
CLIENT_1110,62,Maillard,F,2024-08-03,2025-10-03,111.92,3,37.31,Social,15,True,2,59,Électronique,9,68,3,111.92,4,3,3,433,1,A risque
CLIENT_1111,47,Sanchez,M,2024-09-24,2024-09-25,98.91,2,49.45,Social,15,True,4,426,Électronique,2,441,2,98.91,2,2,3,223,4,Dormant
CLIENT_1112,75,Baudry,F,2024-12-19,2025-02-17,1301.59,4,325.4,Social,15,True,5,268,Mode,5,296,4,1301.59,3,4,5,345,0,A risque
CLIENT_1113,33,Barbenec,F,2023-05-21,2024-03-10,164.44,8,20.55,Email,8,True,5,616,Alimentation,3,640,8,164.44,2,5,4,254,1,A risque
CLIENT_1114,43,Gimenez,M,2025-05-03,2025-12-09,60.91,2,30.45,Reference,5,True,2,0,Maison,9,1,2,60.91,5,2,2,522,2,Potentiel
CLIENT_1115,55,Grenier,M,2023-03-26,2023-10-10,124.36,4,31.09,Email,8,False,5,777,Mode,3,792,4,124.36,1,4,3,143,1,A risque
CLIENT_1116,38,Delorme,M,2024-11-23,2025-12-09,171.3,6,28.55,Social,15,True,5,0,Électronique,7,1,6,171.3,5,5,4,554,3,Loyal
CLIENT_1117,41,Sainte Christophe,M,2024-02-03,2024-03-30,207.26,2,103.63,SEA,25,False,5,601,Mode,3,620,2,207.26,2,2,4,224,4,Dormant
CLIENT_1118,21,Perret,M,2023-07-26,2024-02-01,200.61,8,25.08,Email,8,False,5,674,Alimentation,4,678,8,200.61,1,5,4,154,1,A risque
CLIENT_1119,33,Sainte Genevièvenec,M,2024-04-22,2024-11-11,246.71,2,123.36,SEA,25,False,4,372,Électronique,8,394,2,246.71,2,2,4,224,4,Dormant
CLIENT_1120,71,Delorme,M,2025-10-09,2025-11-27,125.76,4,31.44,Direct,0,True,4,0,Alimentation,2,13,4,125.76,4,4,3,443,3,Loyal
CLIENT_1121,37,Techer-la-Forêt,M,2024-08-13,2024-12-04,65.53,4,16.38,Social,15,True,4,369,Loisirs,6,371,4,65.53,3,4,2,342,1,A risque
CLIENT_1122,62,Sainte Margotboeuf,M,2024-07-23,2024-10-09,42.05,5,8.41,Email,8,True,2,405,Électronique,2,427,5,42.05,2,5,1,251,1,A risque
CLIENT_1123,31,Techer-la-Forêt,F,2025-05-12,2025-11-20,202.39,5,40.48,SEA,25,False,5,6,Maison,1,20,5,202.39,4,5,4,454,3,Loyal
CLIENT_1124,58,Hubert,F,2023-11-26,2024-08-10,64.59,2,32.3,Direct,0,False,3,479,Alimentation,3,487,2,64.59,2,2,2,222,4,Dormant
CLIENT_1125,37,Leconte-sur-Masson,M,2024-08-19,2024-09-11,94.75,6,15.79,Email,8,True,5,425,Mode,10,455,6,94.75,2,5,3,253,1,A risque
CLIENT_1126,26,Peronnec,F,2025-10-20,2025-12-09,109.75,8,13.72,Social,15,False,3,0,Mode,6,1,8,109.75,5,5,3,553,3,Loyal
CLIENT_1127,41,CaronBourg,M,2024-05-07,2024-12-05,234.91,1,234.91,Email,8,False,5,345,Mode,8,370,1,234.91,3,1,4,314,4,Dormant
CLIENT_1128,28,Deschamps,F,2024-04-16,2025-01-09,31.51,3,10.5,Social,15,True,3,329,Loisirs,9,335,3,31.51,3,3,1,331,1,A risque
CLIENT_1129,44,Sanchez,F,2023-08-20,2023-10-05,1099.25,4,274.81,Social,15,False,5,772,Électronique,3,797,4,1099.25,1,4,5,145,0,A risque
CLIENT_1130,33,Techer-la-Forêt,M,2024-08-24,2025-01-14,159.72,3,53.24,Social,15,False,2,314,Loisirs,2,330,3,159.72,3,3,4,334,1,A risque
CLIENT_1131,74,Sanchez,F,2023-02-16,2025-12-09,330.96,3,110.32,SEA,25,False,5,0,Mode,7,1,3,330.96,5,3,4,534,3,Loyal
CLIENT_1132,48,Sainte Margotboeuf,F,2023-06-14,2024-06-14,182.77,1,182.77,Social,15,False,3,516,Maison,8,544,1,182.77,2,1,4,214,4,Dormant
CLIENT_1133,18,Hubert,M,2024-07-13,2025-12-09,34.48,2,17.24,Social,15,False,4,0,Mode,2,1,2,34.48,5,2,1,521,2,Potentiel
CLIENT_1134,44,Sainte Genevièvenec,F,2023-07-23,2025-05-14,85.97,5,17.19,SEA,25,True,4,207,Électronique,9,210,5,85.97,3,5,3,353,1,A risque
CLIENT_1135,37,Barbenec,F,2023-04-25,2023-11-29,264.76,1,264.76,Social,15,True,3,730,Mode,9,742,1,264.76,1,1,4,114,4,Dormant
CLIENT_1136,48,Sanchez,F,2023-01-20,2023-11-12,387.61,5,77.52,SEA,25,False,5,736,Alimentation,5,759,5,387.61,1,5,5,155,1,A risque
CLIENT_1137,60,Maillard,M,2023-06-17,2024-05-29,107.11,3,35.7,SEA,25,False,4,557,Maison,9,560,3,107.11,2,3,3,233,1,A risque
CLIENT_1138,45,BonninVille,M,2023-07-27,2023-12-05,5105.45,2,2552.72,SEA,25,True,5,728,Maison,2,736,2,5105.45,1,2,5,125,0,A risque
CLIENT_1139,19,Delorme,M,2025-11-04,2025-12-01,675.43,3,225.14,Social,15,True,5,0,Mode,6,9,3,675.43,4,3,5,435,0,A risque
CLIENT_1140,38,Maillard,F,2024-08-16,2025-01-07,2701.69,4,675.42,Direct,0,True,5,327,Loisirs,4,337,4,2701.69,3,4,5,345,0,A risque
CLIENT_1141,55,Gimenez,M,2025-11-15,2025-12-09,56.65,5,11.33,Email,8,True,4,0,Maison,1,1,5,56.65,5,5,2,552,3,Loyal
CLIENT_1142,44,Maillard,F,2023-10-14,2023-11-10,124.06,3,41.35,Social,15,True,5,731,Loisirs,9,761,3,124.06,1,3,3,133,1,A risque
CLIENT_1143,18,Delorme,M,2023-10-13,2023-11-06,45.8,2,22.9,Reference,5,False,3,752,Alimentation,9,765,2,45.8,1,2,2,122,4,Dormant
CLIENT_1144,33,Deschamps,M,2024-12-22,2025-09-01,47.05,2,23.52,SEA,25,False,4,83,Électronique,10,100,2,47.05,4,2,2,422,4,Dormant
CLIENT_1145,61,Leconte-sur-Masson,F,2023-06-23,2023-07-07,5505.09,4,1376.27,Email,8,False,5,868,Mode,2,887,4,5505.09,1,4,5,145,0,A risque
CLIENT_1146,33,Deschamps,F,2024-07-28,2024-08-09,31.83,1,31.83,SEA,25,True,3,464,Alimentation,2,488,1,31.83,2,1,1,211,4,Dormant
CLIENT_1147,44,Deschamps,M,2025-01-25,2025-09-17,51.35,2,25.68,Social,15,False,4,59,Mode,3,84,2,51.35,4,2,2,422,4,Dormant
CLIENT_1148,33,Leconte-sur-Masson,F,2023-08-19,2023-11-03,147.99,7,21.14,Direct,0,False,3,760,Loisirs,6,768,7,147.99,1,5,4,154,1,A risque
CLIENT_1149,24,Techer-la-Forêt,F,2024-06-03,2024-12-03,144.85,5,28.97,Social,15,True,3,352,Mode,3,372,5,144.85,3,5,4,354,1,A risque
CLIENT_1150,41,Peronnec,M,2023-01-10,2024-06-29,50.79,2,25.39,SEA,25,True,4,516,Maison,2,529,2,50.79,2,2,2,222,4,Dormant
CLIENT_1151,18,Hubert,M,2023-01-06,2023-11-10,84.18,2,42.09,Direct,0,True,3,738,Mode,1,761,2,84.18,1,2,3,123,4,Dormant
CLIENT_1152,35,Gimenez,M,2025-01-19,2025-02-26,71.23,1,71.23,Social,15,False,2,269,Mode,2,287,1,71.23,3,1,3,313,4,Dormant
CLIENT_1153,18,Baudry,F,2024-05-25,2024-11-30,284.19,4,71.05,Email,8,False,3,371,Mode,10,375,4,284.19,3,4,4,344,1,A risque
CLIENT_1154,37,Baudry,F,2025-03-21,2025-05-25,644.4,2,322.2,Social,15,False,5,184,Mode,5,199,2,644.4,3,2,5,325,0,A risque
CLIENT_1155,58,Grenier,M,2025-08-29,2025-09-03,40.81,2,20.41,SEA,25,True,3,67,Maison,9,98,2,40.81,4,2,1,421,4,Dormant
CLIENT_1156,33,Baudry,F,2023-11-05,2024-05-26,1110.21,2,555.11,Social,15,True,4,541,Mode,5,563,2,1110.21,2,2,5,225,0,A risque
CLIENT_1157,48,Delorme,M,2023-09-08,2024-02-02,1362.97,2,681.49,Email,8,True,5,653,Alimentation,4,677,2,1362.97,1,2,5,125,0,A risque
CLIENT_1158,18,Maillard,M,2024-05-23,2025-07-09,37.2,2,18.6,Email,8,True,4,131,Loisirs,4,154,2,37.2,3,2,1,321,4,Dormant
CLIENT_1159,75,Maillard,F,2025-01-16,2025-10-30,47.35,3,15.78,Reference,5,True,3,31,Électronique,1,41,3,47.35,4,3,2,432,1,A risque
CLIENT_1160,63,Sanchez,F,2023-06-15,2023-07-03,40.88,1,40.88,Social,15,True,1,885,Loisirs,7,891,1,40.88,1,1,1,111,4,Dormant
CLIENT_1161,62,Hubert,F,2023-11-05,2023-12-22,30.75,3,10.25,Social,15,False,1,717,Électronique,8,719,3,30.75,1,3,1,131,1,A risque
CLIENT_1162,37,Sainte Margotboeuf,F,2023-10-15,2023-12-28,50.01,2,25.0,Email,8,True,1,699,Électronique,5,713,2,50.01,1,2,2,122,4,Dormant
CLIENT_1163,54,Gimenez,F,2023-12-18,2024-06-09,219.87,3,73.29,Email,8,False,5,532,Alimentation,1,549,3,219.87,2,3,4,234,1,A risque
CLIENT_1164,55,Meunier,F,2023-10-17,2023-10-30,290.65,2,145.32,SEA,25,True,4,743,Mode,1,772,2,290.65,1,2,4,124,4,Dormant
CLIENT_1165,29,Leconte-sur-Masson,M,2024-01-09,2024-05-13,36.97,1,36.97,Direct,0,True,2,552,Électronique,10,576,1,36.97,2,1,1,211,4,Dormant
CLIENT_1166,46,Baudry,F,2025-05-15,2025-12-09,58.93,1,58.93,Direct,0,True,3,0,Maison,6,1,1,58.93,5,1,2,512,2,Potentiel
CLIENT_1167,37,Sainte Christophe,F,2024-02-27,2025-12-09,81.05,3,27.02,Social,15,True,3,0,Loisirs,10,1,3,81.05,5,3,3,533,3,Loyal
CLIENT_1168,48,Sainte Genevièvenec,F,2024-04-10,2024-05-26,67.87,4,16.97,Email,8,True,5,551,Alimentation,8,563,4,67.87,2,4,2,242,1,A risque
CLIENT_1169,36,Barbenec,F,2022-12-21,2023-03-29,2178.16,2,1089.08,Social,15,True,5,966,Alimentation,3,987,2,2178.16,1,2,5,125,0,A risque
CLIENT_1170,40,Hubert,F,2025-04-02,2025-05-06,38.55,4,9.64,Social,15,True,4,210,Mode,7,218,4,38.55,3,4,1,341,1,A risque
CLIENT_1171,50,Barbenec,F,2024-06-08,2024-10-19,38.52,2,19.26,SEA,25,False,3,401,Alimentation,6,417,2,38.52,2,2,1,221,4,Dormant
CLIENT_1172,29,Barbenec,F,2024-11-29,2024-12-06,63.12,4,15.78,Email,8,False,5,367,Mode,1,369,4,63.12,3,4,2,342,1,A risque
CLIENT_1173,59,Sainte Christophe,F,2025-11-30,2025-12-09,32.93,3,10.98,Reference,5,True,3,0,Maison,1,1,3,32.93,5,3,1,531,3,Loyal
CLIENT_1174,45,Barbenec,M,2023-11-24,2024-06-22,216.17,2,108.08,SEA,25,True,4,520,Maison,5,536,2,216.17,2,2,4,224,4,Dormant
CLIENT_1175,51,Hubert,M,2025-10-04,2025-11-18,69.01,1,69.01,Email,8,True,2,15,Loisirs,10,22,1,69.01,4,1,3,413,2,Potentiel
CLIENT_1176,49,Hubert,M,2024-10-03,2025-04-11,1551.05,5,310.21,SEA,25,True,4,230,Alimentation,6,243,5,1551.05,3,5,5,355,0,A risque
CLIENT_1177,53,Gimenez,M,2024-11-01,2025-10-05,105.23,2,52.62,Email,8,False,4,45,Mode,8,66,2,105.23,4,2,3,423,4,Dormant
CLIENT_1178,41,Gimenez,F,2024-04-12,2024-05-10,265.17,8,33.15,SEA,25,True,4,567,Mode,10,579,8,265.17,2,5,4,254,1,A risque
CLIENT_1179,40,Baudry,F,2023-09-29,2024-01-24,50.15,4,12.54,Social,15,False,5,673,Mode,9,686,4,50.15,1,4,2,142,1,A risque
CLIENT_1180,57,Leconte-sur-Masson,F,2023-07-02,2025-01-18,40.86,3,13.62,Direct,0,False,4,324,Loisirs,3,326,3,40.86,3,3,1,331,1,A risque
CLIENT_1181,38,Gimenez,M,2023-10-18,2024-03-04,75.07,3,25.02,Email,8,False,3,635,Maison,6,646,3,75.07,1,3,3,133,1,A risque
CLIENT_1182,18,Sainte Margotboeuf,F,2024-01-15,2025-09-27,295.08,4,73.77,SEA,25,True,3,47,Mode,2,74,4,295.08,4,4,4,444,1,A risque
CLIENT_1183,45,Deschamps,F,2023-01-25,2024-08-25,34.38,4,8.6,Social,15,True,2,453,Électronique,1,472,4,34.38,2,4,1,241,1,A risque
CLIENT_1184,43,Techer-la-Forêt,F,2025-10-23,2025-12-09,1584.86,2,792.43,Email,8,False,5,0,Loisirs,1,1,2,1584.86,5,2,5,525,0,A risque
CLIENT_1185,62,Deschamps,F,2023-10-22,2024-10-30,36.81,3,12.27,Social,15,False,5,376,Alimentation,10,406,3,36.81,2,3,1,231,1,A risque
CLIENT_1186,18,Hubert,F,2023-01-29,2025-07-16,221.84,2,110.92,Direct,0,True,4,137,Maison,6,147,2,221.84,3,2,4,324,4,Dormant
CLIENT_1187,42,Maillard,F,2024-01-06,2025-09-21,388.31,1,388.31,Direct,0,False,4,53,Alimentation,8,80,1,388.31,4,1,5,415,4,Dormant
CLIENT_1188,67,Grenier,F,2022-12-22,2023-03-15,624.39,3,208.13,Social,15,False,5,992,Mode,2,1001,3,624.39,1,3,5,135,0,A risque
CLIENT_1189,35,Peronnec,F,2023-09-19,2025-11-28,40.56,2,20.28,Direct,0,True,4,0,Électronique,3,12,2,40.56,4,2,1,421,2,Potentiel
CLIENT_1190,31,Sainte Christophe,F,2025-01-11,2025-06-18,31.19,3,10.4,Email,8,False,5,146,Électronique,8,175,3,31.19,3,3,1,331,1,A risque
CLIENT_1191,44,Meunier,M,2025-01-14,2025-07-31,71.19,2,35.59,Email,8,False,2,119,Maison,3,132,2,71.19,4,2,3,423,4,Dormant
CLIENT_1192,56,BonninVille,F,2023-08-21,2024-01-22,504.57,3,168.19,Social,15,False,3,665,Électronique,3,688,3,504.57,1,3,5,135,0,A risque
CLIENT_1193,59,Delorme,M,2025-11-20,2025-12-09,52.45,2,26.23,Email,8,True,3,0,Maison,4,1,2,52.45,5,2,2,522,2,Potentiel
CLIENT_1194,46,Baudry,F,2023-03-10,2023-06-07,114.82,2,57.41,SEA,25,True,4,900,Mode,10,917,2,114.82,1,2,3,123,4,Dormant
CLIENT_1195,47,Sainte Margotboeuf,F,2025-09-30,2025-12-09,142.24,2,71.12,Social,15,False,3,0,Électronique,1,1,2,142.24,5,2,4,524,2,Potentiel
CLIENT_1196,71,Leconte-sur-Masson,F,2023-07-21,2023-09-16,1516.22,4,379.06,Social,15,True,5,801,Alimentation,6,816,4,1516.22,1,4,5,145,0,A risque
CLIENT_1197,43,Sanchez,F,2023-05-12,2023-05-14,8582.99,3,2861.0,SEA,25,True,5,916,Électronique,8,941,3,8582.99,1,3,5,135,0,A risque
CLIENT_1198,20,Maillard,F,2025-03-25,2025-11-12,40.03,1,40.03,Reference,5,False,4,4,Mode,3,28,1,40.03,4,1,1,411,4,Dormant
CLIENT_1199,50,Baudry,F,2025-10-21,2025-12-09,4878.48,3,1626.16,Email,8,True,5,0,Alimentation,5,1,3,4878.48,5,3,5,535,0,A risque
CLIENT_1200,50,Gimenez,F,2024-05-04,2024-08-27,104.26,6,17.38,Social,15,False,5,448,Maison,2,470,6,104.26,2,5,3,253,1,A risque
CLIENT_1201,52,BonninVille,F,2023-10-17,2025-07-19,34.99,4,8.75,SEA,25,True,4,121,Maison,4,144,4,34.99,4,4,1,441,1,A risque
CLIENT_1202,31,Sainte Genevièvenec,F,2025-08-06,2025-08-28,723.9,3,241.3,Reference,5,False,4,89,Électronique,10,104,3,723.9,4,3,5,435,0,A risque
CLIENT_1203,41,Perret,M,2025-10-06,2025-12-09,339.48,3,113.16,Social,15,True,5,0,Loisirs,7,1,3,339.48,5,3,4,534,3,Loyal
CLIENT_1204,44,Gimenez,M,2025-02-24,2025-12-09,106.14,1,106.14,Email,8,False,4,0,Maison,7,1,1,106.14,5,1,3,513,2,Potentiel
CLIENT_1205,26,Delorme,M,2024-07-14,2024-08-07,49.76,2,24.88,Email,8,True,3,474,Électronique,7,490,2,49.76,2,2,2,222,4,Dormant
CLIENT_1206,28,Maillard,F,2023-09-08,2023-11-07,32.39,2,16.2,SEA,25,True,1,736,Électronique,5,764,2,32.39,1,2,1,121,4,Dormant
CLIENT_1207,50,Sainte Genevièvenec,M,2023-10-04,2024-07-22,324.87,6,54.15,Email,8,False,4,498,Mode,5,506,6,324.87,2,5,4,254,1,A risque
CLIENT_1208,41,Barbenec,F,2022-12-20,2024-05-24,293.99,4,73.5,SEA,25,True,5,538,Mode,3,565,4,293.99,2,4,4,244,1,A risque
CLIENT_1209,47,Techer-la-Forêt,M,2024-06-01,2025-03-23,223.77,5,44.75,SEA,25,False,4,261,Mode,3,262,5,223.77,3,5,4,354,1,A risque
CLIENT_1210,53,Sanchez,F,2023-02-20,2023-04-09,476.29,4,119.07,Social,15,True,5,947,Mode,5,976,4,476.29,1,4,5,145,1,A risque
CLIENT_1211,62,Barbenec,M,2023-12-29,2025-11-22,579.55,3,193.18,SEA,25,False,5,17,Alimentation,5,18,3,579.55,4,3,5,435,0,A risque
CLIENT_1212,39,Gimenez,F,2024-06-11,2025-12-09,39.32,4,9.83,Social,15,False,4,0,Loisirs,4,1,4,39.32,5,4,1,541,3,Loyal
CLIENT_1213,65,Meunier,M,2025-02-11,2025-02-16,34.25,2,17.12,Reference,5,True,5,277,Maison,2,297,2,34.25,3,2,1,321,4,Dormant
CLIENT_1214,64,Gimenez,M,2025-07-12,2025-12-09,1776.91,5,355.38,Direct,0,True,5,0,Électronique,2,1,5,1776.91,5,5,5,555,3,Loyal
CLIENT_1215,39,Leconte-sur-Masson,M,2024-02-09,2025-06-22,130.4,4,32.6,Social,15,True,4,158,Alimentation,2,171,4,130.4,3,4,4,344,1,A risque
CLIENT_1216,28,Meunier,M,2024-01-29,2024-09-18,236.46,1,236.46,Email,8,True,4,424,Maison,5,448,1,236.46,2,1,4,214,4,Dormant
CLIENT_1217,21,Gimenez,F,2023-04-21,2024-04-17,74.82,2,37.41,Social,15,False,3,597,Électronique,7,602,2,74.82,2,2,3,223,4,Dormant
CLIENT_1218,40,Leconte-sur-Masson,M,2023-11-11,2025-12-09,41.65,3,13.88,Social,15,True,4,0,Alimentation,6,1,3,41.65,5,3,1,531,3,Loyal
CLIENT_1219,37,Sanchez,M,2024-05-26,2024-07-23,120.35,2,60.17,SEA,25,True,3,503,Alimentation,9,505,2,120.35,2,2,3,223,4,Dormant
CLIENT_1220,23,BonninVille,F,2024-01-27,2025-12-09,519.76,1,519.76,Direct,0,True,4,0,Maison,3,1,1,519.76,5,1,5,515,2,Potentiel
CLIENT_1221,61,Hubert,F,2024-03-21,2025-03-06,57.92,1,57.92,Social,15,True,4,272,Alimentation,1,279,1,57.92,3,1,2,312,4,Dormant
CLIENT_1222,18,Sainte Margotboeuf,M,2025-04-24,2025-12-09,63.85,2,31.93,Email,8,False,5,0,Loisirs,7,1,2,63.85,5,2,2,522,2,Potentiel
CLIENT_1223,23,Leconte-sur-Masson,M,2024-11-17,2025-12-09,79.41,5,15.88,Direct,0,True,5,0,Alimentation,9,1,5,79.41,5,5,3,553,3,Loyal
CLIENT_1224,31,Hubert,F,2025-01-08,2025-12-09,55.12,2,27.56,Social,15,False,4,0,Maison,8,1,2,55.12,5,2,2,522,2,Potentiel
CLIENT_1225,26,Sainte Christophe,F,2024-09-11,2025-07-06,380.59,3,126.86,Social,15,True,5,150,Mode,10,157,3,380.59,3,3,5,335,1,A risque
CLIENT_1226,40,Barbenec,M,2025-09-02,2025-12-09,526.85,2,263.43,Social,15,True,4,0,Maison,8,1,2,526.85,5,2,5,525,2,Potentiel
CLIENT_1227,32,Maillard,M,2024-04-14,2025-08-28,106.22,2,53.11,SEA,25,True,4,93,Mode,5,104,2,106.22,4,2,3,423,4,Dormant
CLIENT_1228,18,Maillard,F,2024-07-15,2024-09-25,2826.3,1,2826.3,Direct,0,False,5,429,Alimentation,10,441,1,2826.3,2,1,5,215,0,A risque
CLIENT_1229,31,Barbenec,F,2025-05-04,2025-12-09,1144.44,1,1144.44,Social,15,True,5,0,Maison,3,1,1,1144.44,5,1,5,515,2,Potentiel
CLIENT_1230,25,Gimenez,M,2023-01-03,2023-03-12,36.49,5,7.3,Social,15,True,1,991,Électronique,6,1004,5,36.49,1,5,1,151,1,A risque
CLIENT_1231,26,BonninVille,M,2024-07-23,2025-07-07,169.33,2,84.67,Email,8,True,3,148,Maison,4,156,2,169.33,3,2,4,324,4,Dormant
CLIENT_1232,43,Grenier,M,2024-12-24,2025-04-25,635.25,6,105.88,Reference,5,True,5,214,Alimentation,5,229,6,635.25,3,5,5,355,1,A risque
CLIENT_1233,40,Techer-la-Forêt,F,2024-03-30,2024-04-02,43.94,3,14.65,SEA,25,False,3,596,Loisirs,6,617,3,43.94,2,3,2,232,1,A risque
CLIENT_1234,18,Deschamps,F,2025-11-29,2025-12-09,123.15,2,61.58,Direct,0,True,5,0,Maison,4,1,2,123.15,5,2,3,523,2,Potentiel
CLIENT_1235,28,Leconte-sur-Masson,F,2023-03-19,2023-06-01,580.77,3,193.59,Direct,0,True,5,899,Loisirs,3,923,3,580.77,1,3,5,135,0,A risque
CLIENT_1236,18,Gimenez,M,2023-07-23,2023-09-14,109.25,2,54.62,Email,8,True,5,816,Loisirs,2,818,2,109.25,1,2,3,123,4,Dormant
CLIENT_1237,34,Maillard,M,2025-03-19,2025-12-09,38.81,2,19.41,Reference,5,True,5,0,Loisirs,4,1,2,38.81,5,2,1,521,2,Potentiel
CLIENT_1238,32,Techer-la-Forêt,M,2025-04-06,2025-12-09,86.09,3,28.7,Social,15,True,4,0,Alimentation,5,1,3,86.09,5,3,3,533,3,Loyal
CLIENT_1239,25,Perret,M,2023-02-25,2023-11-28,160.58,3,53.53,Direct,0,False,4,723,Électronique,4,743,3,160.58,1,3,4,134,1,A risque
CLIENT_1240,44,Baudry,F,2025-05-21,2025-09-07,357.67,3,119.22,Email,8,False,5,71,Mode,7,94,3,357.67,4,3,4,434,1,A risque
CLIENT_1241,37,Perret,F,2023-11-24,2024-04-12,271.51,5,54.3,Social,15,True,4,594,Maison,1,607,5,271.51,2,5,4,254,1,A risque
CLIENT_1242,39,Leconte-sur-Masson,F,2022-12-11,2023-06-01,39.29,6,6.55,Email,8,False,5,902,Mode,1,923,6,39.29,1,5,1,151,1,A risque
CLIENT_1243,70,Delorme,F,2024-07-28,2024-11-26,239.72,3,79.91,Social,15,False,4,356,Électronique,2,379,3,239.72,3,3,4,334,1,A risque
CLIENT_1244,67,Gimenez,M,2024-08-17,2025-12-09,32.69,6,5.45,Email,8,True,4,0,Loisirs,3,1,6,32.69,5,5,1,551,3,Loyal
CLIENT_1245,35,CaronBourg,F,2023-09-10,2024-11-08,174.46,2,87.23,Direct,0,True,3,383,Loisirs,5,397,2,174.46,2,2,4,224,4,Dormant
CLIENT_1246,75,Grenier,M,2023-12-22,2025-07-10,53.78,1,53.78,SEA,25,True,4,129,Loisirs,8,153,1,53.78,3,1,2,312,4,Dormant
CLIENT_1247,57,Deschamps,M,2025-03-25,2025-08-09,416.39,2,208.19,Social,15,True,5,120,Loisirs,7,123,2,416.39,4,2,5,425,4,Dormant
CLIENT_1248,48,Barbenec,F,2024-12-18,2025-10-15,598.37,4,149.59,SEA,25,False,3,38,Maison,5,56,4,598.37,4,4,5,445,0,A risque
CLIENT_1249,33,Peronnec,F,2024-02-12,2024-12-02,78.64,3,26.21,Social,15,True,4,367,Mode,7,373,3,78.64,3,3,3,333,1,A risque
CLIENT_1250,33,Barbenec,F,2024-04-15,2025-02-05,89.54,7,12.79,Social,15,True,5,304,Mode,7,308,7,89.54,3,5,3,353,1,A risque
CLIENT_1251,45,Grenier,M,2025-05-29,2025-11-16,150.7,1,150.7,SEA,25,True,4,5,Alimentation,10,24,1,150.7,4,1,4,414,2,Potentiel
CLIENT_1252,50,Sainte Genevièvenec,M,2024-02-09,2025-12-09,14217.19,5,2843.44,Email,8,True,4,0,Alimentation,7,1,5,14217.19,5,5,5,555,0,A risque
CLIENT_1253,32,BonninVille,M,2023-01-15,2024-03-28,32.9,3,10.97,Social,15,True,4,607,Maison,6,622,3,32.9,2,3,1,231,1,A risque
CLIENT_1254,18,Grenier,F,2025-02-28,2025-12-09,63.08,3,21.03,Email,8,True,3,0,Loisirs,9,1,3,63.08,5,3,2,532,3,Loyal
CLIENT_1255,37,Meunier,F,2025-05-02,2025-06-19,61.98,5,12.4,Reference,5,False,3,167,Maison,9,174,5,61.98,3,5,2,352,1,A risque
CLIENT_1256,38,Maillard,F,2024-02-03,2025-12-09,95.26,4,23.82,Direct,0,True,4,0,Loisirs,1,1,4,95.26,5,4,3,543,3,Loyal
CLIENT_1257,23,Gimenez,F,2024-04-12,2024-07-26,38.11,2,19.05,Social,15,True,3,483,Électronique,6,502,2,38.11,2,2,1,221,4,Dormant
CLIENT_1258,63,Grenier,M,2025-02-19,2025-12-09,42.22,1,42.22,Email,8,True,4,0,Maison,4,1,1,42.22,5,1,1,511,2,Potentiel
CLIENT_1259,37,Deschamps,M,2025-06-17,2025-10-17,31.5,2,15.75,Direct,0,False,4,41,Alimentation,2,54,2,31.5,4,2,1,421,4,Dormant
CLIENT_1260,69,Gimenez,F,2025-08-05,2025-12-09,213.49,7,30.5,Reference,5,False,3,0,Alimentation,8,1,7,213.49,5,5,4,554,3,Loyal
CLIENT_1261,21,Perret,F,2025-03-08,2025-03-30,92.89,1,92.89,Reference,5,True,3,227,Électronique,10,255,1,92.89,3,1,3,313,4,Dormant
CLIENT_1262,18,Leconte-sur-Masson,F,2024-07-24,2024-12-10,50.06,1,50.06,SEA,25,True,4,351,Alimentation,9,365,1,50.06,3,1,2,312,4,Dormant
CLIENT_1263,58,Delorme,M,2023-02-05,2023-05-02,3406.51,10,340.65,Email,8,True,4,937,Loisirs,1,953,10,3406.51,1,5,5,155,0,A risque
CLIENT_1264,25,Maillard,F,2025-11-03,2025-12-09,8537.41,4,2134.35,Email,8,True,5,0,Mode,1,1,4,8537.41,5,4,5,545,0,A risque
CLIENT_1265,39,Grenier,M,2024-02-09,2025-01-03,189.98,3,63.33,Social,15,True,5,333,Mode,5,341,3,189.98,3,3,4,334,1,A risque
CLIENT_1266,41,Peronnec,F,2024-06-12,2025-02-01,54.44,3,18.15,Email,8,True,4,299,Alimentation,2,312,3,54.44,3,3,2,332,1,A risque
CLIENT_1267,39,Baudry,M,2023-08-08,2024-03-11,48.43,6,8.07,Direct,0,False,4,631,Alimentation,3,639,6,48.43,2,5,2,252,1,A risque
CLIENT_1268,28,CaronBourg,F,2025-05-10,2025-12-09,313.56,3,104.52,SEA,25,True,4,0,Loisirs,2,1,3,313.56,5,3,4,534,3,Loyal
CLIENT_1269,50,Techer-la-Forêt,F,2025-11-02,2025-12-09,199.51,1,199.51,Reference,5,False,3,0,Alimentation,9,1,1,199.51,5,1,4,514,2,Potentiel
CLIENT_1270,41,Perret,F,2025-05-17,2025-12-09,90.53,2,45.27,Email,8,True,4,0,Maison,8,1,2,90.53,5,2,3,523,2,Potentiel
CLIENT_1271,45,Sainte Christophe,F,2025-06-06,2025-06-12,44.61,3,14.87,Email,8,False,2,153,Alimentation,9,181,3,44.61,3,3,2,332,1,A risque
CLIENT_1272,27,BonninVille,F,2025-12-08,2025-12-09,534.75,1,534.75,Social,15,False,4,0,Maison,2,1,1,534.75,5,1,5,515,2,Potentiel
CLIENT_1273,27,Sanchez,M,2023-07-06,2024-06-25,846.43,6,141.07,Reference,5,False,5,522,Loisirs,8,533,6,846.43,2,5,5,255,0,A risque
CLIENT_1274,53,Maillard,M,2023-09-04,2024-09-21,66.2,1,66.2,Social,15,True,5,426,Alimentation,8,445,1,66.2,2,1,2,212,4,Dormant
CLIENT_1275,18,Deschamps,M,2025-08-13,2025-10-17,38105.74,1,38105.74,Reference,5,True,5,33,Alimentation,9,54,1,38105.74,4,1,5,415,0,A risque
CLIENT_1276,51,Techer-la-Forêt,M,2024-09-26,2025-09-29,120.5,1,120.5,Email,8,False,4,67,Alimentation,3,72,1,120.5,4,1,3,413,4,Dormant
CLIENT_1277,50,Deschamps,M,2023-02-07,2025-12-09,4694.15,1,4694.15,Reference,5,False,5,0,Alimentation,2,1,1,4694.15,5,1,5,515,0,A risque
CLIENT_1278,64,Baudry,F,2025-10-04,2025-11-03,178.28,1,178.28,Social,15,False,5,7,Alimentation,1,37,1,178.28,4,1,4,414,4,Dormant
CLIENT_1279,34,Baudry,M,2024-08-08,2024-12-11,85.8,3,28.6,Social,15,True,2,349,Alimentation,3,364,3,85.8,3,3,3,333,1,A risque
CLIENT_1280,48,Meunier,F,2023-04-04,2024-07-19,304.16,1,304.16,Social,15,False,4,491,Électronique,10,509,1,304.16,2,1,4,214,4,Dormant
CLIENT_1281,23,Sainte Margotboeuf,F,2023-01-29,2023-05-29,71.8,6,11.97,SEA,25,True,3,918,Loisirs,7,926,6,71.8,1,5,3,153,1,A risque
CLIENT_1282,51,BonninVille,M,2024-07-19,2024-10-24,41.76,3,13.92,Email,8,True,1,395,Mode,2,412,3,41.76,2,3,1,231,1,A risque
CLIENT_1283,48,Leconte-sur-Masson,F,2024-07-19,2024-11-02,258.54,6,43.09,Email,8,True,5,387,Mode,1,403,6,258.54,2,5,4,254,1,A risque
CLIENT_1284,54,Barbenec,F,2025-05-16,2025-08-26,1190.78,4,297.69,Social,15,True,5,94,Mode,2,106,4,1190.78,4,4,5,445,0,A risque
CLIENT_1285,32,Sainte Genevièvenec,M,2025-01-10,2025-02-21,48.31,3,16.1,Social,15,False,4,269,Loisirs,6,292,3,48.31,3,3,2,332,1,A risque
CLIENT_1286,32,Sainte Genevièvenec,F,2023-10-18,2024-06-09,569.23,7,81.32,Social,15,False,4,543,Alimentation,10,549,7,569.23,2,5,5,255,1,A risque
CLIENT_1287,46,Meunier,M,2025-07-11,2025-12-09,84.26,2,42.13,Email,8,False,5,0,Loisirs,5,1,2,84.26,5,2,3,523,2,Potentiel
CLIENT_1288,29,Sainte Margotboeuf,M,2025-07-29,2025-12-09,81.14,3,27.05,SEA,25,False,4,0,Mode,9,1,3,81.14,5,3,3,533,3,Loyal
CLIENT_1289,40,Leconte-sur-Masson,F,2023-09-28,2024-02-10,42.31,4,10.58,Social,15,True,2,655,Alimentation,3,669,4,42.31,1,4,1,141,1,A risque
CLIENT_1290,49,Maillard,F,2022-12-14,2024-07-21,33.49,5,6.7,Reference,5,True,2,491,Électronique,7,507,5,33.49,2,5,1,251,1,A risque
CLIENT_1291,41,CaronBourg,F,2023-11-22,2024-07-01,214.3,1,214.3,SEA,25,True,4,522,Mode,3,527,1,214.3,2,1,4,214,4,Dormant
CLIENT_1292,57,Sainte Genevièvenec,M,2025-10-22,2025-12-09,69.62,3,23.21,Reference,5,True,4,0,Loisirs,6,1,3,69.62,5,3,3,533,3,Loyal
CLIENT_1293,34,Sainte Christophe,F,2024-09-04,2025-12-09,1481.01,4,370.25,Email,8,True,5,0,Maison,7,1,4,1481.01,5,4,5,545,3,Loyal
CLIENT_1294,54,Delorme,F,2023-10-12,2025-12-09,49.48,3,16.49,Direct,0,False,4,0,Maison,5,1,3,49.48,5,3,2,532,3,Loyal
CLIENT_1295,45,Meunier,F,2025-05-29,2025-06-15,711.27,2,355.63,Direct,0,True,5,170,Électronique,10,178,2,711.27,3,2,5,325,0,A risque
CLIENT_1296,34,Sanchez,M,2025-02-10,2025-12-09,276.59,3,92.2,Social,15,True,5,0,Électronique,3,1,3,276.59,5,3,4,534,3,Loyal
CLIENT_1297,57,Maillard,M,2025-05-05,2025-12-09,197.74,1,197.74,SEA,25,True,5,0,Électronique,5,1,1,197.74,5,1,4,514,2,Potentiel
CLIENT_1298,28,Sanchez,F,2023-03-18,2023-05-12,33.51,3,11.17,Reference,5,True,4,916,Électronique,9,943,3,33.51,1,3,1,131,1,A risque
CLIENT_1299,48,Baudry,F,2024-07-19,2024-10-12,98.96,3,32.99,Social,15,False,4,402,Loisirs,2,424,3,98.96,2,3,3,233,1,A risque
CLIENT_1300,46,Hubert,M,2023-04-04,2024-07-13,37.59,6,6.27,Email,8,False,1,489,Mode,5,515,6,37.59,2,5,1,251,1,A risque
CLIENT_1301,54,Gimenez,F,2024-06-01,2024-10-05,121.69,1,121.69,Social,15,True,5,402,Loisirs,2,431,1,121.69,2,1,3,213,4,Dormant
CLIENT_1302,75,Baudry,M,2023-08-16,2025-03-19,387.94,3,129.31,Social,15,False,4,265,Alimentation,10,266,3,387.94,3,3,5,335,1,A risque
CLIENT_1303,53,Meunier,F,2024-11-22,2025-12-09,96.47,2,48.23,Social,15,True,3,0,Alimentation,2,1,2,96.47,5,2,3,523,2,Potentiel
CLIENT_1304,62,Delorme,M,2024-03-31,2024-06-22,34.4,1,34.4,Email,8,True,2,529,Mode,8,536,1,34.4,2,1,1,211,4,Dormant
CLIENT_1305,51,Leconte-sur-Masson,F,2023-04-15,2023-09-15,70.46,1,70.46,Social,15,False,5,806,Loisirs,4,817,1,70.46,1,1,3,113,4,Dormant
CLIENT_1306,66,Sainte Christophe,F,2025-01-23,2025-12-09,59.88,3,19.96,Social,15,True,1,0,Maison,8,1,3,59.88,5,3,2,532,3,Loyal
CLIENT_1307,27,Meunier,F,2025-06-23,2025-12-09,174.69,4,43.67,Email,8,True,2,0,Mode,9,1,4,174.69,5,4,4,544,3,Loyal
CLIENT_1308,34,Delorme,F,2025-04-16,2025-04-18,157.92,3,52.64,Social,15,True,3,221,Loisirs,3,236,3,157.92,3,3,4,334,1,A risque
CLIENT_1309,60,Sainte Christophe,F,2025-01-24,2025-12-09,114.32,4,28.58,SEA,25,True,3,0,Électronique,7,1,4,114.32,5,4,3,543,3,Loyal
CLIENT_1310,26,Deschamps,F,2025-08-17,2025-10-20,43.12,5,8.62,SEA,25,False,3,22,Maison,3,51,5,43.12,4,5,2,452,1,A risque
CLIENT_1311,38,Gimenez,F,2023-06-13,2023-12-26,49.69,2,24.84,Direct,0,False,4,686,Maison,2,715,2,49.69,1,2,2,122,4,Dormant
CLIENT_1312,62,Barbenec,M,2025-09-18,2025-12-09,45.96,4,11.49,SEA,25,False,3,0,Loisirs,6,1,4,45.96,5,4,2,542,3,Loyal
CLIENT_1313,63,Sainte Margotboeuf,F,2025-06-12,2025-07-04,57.04,5,11.41,Social,15,True,4,145,Maison,1,159,5,57.04,3,5,2,352,1,A risque
CLIENT_1314,36,Leconte-sur-Masson,M,2025-10-12,2025-11-06,31.07,2,15.54,SEA,25,False,4,22,Maison,10,34,2,31.07,4,2,1,421,4,Dormant
CLIENT_1315,31,Delorme,F,2025-01-24,2025-08-28,139.9,3,46.63,Direct,0,False,4,98,Électronique,7,104,3,139.9,4,3,4,434,1,A risque
CLIENT_1316,40,Sainte Genevièvenec,M,2025-07-17,2025-12-09,46.1,4,11.53,Social,15,False,4,0,Loisirs,2,1,4,46.1,5,4,2,542,3,Loyal
CLIENT_1317,35,Sainte Genevièvenec,F,2024-10-05,2025-12-09,145.56,2,72.78,Email,8,False,5,0,Loisirs,7,1,2,145.56,5,2,4,524,2,Potentiel
CLIENT_1318,39,Techer-la-Forêt,M,2025-03-21,2025-11-28,30.2,2,15.1,SEA,25,True,5,0,Électronique,5,12,2,30.2,4,2,1,421,2,Potentiel
CLIENT_1319,45,Deschamps,F,2023-05-29,2023-08-28,148.17,2,74.08,Reference,5,True,5,808,Alimentation,8,835,2,148.17,1,2,4,124,4,Dormant
CLIENT_1320,30,Leconte-sur-Masson,M,2024-09-17,2025-10-02,43.85,4,10.96,Social,15,True,3,42,Loisirs,6,69,4,43.85,4,4,2,442,1,A risque
CLIENT_1321,39,Barbenec,F,2025-09-17,2025-12-09,58.29,2,29.14,Email,8,True,4,0,Loisirs,7,1,2,58.29,5,2,2,522,2,Potentiel
CLIENT_1322,39,Perret,M,2023-11-19,2024-03-18,72.41,3,24.14,Email,8,True,1,608,Loisirs,7,632,3,72.41,2,3,3,233,1,A risque
CLIENT_1323,18,CaronBourg,F,2025-01-20,2025-07-04,91.14,2,45.57,SEA,25,True,4,131,Maison,8,159,2,91.14,3,2,3,323,4,Dormant
CLIENT_1324,19,Barbenec,F,2024-03-08,2024-09-28,55.82,3,18.61,SEA,25,False,2,423,Alimentation,10,438,3,55.82,2,3,2,232,1,A risque
CLIENT_1325,23,Perret,M,2024-12-21,2025-06-06,560.38,2,280.19,Reference,5,True,3,176,Maison,10,187,2,560.38,3,2,5,325,0,A risque
CLIENT_1326,25,Sanchez,F,2024-04-13,2024-12-28,75.8,2,37.9,Social,15,True,5,321,Loisirs,9,347,2,75.8,3,2,3,323,4,Dormant
CLIENT_1327,75,Baudry,M,2025-05-01,2025-12-09,60.35,2,30.18,SEA,25,True,4,0,Maison,4,1,2,60.35,5,2,2,522,2,Potentiel
CLIENT_1328,55,Meunier,F,2025-09-19,2025-12-09,78.21,2,39.1,Reference,5,False,3,0,Maison,1,1,2,78.21,5,2,3,523,2,Potentiel
CLIENT_1329,49,Delorme,M,2023-12-04,2024-03-04,57.73,6,9.62,Email,8,True,3,619,Alimentation,7,646,6,57.73,1,5,2,152,1,A risque
CLIENT_1330,61,Leconte-sur-Masson,F,2024-03-04,2024-08-23,4262.93,3,1420.98,Social,15,True,5,447,Alimentation,1,474,3,4262.93,2,3,5,235,0,A risque
CLIENT_1331,52,Sanchez,F,2025-08-02,2025-12-09,72.23,5,14.45,SEA,25,False,2,0,Maison,9,1,5,72.23,5,5,3,553,3,Loyal
CLIENT_1332,22,Sanchez,F,2023-10-23,2024-05-09,4415.53,2,2207.76,Social,15,True,5,557,Mode,3,580,2,4415.53,2,2,5,225,0,A risque
CLIENT_1333,45,Hubert,M,2025-10-18,2025-12-09,32.29,4,8.07,Reference,5,True,3,0,Loisirs,3,1,4,32.29,5,4,1,541,3,Loyal
CLIENT_1334,35,Hubert,M,2025-09-04,2025-12-09,57.17,4,14.29,Social,15,False,3,0,Alimentation,1,1,4,57.17,5,4,2,542,3,Loyal
CLIENT_1335,40,Sainte Genevièvenec,F,2024-12-03,2025-04-13,127.17,1,127.17,Reference,5,True,3,220,Loisirs,9,241,1,127.17,3,1,3,313,4,Dormant
CLIENT_1336,58,Meunier,M,2025-07-31,2025-11-04,470.35,3,156.78,Direct,0,True,4,8,Loisirs,6,36,3,470.35,4,3,5,435,0,A risque
CLIENT_1337,60,Deschamps,M,2024-06-29,2025-01-02,102.64,3,34.21,Social,15,False,1,330,Électronique,8,342,3,102.64,3,3,3,333,1,A risque
CLIENT_1338,32,Techer-la-Forêt,F,2025-09-06,2025-12-09,51.06,6,8.51,Social,15,False,4,0,Mode,4,1,6,51.06,5,5,2,552,3,Loyal
CLIENT_1339,54,Sainte Margotboeuf,F,2024-12-16,2025-04-19,1295.25,4,323.81,Direct,0,False,5,215,Alimentation,7,235,4,1295.25,3,4,5,345,0,A risque
CLIENT_1340,30,Deschamps,F,2023-06-06,2023-08-16,36.12,5,7.22,SEA,25,False,3,832,Alimentation,7,847,5,36.12,1,5,1,151,1,A risque
CLIENT_1341,48,Sainte Christophe,M,2024-02-22,2024-05-15,58.14,3,19.38,Reference,5,True,3,545,Électronique,8,574,3,58.14,2,3,2,232,1,A risque
CLIENT_1342,33,Sainte Christophe,M,2025-01-12,2025-09-19,37.49,4,9.37,Email,8,True,3,81,Maison,6,82,4,37.49,4,4,1,441,1,A risque
CLIENT_1343,24,Delorme,M,2024-12-31,2025-03-06,100.57,1,100.57,Direct,0,False,5,253,Alimentation,1,279,1,100.57,3,1,3,313,4,Dormant
CLIENT_1344,32,Deschamps,F,2024-08-17,2025-04-29,293.74,5,58.75,SEA,25,True,4,195,Alimentation,2,225,5,293.74,3,5,4,354,1,A risque
CLIENT_1345,55,Sainte Christophe,F,2024-09-13,2025-09-06,97.58,2,48.79,Direct,0,True,3,81,Maison,7,95,2,97.58,4,2,3,423,4,Dormant
CLIENT_1346,54,Sainte Margotboeuf,F,2025-09-23,2025-12-09,32.24,4,8.06,Reference,5,False,1,0,Mode,4,1,4,32.24,5,4,1,541,3,Loyal
CLIENT_1347,52,Perret,F,2023-06-16,2024-04-28,83.37,6,13.9,Direct,0,True,2,567,Alimentation,10,591,6,83.37,2,5,3,253,1,A risque
CLIENT_1348,43,Deschamps,F,2024-02-14,2024-04-16,217.45,1,217.45,SEA,25,False,4,574,Alimentation,9,603,1,217.45,2,1,4,214,4,Dormant
CLIENT_1349,32,Delorme,M,2025-03-08,2025-05-06,358.57,2,179.28,Social,15,True,5,205,Alimentation,4,218,2,358.57,3,2,4,324,4,Dormant
CLIENT_1350,43,Sanchez,F,2023-04-16,2023-05-11,33.02,2,16.51,Email,8,True,3,933,Maison,2,944,2,33.02,1,2,1,121,4,Dormant
CLIENT_1351,47,Techer-la-Forêt,F,2024-01-04,2024-06-03,103.94,3,34.65,Social,15,False,4,533,Maison,1,555,3,103.94,2,3,3,233,1,A risque
CLIENT_1352,64,Perret,F,2023-03-24,2023-11-15,78.01,4,19.5,Social,15,True,5,743,Électronique,5,756,4,78.01,1,4,3,143,1,A risque
CLIENT_1353,64,Meunier,F,2023-05-16,2024-07-30,47.6,8,5.95,Email,8,False,5,479,Alimentation,5,498,8,47.6,2,5,2,252,1,A risque
CLIENT_1354,55,Hubert,M,2024-02-05,2024-03-15,30.12,3,10.04,SEA,25,False,3,618,Alimentation,9,635,3,30.12,2,3,1,231,1,A risque
CLIENT_1355,54,BonninVille,F,2025-08-02,2025-12-09,614.05,4,153.51,Social,15,False,4,0,Maison,3,1,4,614.05,5,4,5,545,3,Loyal
CLIENT_1356,36,Deschamps,F,2024-01-17,2024-04-14,810.5,4,202.62,Direct,0,False,5,582,Mode,9,605,4,810.5,2,4,5,245,0,A risque
CLIENT_1357,27,Leconte-sur-Masson,M,2024-02-28,2025-12-09,394.53,2,197.26,Direct,0,False,5,0,Maison,5,1,2,394.53,5,2,5,525,2,Potentiel
CLIENT_1358,59,Delorme,M,2023-09-10,2023-10-27,35.7,5,7.14,SEA,25,False,3,753,Alimentation,8,775,5,35.7,1,5,1,151,1,A risque
CLIENT_1359,23,Sainte Genevièvenec,F,2022-12-23,2024-05-13,1335.78,6,222.63,Email,8,True,4,548,Loisirs,3,576,6,1335.78,2,5,5,255,0,A risque
CLIENT_1360,50,Delorme,M,2024-09-09,2025-04-07,220.89,2,110.44,SEA,25,True,5,232,Électronique,5,247,2,220.89,3,2,4,324,4,Dormant
CLIENT_1361,54,BonninVille,M,2024-07-11,2024-07-12,60.05,3,20.02,SEA,25,False,3,496,Électronique,7,516,3,60.05,2,3,2,232,1,A risque
CLIENT_1362,34,Hubert,M,2025-07-03,2025-07-04,3341.57,2,1670.79,Social,15,True,5,137,Mode,9,159,2,3341.57,3,2,5,325,0,A risque
CLIENT_1363,59,Techer-la-Forêt,F,2022-12-28,2023-04-16,57.58,4,14.39,Social,15,True,3,966,Alimentation,1,969,4,57.58,1,4,2,142,1,A risque
CLIENT_1364,31,Leconte-sur-Masson,F,2023-06-23,2024-02-29,54.43,3,18.14,Email,8,False,1,638,Alimentation,1,650,3,54.43,1,3,2,132,1,A risque
CLIENT_1365,50,BonninVille,F,2025-09-28,2025-12-09,1072.88,2,536.44,Email,8,False,3,0,Maison,5,1,2,1072.88,5,2,5,525,2,Potentiel
CLIENT_1366,47,Sainte Christophe,F,2024-08-29,2025-12-09,125.57,3,41.86,Email,8,False,4,0,Alimentation,8,1,3,125.57,5,3,3,533,3,Loyal
CLIENT_1367,35,Sainte Margotboeuf,F,2024-02-27,2024-10-22,2333.68,2,1166.84,Direct,0,True,5,402,Électronique,5,414,2,2333.68,2,2,5,225,0,A risque
CLIENT_1368,27,Techer-la-Forêt,M,2024-02-11,2024-05-26,597.78,1,597.78,SEA,25,True,2,554,Mode,2,563,1,597.78,2,1,5,215,4,Dormant
CLIENT_1369,50,Barbenec,F,2023-03-06,2024-10-15,9677.97,4,2419.49,Email,8,True,5,407,Mode,6,421,4,9677.97,2,4,5,245,0,A risque
CLIENT_1370,23,Deschamps,F,2025-03-01,2025-12-09,90.0,2,45.0,Social,15,True,4,0,Loisirs,2,1,2,90.0,5,2,3,523,2,Potentiel
CLIENT_1371,53,Sainte Genevièvenec,M,2023-07-27,2023-11-17,396.32,2,198.16,Social,15,True,5,725,Loisirs,5,754,2,396.32,1,2,5,125,4,Dormant
CLIENT_1372,49,Maillard,M,2024-08-01,2025-12-09,217.57,2,108.78,SEA,25,False,5,0,Mode,2,1,2,217.57,5,2,4,524,2,Potentiel
CLIENT_1373,52,Sainte Margotboeuf,M,2024-05-17,2024-11-24,55.27,6,9.21,Social,15,True,4,366,Électronique,7,381,6,55.27,3,5,2,352,1,A risque
CLIENT_1374,37,Sainte Christophe,F,2025-07-23,2025-11-05,62.29,2,31.14,Social,15,True,4,20,Loisirs,8,35,2,62.29,4,2,2,422,4,Dormant
CLIENT_1375,31,Delorme,M,2024-03-15,2025-08-04,31.91,1,31.91,Social,15,False,3,97,Électronique,10,128,1,31.91,4,1,1,411,4,Dormant
CLIENT_1376,45,Hubert,M,2025-05-19,2025-12-09,62.01,3,20.67,Social,15,True,4,0,Alimentation,7,1,3,62.01,5,3,2,532,3,Loyal
CLIENT_1377,18,Deschamps,F,2025-06-15,2025-06-19,135.99,7,19.43,SEA,25,True,3,159,Alimentation,8,174,7,135.99,3,5,4,354,1,A risque
CLIENT_1378,46,Grenier,M,2023-09-19,2023-11-22,349.78,3,116.59,Email,8,False,4,734,Loisirs,8,749,3,349.78,1,3,4,134,1,A risque
CLIENT_1379,46,CaronBourg,F,2023-11-02,2023-11-07,39.04,6,6.51,Email,8,True,2,751,Loisirs,5,764,6,39.04,1,5,1,151,1,A risque
CLIENT_1380,49,Hubert,F,2024-02-17,2025-02-06,68.27,1,68.27,Direct,0,False,2,284,Alimentation,9,307,1,68.27,3,1,2,312,4,Dormant
CLIENT_1381,31,BonninVille,M,2023-09-02,2023-12-13,50.02,4,12.51,Email,8,False,4,706,Électronique,8,728,4,50.02,1,4,2,142,1,A risque
CLIENT_1382,46,Maillard,M,2023-10-02,2024-05-10,73.74,4,18.43,Email,8,True,3,560,Électronique,9,579,4,73.74,2,4,3,243,1,A risque
CLIENT_1383,47,Deschamps,F,2025-05-21,2025-12-09,14235.4,3,4745.13,Social,15,False,5,0,Électronique,4,1,3,14235.4,5,3,5,535,0,A risque
CLIENT_1384,51,Leconte-sur-Masson,M,2025-07-25,2025-12-09,32.09,3,10.7,Email,8,True,3,0,Alimentation,5,1,3,32.09,5,3,1,531,3,Loyal
CLIENT_1385,45,Hubert,F,2023-09-28,2024-11-03,41786.54,2,20893.27,Email,8,True,5,371,Maison,9,402,2,41786.54,2,2,5,225,0,A risque
CLIENT_1386,53,Delorme,M,2023-03-23,2024-05-20,22996.84,5,4599.37,Email,8,True,5,564,Mode,8,569,5,22996.84,2,5,5,255,0,A risque
CLIENT_1387,32,Maillard,M,2024-02-04,2025-12-09,53.34,1,53.34,Social,15,False,4,0,Mode,10,1,1,53.34,5,1,2,512,2,Potentiel
CLIENT_1388,49,Peronnec,F,2024-08-04,2024-12-05,106.99,1,106.99,Email,8,True,4,356,Maison,6,370,1,106.99,3,1,3,313,4,Dormant
CLIENT_1389,54,BonninVille,M,2024-04-09,2025-03-21,30.56,2,15.28,Reference,5,True,5,262,Électronique,5,264,2,30.56,3,2,1,321,4,Dormant
CLIENT_1390,21,Delorme,M,2024-03-07,2024-07-27,34.91,3,11.64,Direct,0,False,3,500,Alimentation,10,501,3,34.91,2,3,1,231,1,A risque
CLIENT_1391,19,Barbenec,F,2023-05-31,2025-12-09,64.18,4,16.05,Social,15,True,5,0,Maison,9,1,4,64.18,5,4,2,542,3,Loyal
CLIENT_1392,63,Sanchez,M,2025-06-05,2025-12-09,41.34,2,20.67,Social,15,False,3,0,Maison,2,1,2,41.34,5,2,1,521,2,Potentiel
CLIENT_1393,25,Sanchez,F,2025-07-24,2025-12-09,90.62,2,45.31,Direct,0,True,3,0,Loisirs,8,1,2,90.62,5,2,3,523,2,Potentiel
CLIENT_1394,46,Peronnec,F,2024-07-15,2024-09-23,2253.49,1,2253.49,Email,8,True,5,427,Mode,4,443,1,2253.49,2,1,5,215,0,A risque
CLIENT_1395,51,Gimenez,F,2022-12-21,2023-12-18,44.32,2,22.16,Email,8,False,3,713,Mode,2,723,2,44.32,1,2,2,122,4,Dormant
CLIENT_1396,58,Grenier,F,2025-07-14,2025-08-30,328.1,4,82.03,Reference,5,False,5,82,Électronique,8,102,4,328.1,4,4,4,444,1,A risque
CLIENT_1397,45,Hubert,F,2024-08-26,2025-12-09,41.37,4,10.34,Email,8,False,4,0,Mode,7,1,4,41.37,5,4,1,541,3,Loyal
CLIENT_1398,24,BonninVille,M,2024-11-05,2025-02-19,210.8,2,105.4,SEA,25,False,4,292,Loisirs,7,294,2,210.8,3,2,4,324,4,Dormant
CLIENT_1399,43,Barbenec,F,2023-12-05,2024-02-01,1940.22,2,970.11,Direct,0,True,5,651,Maison,7,678,2,1940.22,1,2,5,125,0,A risque
CLIENT_1400,42,Deschamps,M,2023-02-19,2024-05-24,174.94,1,174.94,Direct,0,False,3,553,Maison,7,565,1,174.94,2,1,4,214,4,Dormant
CLIENT_1401,43,Gimenez,M,2023-01-25,2023-06-20,35.99,2,18.0,Email,8,True,5,899,Électronique,4,904,2,35.99,1,2,1,121,4,Dormant
CLIENT_1402,57,Hubert,M,2025-11-18,2025-12-09,63.03,1,63.03,SEA,25,False,5,0,Maison,7,1,1,63.03,5,1,2,512,2,Potentiel
CLIENT_1403,48,Barbenec,F,2024-05-23,2025-12-09,92.29,2,46.15,SEA,25,True,5,0,Mode,2,1,2,92.29,5,2,3,523,2,Potentiel
CLIENT_1404,44,Delorme,F,2023-05-18,2023-07-06,3880.0,5,776.0,Email,8,True,5,864,Alimentation,9,888,5,3880.0,1,5,5,155,0,A risque
CLIENT_1405,27,Sainte Christophe,M,2023-10-22,2024-04-02,33.63,2,16.82,SEA,25,True,5,587,Loisirs,8,617,2,33.63,2,2,1,221,4,Dormant
CLIENT_1406,19,Peronnec,F,2024-05-16,2024-12-23,64.75,1,64.75,SEA,25,True,4,347,Loisirs,7,352,1,64.75,3,1,2,312,4,Dormant
CLIENT_1407,38,Leconte-sur-Masson,F,2025-05-13,2025-12-09,4022.86,1,4022.86,Social,15,True,5,0,Mode,8,1,1,4022.86,5,1,5,515,0,A risque
CLIENT_1408,51,Gimenez,F,2024-01-23,2025-01-04,37.42,4,9.36,Email,8,False,4,311,Alimentation,6,340,4,37.42,3,4,1,341,1,A risque
CLIENT_1409,18,Deschamps,M,2023-05-30,2023-08-11,30.76,2,15.38,Email,8,True,4,829,Électronique,8,852,2,30.76,1,2,1,121,4,Dormant
CLIENT_1410,39,Techer-la-Forêt,F,2023-05-14,2025-01-17,31.03,2,15.52,Social,15,False,3,303,Mode,8,327,2,31.03,3,2,1,321,4,Dormant
CLIENT_1411,40,Grenier,M,2025-09-07,2025-12-09,231.26,1,231.26,Social,15,False,5,0,Loisirs,1,1,1,231.26,5,1,4,514,2,Potentiel
CLIENT_1412,54,Deschamps,F,2025-09-21,2025-12-09,31.0,2,15.5,Social,15,True,2,0,Mode,5,1,2,31.0,5,2,1,521,2,Potentiel
CLIENT_1413,42,Peronnec,M,2022-12-17,2024-08-20,85.34,3,28.45,Social,15,True,4,474,Électronique,7,477,3,85.34,2,3,3,233,1,A risque
CLIENT_1414,73,Deschamps,M,2024-09-07,2025-05-28,33.62,2,16.81,Social,15,True,3,169,Maison,9,196,2,33.62,3,2,1,321,4,Dormant
CLIENT_1415,31,Maillard,M,2023-10-17,2024-02-05,33.17,3,11.06,Direct,0,True,2,662,Maison,6,674,3,33.17,1,3,1,131,1,A risque
CLIENT_1416,27,Leconte-sur-Masson,M,2023-01-10,2023-10-23,40.46,1,40.46,Social,15,False,2,750,Mode,3,779,1,40.46,1,1,1,111,4,Dormant
CLIENT_1417,68,BonninVille,M,2023-08-15,2025-12-09,50.82,5,10.16,Email,8,True,5,0,Électronique,8,1,5,50.82,5,5,2,552,3,Loyal
CLIENT_1418,33,Sanchez,M,2024-03-10,2024-08-02,38.81,4,9.7,Email,8,True,2,483,Maison,4,495,4,38.81,2,4,1,241,1,A risque
CLIENT_1419,40,Leconte-sur-Masson,F,2023-10-25,2024-06-01,638.21,6,106.37,SEA,25,True,5,536,Électronique,6,557,6,638.21,2,5,5,255,1,A risque
CLIENT_1420,50,Barbenec,M,2024-04-01,2024-04-18,184.73,1,184.73,Social,15,True,4,587,Maison,3,601,1,184.73,2,1,4,214,4,Dormant
CLIENT_1421,44,Sainte Christophe,M,2025-02-24,2025-07-15,2744.43,2,1372.21,Email,8,False,5,144,Mode,8,148,2,2744.43,3,2,5,325,0,A risque
CLIENT_1422,51,CaronBourg,F,2024-08-03,2024-09-13,36.42,2,18.21,Reference,5,False,3,445,Loisirs,10,453,2,36.42,2,2,1,221,4,Dormant
CLIENT_1423,37,Sainte Genevièvenec,F,2024-09-28,2025-12-09,68.45,1,68.45,Email,8,True,5,0,Mode,7,1,1,68.45,5,1,2,512,2,Potentiel
CLIENT_1424,23,Gimenez,F,2023-04-16,2023-08-18,125.45,2,62.73,Social,15,False,3,820,Mode,9,845,2,125.45,1,2,3,123,4,Dormant
CLIENT_1425,46,Barbenec,F,2023-02-23,2024-11-12,69.18,2,34.59,Email,8,False,4,379,Loisirs,2,393,2,69.18,2,2,3,223,4,Dormant
CLIENT_1426,47,Grenier,M,2025-11-11,2025-12-09,135.28,1,135.28,SEA,25,True,3,0,Mode,5,1,1,135.28,5,1,4,514,2,Potentiel
CLIENT_1427,59,CaronBourg,F,2025-08-27,2025-11-24,5633.56,2,2816.78,Email,8,False,5,2,Alimentation,9,16,2,5633.56,4,2,5,425,0,A risque
CLIENT_1428,25,Hubert,F,2023-06-26,2024-10-18,35.83,2,17.91,Direct,0,False,4,413,Électronique,7,418,2,35.83,2,2,1,221,4,Dormant
CLIENT_1429,60,Sainte Christophe,F,2023-08-30,2024-01-04,38.21,4,9.55,Social,15,False,4,696,Maison,7,706,4,38.21,1,4,1,141,1,A risque
CLIENT_1430,22,Techer-la-Forêt,M,2023-11-19,2023-11-26,32.91,3,10.97,SEA,25,True,4,724,Électronique,4,745,3,32.91,1,3,1,131,1,A risque
CLIENT_1431,34,Deschamps,F,2023-04-13,2023-08-08,48.22,3,16.07,SEA,25,True,4,829,Mode,7,855,3,48.22,1,3,2,132,1,A risque
CLIENT_1432,42,Perret,F,2024-12-20,2025-12-09,190.53,2,95.27,Email,8,True,5,0,Alimentation,9,1,2,190.53,5,2,4,524,2,Potentiel
CLIENT_1433,46,CaronBourg,M,2024-01-02,2025-12-09,40.84,2,20.42,SEA,25,True,3,0,Maison,2,1,2,40.84,5,2,1,521,2,Potentiel
CLIENT_1434,39,BonninVille,F,2025-08-11,2025-12-09,103.05,1,103.05,Email,8,False,4,0,Loisirs,7,1,1,103.05,5,1,3,513,2,Potentiel
CLIENT_1435,66,Delorme,M,2025-01-24,2025-12-09,768.23,6,128.04,Email,8,True,5,0,Maison,9,1,6,768.23,5,5,5,555,3,Loyal
CLIENT_1436,34,Grenier,M,2024-08-31,2024-09-23,44.69,2,22.34,Social,15,False,3,420,Loisirs,6,443,2,44.69,2,2,2,222,4,Dormant
CLIENT_1437,43,Deschamps,M,2023-07-12,2023-10-31,42.63,1,42.63,Email,8,False,4,740,Électronique,5,771,1,42.63,1,1,1,111,4,Dormant
CLIENT_1438,41,Barbenec,M,2024-04-30,2024-07-02,49.19,2,24.59,Email,8,True,1,522,Maison,9,526,2,49.19,2,2,2,222,4,Dormant
CLIENT_1439,52,Meunier,F,2023-05-23,2023-08-16,41.36,3,13.79,Email,8,False,4,838,Alimentation,8,847,3,41.36,1,3,1,131,1,A risque
CLIENT_1440,40,Barbenec,M,2025-03-03,2025-03-09,51.03,2,25.52,Email,8,False,4,264,Maison,4,276,2,51.03,3,2,2,322,4,Dormant
CLIENT_1441,46,Deschamps,F,2023-08-09,2024-08-31,4713.05,4,1178.26,SEA,25,False,4,442,Maison,1,466,4,4713.05,2,4,5,245,0,A risque
CLIENT_1442,48,CaronBourg,F,2024-11-04,2024-11-23,575.46,2,287.73,SEA,25,True,4,357,Alimentation,7,382,2,575.46,3,2,5,325,0,A risque
CLIENT_1443,37,Sainte Genevièvenec,F,2024-02-18,2025-09-11,32.56,3,10.85,Social,15,False,3,62,Maison,5,90,3,32.56,4,3,1,431,1,A risque
CLIENT_1444,41,BonninVille,F,2024-03-06,2024-05-21,131.5,7,18.79,Reference,5,True,2,552,Maison,6,568,7,131.5,2,5,4,254,1,A risque
CLIENT_1445,34,Deschamps,F,2025-08-28,2025-12-09,45.4,4,11.35,Reference,5,True,2,0,Électronique,5,1,4,45.4,5,4,2,542,3,Loyal
CLIENT_1446,36,Barbenec,F,2023-01-01,2023-10-10,86.54,2,43.27,Social,15,False,4,775,Électronique,2,792,2,86.54,1,2,3,123,4,Dormant
CLIENT_1447,23,Techer-la-Forêt,M,2023-12-30,2024-09-18,42.06,1,42.06,SEA,25,False,4,431,Mode,4,448,1,42.06,2,1,1,211,4,Dormant
CLIENT_1448,46,Meunier,F,2023-03-03,2024-04-16,68.45,3,22.82,SEA,25,False,4,585,Maison,3,603,3,68.45,2,3,3,233,1,A risque
CLIENT_1449,33,Baudry,M,2025-05-11,2025-12-09,122.95,4,30.74,Social,15,False,4,0,Alimentation,6,1,4,122.95,5,4,3,543,3,Loyal
CLIENT_1450,67,Gimenez,F,2025-05-28,2025-12-09,42.45,3,14.15,Reference,5,False,5,0,Maison,10,1,3,42.45,5,3,1,531,3,Loyal
CLIENT_1451,45,Meunier,M,2024-07-06,2025-04-24,129.15,3,43.05,Email,8,True,3,206,Loisirs,10,230,3,129.15,3,3,3,333,1,A risque
CLIENT_1452,51,Sainte Genevièvenec,F,2023-03-23,2025-05-22,42.17,4,10.54,Reference,5,False,1,200,Électronique,4,202,4,42.17,3,4,1,341,1,A risque
CLIENT_1453,35,Sainte Christophe,M,2023-06-26,2024-05-15,30.66,2,15.33,SEA,25,False,3,559,Maison,9,574,2,30.66,2,2,1,221,4,Dormant
CLIENT_1454,32,Sanchez,M,2024-05-22,2025-12-09,60.96,1,60.96,Reference,5,False,5,0,Mode,4,1,1,60.96,5,1,2,512,2,Potentiel
CLIENT_1455,50,Sainte Margotboeuf,F,2024-08-01,2025-08-24,70.58,1,70.58,Email,8,True,4,78,Maison,8,108,1,70.58,4,1,3,413,4,Dormant
CLIENT_1456,39,CaronBourg,F,2024-12-11,2025-02-07,343.67,5,68.73,Email,8,False,3,293,Alimentation,4,306,5,343.67,3,5,4,354,1,A risque
CLIENT_1457,32,Deschamps,F,2024-03-25,2024-10-01,212.28,1,212.28,SEA,25,True,4,412,Maison,6,435,1,212.28,2,1,4,214,4,Dormant
CLIENT_1458,35,Perret,F,2025-01-21,2025-08-03,125.53,2,62.77,SEA,25,True,4,114,Maison,1,129,2,125.53,4,2,3,423,4,Dormant
CLIENT_1459,46,Sainte Genevièvenec,F,2025-10-22,2025-12-09,96.55,4,24.14,Direct,0,True,2,0,Alimentation,5,1,4,96.55,5,4,3,543,3,Loyal
CLIENT_1460,35,Grenier,M,2023-07-08,2023-10-04,109.21,3,36.4,SEA,25,True,4,778,Électronique,4,798,3,109.21,1,3,3,133,1,A risque
CLIENT_1461,34,Delorme,M,2024-10-11,2025-04-20,40.66,1,40.66,Direct,0,False,4,228,Maison,1,234,1,40.66,3,1,1,311,4,Dormant
CLIENT_1462,27,Perret,M,2025-08-18,2025-08-18,56.22,1,56.22,Social,15,True,3,93,Alimentation,10,114,1,56.22,4,1,2,412,4,Dormant
CLIENT_1463,41,Sainte Genevièvenec,F,2024-02-27,2025-12-09,3711.6,1,3711.6,Social,15,False,5,0,Loisirs,10,1,1,3711.6,5,1,5,515,0,A risque
CLIENT_1464,35,BonninVille,M,2025-02-27,2025-08-07,201.57,1,201.57,Reference,5,True,2,94,Alimentation,7,125,1,201.57,4,1,4,414,4,Dormant
CLIENT_1465,18,CaronBourg,F,2023-06-16,2023-12-21,53.8,4,13.45,Email,8,True,2,690,Maison,4,720,4,53.8,1,4,2,142,1,A risque
CLIENT_1466,36,Deschamps,F,2025-08-08,2025-12-09,143.78,5,28.76,Email,8,True,5,0,Alimentation,10,1,5,143.78,5,5,4,554,3,Loyal
CLIENT_1467,55,Sainte Margotboeuf,M,2023-08-25,2024-06-24,5891.98,4,1472.99,Email,8,True,5,522,Alimentation,1,534,4,5891.98,2,4,5,245,0,A risque
CLIENT_1468,69,Sainte Genevièvenec,M,2025-05-26,2025-12-09,33.21,4,8.3,Direct,0,True,2,0,Électronique,9,1,4,33.21,5,4,1,541,3,Loyal
CLIENT_1469,18,Maillard,M,2023-12-25,2024-04-19,47.73,3,15.91,SEA,25,False,4,573,Électronique,1,600,3,47.73,2,3,2,232,1,A risque
CLIENT_1470,44,Deschamps,M,2025-06-27,2025-12-09,83.96,2,41.98,Email,8,True,4,0,Alimentation,7,1,2,83.96,5,2,3,523,2,Potentiel
CLIENT_1471,54,Sanchez,F,2023-11-17,2025-01-27,44.43,1,44.43,Social,15,False,2,289,Maison,6,317,1,44.43,3,1,2,312,4,Dormant
CLIENT_1472,48,Sanchez,F,2025-12-09,2025-12-09,113.69,7,16.24,SEA,25,False,5,0,Maison,1,1,7,113.69,5,5,3,553,3,Loyal
CLIENT_1473,70,Deschamps,M,2023-08-25,2023-10-01,1180.95,3,393.65,Email,8,False,5,788,Mode,3,801,3,1180.95,1,3,5,135,0,A risque
CLIENT_1474,37,Sainte Genevièvenec,M,2023-05-30,2025-07-23,91.4,4,22.85,Email,8,True,4,116,Électronique,3,140,4,91.4,4,4,3,443,1,A risque
CLIENT_1475,23,Maillard,F,2023-06-05,2023-08-04,141.44,4,35.36,Social,15,False,5,832,Mode,5,859,4,141.44,1,4,4,144,1,A risque
CLIENT_1476,72,Leconte-sur-Masson,F,2023-07-17,2025-12-09,230.22,1,230.22,SEA,25,True,4,0,Mode,10,1,1,230.22,5,1,4,514,2,Potentiel
CLIENT_1477,75,Sanchez,M,2024-06-25,2025-10-25,53.88,2,26.94,Email,8,False,2,37,Loisirs,4,46,2,53.88,4,2,2,422,4,Dormant
CLIENT_1478,65,Gimenez,F,2023-02-01,2023-05-07,883.96,1,883.96,Reference,5,True,5,928,Mode,5,948,1,883.96,1,1,5,115,4,Dormant
CLIENT_1479,29,Sainte Christophe,F,2023-04-09,2023-05-02,444.17,4,111.04,Social,15,True,5,932,Électronique,5,953,4,444.17,1,4,5,145,1,A risque
CLIENT_1480,23,Gimenez,M,2023-11-19,2024-12-03,51.26,4,12.81,Social,15,False,5,365,Mode,1,372,4,51.26,3,4,2,342,1,A risque
CLIENT_1481,36,Baudry,M,2023-05-25,2023-09-26,1230.16,3,410.05,Email,8,False,5,795,Maison,1,806,3,1230.16,1,3,5,135,0,A risque
CLIENT_1482,38,Deschamps,M,2025-03-10,2025-12-09,49.71,5,9.94,Reference,5,True,2,0,Alimentation,7,1,5,49.71,5,5,2,552,3,Loyal
CLIENT_1483,52,Baudry,F,2024-06-12,2025-06-21,143.4,5,28.68,SEA,25,True,4,155,Électronique,2,172,5,143.4,3,5,4,354,1,A risque
CLIENT_1484,36,Delorme,M,2024-04-06,2024-05-29,42.37,3,14.12,Social,15,False,5,530,Alimentation,6,560,3,42.37,2,3,1,231,1,A risque
CLIENT_1485,19,Perret,F,2024-01-08,2025-12-09,98.12,1,98.12,Social,15,False,3,0,Électronique,7,1,1,98.12,5,1,3,513,2,Potentiel
CLIENT_1486,33,Meunier,F,2024-02-02,2024-12-12,1678.5,3,559.5,Social,15,True,5,350,Mode,3,363,3,1678.5,3,3,5,335,0,A risque
CLIENT_1487,41,CaronBourg,F,2024-10-30,2025-02-17,51.78,5,10.36,Social,15,True,4,282,Alimentation,10,296,5,51.78,3,5,2,352,1,A risque
CLIENT_1488,19,Delorme,M,2023-02-24,2023-09-07,60.02,4,15.01,Social,15,False,5,806,Électronique,8,825,4,60.02,1,4,2,142,1,A risque
CLIENT_1489,28,Peronnec,M,2025-08-04,2025-12-09,153.88,1,153.88,SEA,25,True,3,0,Mode,10,1,1,153.88,5,1,4,514,2,Potentiel
CLIENT_1490,38,Maillard,M,2024-05-16,2024-11-29,56.29,4,14.07,SEA,25,False,3,374,Alimentation,10,376,4,56.29,3,4,2,342,1,A risque
CLIENT_1491,18,Sanchez,F,2023-05-09,2023-09-22,103.96,1,103.96,Direct,0,True,4,796,Maison,5,810,1,103.96,1,1,3,113,4,Dormant
CLIENT_1492,52,Gimenez,M,2025-05-30,2025-12-09,51.46,3,17.15,Direct,0,True,4,0,Alimentation,1,1,3,51.46,5,3,2,532,3,Loyal
CLIENT_1493,63,Meunier,M,2025-10-15,2025-12-09,80.27,4,20.07,Email,8,False,5,0,Électronique,1,1,4,80.27,5,4,3,543,3,Loyal
CLIENT_1494,24,Grenier,M,2024-02-04,2025-12-09,2621.33,4,655.33,Email,8,True,5,0,Alimentation,1,1,4,2621.33,5,4,5,545,0,A risque
CLIENT_1495,59,Baudry,F,2023-10-10,2025-05-11,67.86,2,33.93,Direct,0,True,4,186,Alimentation,3,213,2,67.86,3,2,2,322,4,Dormant
CLIENT_1496,52,Hubert,M,2025-02-04,2025-12-09,91.79,4,22.95,Direct,0,False,5,0,Maison,9,1,4,91.79,5,4,3,543,3,Loyal
CLIENT_1497,26,Delorme,M,2024-09-10,2025-03-01,474.27,2,237.13,Social,15,True,5,280,Mode,1,284,2,474.27,3,2,5,325,4,Dormant
CLIENT_1498,60,Sainte Genevièvenec,M,2024-12-14,2025-05-29,1695.19,3,565.06,Social,15,False,5,171,Mode,8,195,3,1695.19,3,3,5,335,0,A risque
CLIENT_1499,19,Perret,M,2023-08-31,2023-09-19,1936.85,1,1936.85,Email,8,False,4,804,Maison,10,813,1,1936.85,1,1,5,115,0,A risque
CLIENT_1500,32,Barbenec,F,2022-12-24,2023-04-24,130.1,6,21.68,Social,15,False,4,939,Électronique,9,961,6,130.1,1,5,4,154,1,A risque
CLIENT_1501,25,Hubert,M,2024-11-06,2025-10-14,287.22,2,143.61,Social,15,False,3,41,Électronique,7,57,2,287.22,4,2,4,424,4,Dormant
CLIENT_1502,30,Peronnec,F,2023-02-15,2023-02-18,30.29,2,15.14,Social,15,True,3,1006,Électronique,5,1026,2,30.29,1,2,1,121,4,Dormant
CLIENT_1503,34,Baudry,F,2023-03-12,2023-08-16,37.71,4,9.43,Direct,0,False,3,829,Mode,6,847,4,37.71,1,4,1,141,1,A risque
CLIENT_1504,48,BonninVille,M,2025-08-13,2025-12-09,44.86,8,5.61,Social,15,True,4,0,Électronique,8,1,8,44.86,5,5,2,552,3,Loyal
CLIENT_1505,51,Gimenez,F,2024-08-28,2025-05-05,226.41,3,75.47,Reference,5,True,5,209,Maison,2,219,3,226.41,3,3,4,334,1,A risque
CLIENT_1506,27,Peronnec,F,2023-08-18,2024-05-10,51.27,8,6.41,Direct,0,False,4,563,Alimentation,10,579,8,51.27,2,5,2,252,1,A risque
CLIENT_1507,52,Deschamps,M,2024-02-18,2025-07-10,55.99,3,18.66,Direct,0,False,5,146,Maison,6,153,3,55.99,3,3,2,332,1,A risque
CLIENT_1508,54,Barbenec,F,2023-03-11,2024-05-06,177.01,3,59.0,Email,8,False,5,571,Loisirs,10,583,3,177.01,2,3,4,234,1,A risque
CLIENT_1509,30,Delorme,M,2023-09-19,2023-12-16,3351.72,4,837.93,Direct,0,True,5,708,Alimentation,8,725,4,3351.72,1,4,5,145,0,A risque
CLIENT_1510,19,Sanchez,F,2024-07-27,2024-08-30,51.07,2,25.54,Direct,0,False,3,446,Électronique,5,467,2,51.07,2,2,2,222,4,Dormant
CLIENT_1511,70,Hubert,M,2024-03-21,2025-12-09,75.24,6,12.54,Email,8,True,5,0,Loisirs,5,1,6,75.24,5,5,3,553,3,Loyal
CLIENT_1512,26,Sainte Christophe,M,2023-07-02,2024-08-15,31.05,6,5.17,Email,8,True,1,461,Maison,6,482,6,31.05,2,5,1,251,1,A risque
CLIENT_1513,18,BonninVille,M,2025-02-07,2025-06-03,59.28,5,11.86,SEA,25,False,3,182,Électronique,8,190,5,59.28,3,5,2,352,1,A risque
CLIENT_1514,26,Deschamps,F,2023-08-09,2024-04-05,41.9,3,13.97,SEA,25,False,2,588,Maison,8,614,3,41.9,2,3,1,231,1,A risque
CLIENT_1515,53,Gimenez,M,2023-06-17,2025-12-09,131.68,4,32.92,Reference,5,True,3,0,Électronique,10,1,4,131.68,5,4,4,544,3,Loyal
CLIENT_1516,18,Deschamps,F,2024-09-29,2024-10-07,35.37,1,35.37,SEA,25,True,3,423,Maison,9,429,1,35.37,2,1,1,211,4,Dormant
CLIENT_1517,47,Sainte Christophe,M,2025-10-03,2025-12-09,30.8,3,10.27,Direct,0,True,2,0,Alimentation,1,1,3,30.8,5,3,1,531,3,Loyal
CLIENT_1518,50,Grenier,F,2023-02-14,2025-09-04,1046.77,2,523.38,Reference,5,False,5,80,Maison,10,97,2,1046.77,4,2,5,425,0,A risque
CLIENT_1519,44,Baudry,F,2024-03-22,2025-08-17,338.88,3,112.96,Social,15,False,4,97,Maison,6,115,3,338.88,4,3,4,434,1,A risque
CLIENT_1520,62,Meunier,M,2024-11-17,2025-07-31,67.37,4,16.84,SEA,25,False,4,103,Mode,6,132,4,67.37,4,4,2,442,1,A risque
CLIENT_1521,45,Deschamps,M,2025-09-17,2025-12-09,69.59,3,23.2,Direct,0,False,4,0,Alimentation,2,1,3,69.59,5,3,3,533,3,Loyal
CLIENT_1522,22,Deschamps,M,2024-03-25,2024-04-06,425.11,2,212.56,SEA,25,True,4,591,Maison,6,613,2,425.11,2,2,5,225,4,Dormant
CLIENT_1523,29,Grenier,M,2024-07-15,2024-09-04,84.52,2,42.26,Social,15,True,5,453,Maison,7,462,2,84.52,2,2,3,223,4,Dormant
CLIENT_1524,45,Gimenez,F,2024-02-08,2024-08-19,74.21,3,24.74,SEA,25,False,4,458,Maison,7,478,3,74.21,2,3,3,233,1,A risque
CLIENT_1525,55,Meunier,M,2024-01-15,2025-02-21,1931.55,4,482.89,Social,15,True,5,290,Alimentation,5,292,4,1931.55,3,4,5,345,0,A risque
CLIENT_1526,63,Sanchez,M,2023-08-29,2024-09-01,58.27,1,58.27,Email,8,True,4,459,Mode,8,465,1,58.27,2,1,2,212,4,Dormant
CLIENT_1527,29,Techer-la-Forêt,M,2025-05-01,2025-07-08,218.79,2,109.39,SEA,25,False,5,134,Loisirs,4,155,2,218.79,3,2,4,324,4,Dormant
CLIENT_1528,41,Grenier,M,2024-04-26,2024-11-21,53.17,3,17.72,Reference,5,True,5,359,Maison,5,384,3,53.17,3,3,2,332,1,A risque
CLIENT_1529,71,Gimenez,M,2025-06-18,2025-12-09,134.69,5,26.94,Reference,5,False,3,0,Électronique,6,1,5,134.69,5,5,4,554,3,Loyal
CLIENT_1530,19,Baudry,M,2024-06-18,2024-09-07,35.54,3,11.85,Social,15,True,3,444,Maison,4,459,3,35.54,2,3,1,231,1,A risque
CLIENT_1531,18,BonninVille,F,2025-03-27,2025-05-14,156.65,2,78.33,SEA,25,True,5,184,Alimentation,4,210,2,156.65,3,2,4,324,4,Dormant
CLIENT_1532,61,Gimenez,F,2023-11-30,2024-11-21,264.29,2,132.15,SEA,25,False,3,370,Électronique,2,384,2,264.29,3,2,4,324,4,Dormant
CLIENT_1533,42,BonninVille,M,2023-08-09,2024-05-20,34.41,3,11.47,Reference,5,False,5,562,Maison,10,569,3,34.41,2,3,1,231,1,A risque
CLIENT_1534,48,Delorme,M,2025-06-02,2025-07-25,332.53,5,66.51,SEA,25,True,4,127,Alimentation,5,138,5,332.53,4,5,4,454,1,A risque
CLIENT_1535,20,Grenier,F,2025-07-14,2025-12-09,51.97,2,25.98,Social,15,True,3,0,Maison,5,1,2,51.97,5,2,2,522,2,Potentiel
CLIENT_1536,33,Peronnec,F,2023-05-05,2023-10-14,70.01,3,23.34,SEA,25,False,4,777,Loisirs,9,788,3,70.01,1,3,3,133,1,A risque
CLIENT_1537,54,Sainte Genevièvenec,F,2024-12-06,2025-12-09,67.72,3,22.57,Social,15,True,3,0,Alimentation,6,1,3,67.72,5,3,2,532,3,Loyal
CLIENT_1538,28,Deschamps,F,2023-01-18,2023-04-18,514.48,2,257.24,Direct,0,True,5,960,Loisirs,6,967,2,514.48,1,2,5,125,4,Dormant
CLIENT_1539,28,CaronBourg,M,2025-03-23,2025-11-16,636.13,2,318.06,Email,8,False,3,10,Alimentation,10,24,2,636.13,4,2,5,425,0,A risque
CLIENT_1540,58,Perret,F,2025-12-05,2025-12-09,61.64,3,20.55,SEA,25,True,3,0,Mode,6,1,3,61.64,5,3,2,532,3,Loyal
CLIENT_1541,41,Leconte-sur-Masson,F,2025-01-18,2025-12-09,76.36,5,15.27,Social,15,True,2,0,Électronique,9,1,5,76.36,5,5,3,553,3,Loyal
CLIENT_1542,48,Barbenec,M,2025-02-09,2025-04-25,66.52,3,22.17,Social,15,True,2,209,Mode,9,229,3,66.52,3,3,2,332,1,A risque
CLIENT_1543,51,CaronBourg,M,2024-11-28,2025-04-15,60.62,2,30.31,Email,8,True,4,229,Électronique,7,239,2,60.62,3,2,2,322,4,Dormant
CLIENT_1544,57,Delorme,F,2025-03-20,2025-12-09,209.8,2,104.9,SEA,25,True,4,0,Loisirs,4,1,2,209.8,5,2,4,524,2,Potentiel
CLIENT_1545,32,Peronnec,M,2024-05-05,2025-12-09,37.27,1,37.27,Social,15,False,2,0,Maison,8,1,1,37.27,5,1,1,511,2,Potentiel
CLIENT_1546,39,Delorme,M,2023-06-01,2023-06-03,189.82,2,94.91,Reference,5,True,5,911,Mode,10,921,2,189.82,1,2,4,124,4,Dormant
CLIENT_1547,48,Sanchez,F,2025-11-05,2025-12-09,228.75,3,76.25,Social,15,False,5,0,Alimentation,4,1,3,228.75,5,3,4,534,3,Loyal
CLIENT_1548,65,CaronBourg,M,2023-11-15,2024-09-18,201.99,3,67.33,Social,15,True,4,420,Mode,2,448,3,201.99,2,3,4,234,1,A risque
CLIENT_1549,32,Sanchez,F,2025-08-31,2025-12-09,156.06,3,52.02,Email,8,True,3,0,Mode,7,1,3,156.06,5,3,4,534,3,Loyal
CLIENT_1550,53,Meunier,F,2025-04-28,2025-12-09,33.67,2,16.84,Reference,5,False,2,0,Maison,10,1,2,33.67,5,2,1,521,2,Potentiel
CLIENT_1551,36,Deschamps,M,2023-05-22,2023-12-20,89.47,3,29.82,SEA,25,False,5,701,Mode,6,721,3,89.47,1,3,3,133,1,A risque
CLIENT_1552,42,Baudry,F,2025-10-11,2025-12-01,70.25,3,23.42,SEA,25,False,4,0,Mode,4,9,3,70.25,4,3,3,433,3,Loyal
CLIENT_1553,18,Peronnec,M,2023-05-25,2023-05-31,33.63,3,11.21,SEA,25,True,4,922,Électronique,10,924,3,33.63,1,3,1,131,1,A risque
CLIENT_1554,59,CaronBourg,F,2024-01-11,2024-07-23,2823.43,3,941.14,Social,15,False,5,475,Alimentation,7,505,3,2823.43,2,3,5,235,0,A risque
CLIENT_1555,33,Sainte Christophe,F,2024-06-10,2024-10-29,165.09,1,165.09,Email,8,False,3,404,Électronique,4,407,1,165.09,2,1,4,214,4,Dormant
CLIENT_1556,44,Meunier,F,2024-08-15,2025-08-10,41.31,7,5.9,Direct,0,True,2,109,Loisirs,10,122,7,41.31,4,5,1,451,1,A risque
CLIENT_1557,41,Deschamps,M,2025-05-27,2025-12-09,1619.44,2,809.72,Reference,5,False,3,0,Maison,10,1,2,1619.44,5,2,5,525,0,A risque
CLIENT_1558,34,Grenier,M,2023-01-03,2023-02-08,84.28,2,42.14,SEA,25,True,4,1035,Loisirs,3,1036,2,84.28,1,2,3,123,4,Dormant
CLIENT_1559,29,Deschamps,F,2025-07-17,2025-08-09,42.43,4,10.61,Direct,0,False,3,100,Alimentation,3,123,4,42.43,4,4,1,441,1,A risque
CLIENT_1560,25,Barbenec,F,2024-09-07,2025-12-09,49.16,5,9.83,Reference,5,True,4,0,Loisirs,2,1,5,49.16,5,5,2,552,3,Loyal
CLIENT_1561,27,BonninVille,F,2024-07-06,2025-05-14,33.0,2,16.5,Social,15,True,5,205,Alimentation,1,210,2,33.0,3,2,1,321,4,Dormant
CLIENT_1562,50,Deschamps,M,2024-09-16,2024-11-02,210.82,1,210.82,SEA,25,False,5,374,Alimentation,8,403,1,210.82,2,1,4,214,4,Dormant
CLIENT_1563,18,Perret,F,2024-05-29,2025-12-09,5408.89,4,1352.22,SEA,25,True,4,0,Loisirs,9,1,4,5408.89,5,4,5,545,0,A risque
CLIENT_1564,32,Deschamps,F,2024-12-28,2025-09-14,63.91,3,21.3,Social,15,False,4,63,Maison,4,87,3,63.91,4,3,2,432,1,A risque
CLIENT_1565,33,Sainte Margotboeuf,M,2023-05-31,2023-07-31,692.86,2,346.43,SEA,25,True,4,860,Alimentation,1,863,2,692.86,1,2,5,125,0,A risque
CLIENT_1566,39,BonninVille,M,2023-04-12,2025-12-09,31.04,5,6.21,Email,8,True,2,0,Électronique,6,1,5,31.04,5,5,1,551,3,Loyal
CLIENT_1567,39,Peronnec,F,2025-02-23,2025-12-09,618.6,3,206.2,Direct,0,True,5,0,Mode,2,1,3,618.6,5,3,5,535,3,Loyal
CLIENT_1568,39,Grenier,M,2025-12-07,2025-12-09,149.59,5,29.92,Direct,0,True,3,0,Alimentation,3,1,5,149.59,5,5,4,554,3,Loyal
CLIENT_1569,75,Peronnec,M,2024-09-02,2025-12-09,457.06,1,457.06,Social,15,True,4,0,Maison,8,1,1,457.06,5,1,5,515,2,Potentiel
CLIENT_1570,36,Sainte Genevièvenec,F,2023-06-28,2024-01-07,279.11,1,279.11,SEA,25,False,5,673,Électronique,1,703,1,279.11,1,1,4,114,4,Dormant
CLIENT_1571,42,Hubert,M,2024-09-20,2025-12-09,41.94,2,20.97,Email,8,False,3,0,Électronique,2,1,2,41.94,5,2,1,521,2,Potentiel
CLIENT_1572,51,Hubert,F,2025-07-15,2025-12-09,2093.59,1,2093.59,SEA,25,True,5,0,Électronique,1,1,1,2093.59,5,1,5,515,2,Potentiel
CLIENT_1573,38,Barbenec,F,2024-10-26,2025-12-09,55.71,1,55.71,Email,8,False,5,0,Mode,3,1,1,55.71,5,1,2,512,2,Potentiel
CLIENT_1574,37,Baudry,M,2023-09-25,2024-07-29,321.26,5,64.25,Email,8,True,5,489,Maison,9,499,5,321.26,2,5,4,254,1,A risque
CLIENT_1575,53,Gimenez,F,2024-08-23,2025-09-17,92.55,3,30.85,Direct,0,False,4,65,Maison,5,84,3,92.55,4,3,3,433,1,A risque
CLIENT_1576,18,Hubert,M,2024-07-09,2025-12-09,2367.44,1,2367.44,Reference,5,True,5,0,Loisirs,6,1,1,2367.44,5,1,5,515,2,Potentiel
CLIENT_1577,56,Hubert,M,2023-02-22,2023-03-16,58.47,4,14.62,Social,15,False,2,978,Électronique,4,1000,4,58.47,1,4,2,142,1,A risque
CLIENT_1578,37,Perret,F,2024-08-04,2025-12-09,54.62,2,27.31,Reference,5,False,4,0,Électronique,1,1,2,54.62,5,2,2,522,2,Potentiel
CLIENT_1579,30,Peronnec,F,2024-10-31,2025-12-09,442.13,4,110.53,Email,8,True,4,0,Alimentation,5,1,4,442.13,5,4,5,545,3,Loyal
CLIENT_1580,70,Baudry,F,2024-09-25,2025-07-31,101.26,3,33.75,Social,15,False,3,118,Électronique,7,132,3,101.26,4,3,3,433,1,A risque
CLIENT_1581,35,Meunier,F,2024-12-02,2024-12-22,97.0,1,97.0,SEA,25,True,5,347,Mode,9,353,1,97.0,3,1,3,313,4,Dormant
CLIENT_1582,44,Baudry,F,2023-08-25,2024-02-22,68.18,2,34.09,Social,15,True,3,633,Alimentation,3,657,2,68.18,1,2,2,122,4,Dormant
CLIENT_1583,35,Sainte Christophe,F,2025-05-10,2025-07-28,1209.45,4,302.36,Email,8,True,3,132,Loisirs,9,135,4,1209.45,4,4,5,445,0,A risque
CLIENT_1584,39,Sainte Margotboeuf,F,2025-06-27,2025-12-09,111.39,4,27.85,Email,8,True,4,0,Maison,5,1,4,111.39,5,4,3,543,3,Loyal
CLIENT_1585,39,Meunier,F,2023-01-30,2023-03-24,290.74,5,58.15,SEA,25,True,4,967,Maison,7,992,5,290.74,1,5,4,154,1,A risque
CLIENT_1586,42,Leconte-sur-Masson,M,2023-09-06,2025-12-09,150.67,3,50.22,Social,15,False,5,0,Alimentation,10,1,3,150.67,5,3,4,534,3,Loyal
CLIENT_1587,60,Deschamps,F,2024-01-04,2024-02-24,157.08,3,52.36,SEA,25,False,3,636,Maison,9,655,3,157.08,1,3,4,134,1,A risque
CLIENT_1588,39,Grenier,F,2024-10-28,2025-01-03,111.4,6,18.57,SEA,25,False,3,338,Maison,6,341,6,111.4,3,5,3,353,1,A risque
CLIENT_1589,46,Meunier,M,2024-08-13,2024-11-14,33.26,7,4.75,Reference,5,True,3,384,Maison,4,391,7,33.26,2,5,1,251,1,A risque
CLIENT_1590,23,BonninVille,M,2024-12-16,2025-08-24,69.81,1,69.81,Direct,0,True,4,84,Loisirs,4,108,1,69.81,4,1,3,413,4,Dormant
CLIENT_1591,72,Baudry,M,2023-07-22,2023-12-26,530.18,2,265.09,Reference,5,True,3,691,Alimentation,5,715,2,530.18,1,2,5,125,4,Dormant
CLIENT_1592,48,Maillard,F,2024-12-19,2025-03-03,34.48,4,8.62,SEA,25,True,3,267,Mode,7,282,4,34.48,3,4,1,341,1,A risque
CLIENT_1593,51,Barbenec,F,2025-03-30,2025-06-13,286.64,1,286.64,Social,15,False,3,174,Alimentation,10,180,1,286.64,3,1,4,314,4,Dormant
CLIENT_1594,32,Deschamps,M,2023-06-08,2024-06-26,46.79,3,15.6,Social,15,True,4,529,Loisirs,7,532,3,46.79,2,3,2,232,1,A risque
CLIENT_1595,63,Hubert,M,2024-12-17,2025-06-11,353.44,3,117.81,Direct,0,True,4,152,Électronique,10,182,3,353.44,3,3,4,334,1,A risque
CLIENT_1596,23,Baudry,F,2024-10-08,2025-05-13,97.43,3,32.48,Social,15,True,4,208,Loisirs,7,211,3,97.43,3,3,3,333,1,A risque
CLIENT_1597,31,Sainte Christophe,M,2025-11-02,2025-12-09,359.05,4,89.76,Direct,0,True,5,0,Maison,6,1,4,359.05,5,4,4,544,3,Loyal
CLIENT_1598,18,BonninVille,M,2024-09-05,2025-12-09,34.46,4,8.62,Direct,0,False,4,0,Mode,2,1,4,34.46,5,4,1,541,3,Loyal
CLIENT_1599,37,Peronnec,M,2023-02-06,2024-07-11,11769.59,1,11769.59,Social,15,True,5,497,Électronique,8,517,1,11769.59,2,1,5,215,0,A risque
CLIENT_1600,55,Sainte Genevièvenec,F,2024-02-15,2025-08-11,65.2,2,32.6,Social,15,True,2,116,Alimentation,8,121,2,65.2,4,2,2,422,4,Dormant
CLIENT_1601,33,Peronnec,F,2024-02-02,2025-01-11,67.37,3,22.46,SEA,25,True,2,308,Maison,3,333,3,67.37,3,3,2,332,1,A risque
CLIENT_1602,75,Peronnec,M,2022-12-22,2024-11-12,52.66,5,10.53,Social,15,True,3,385,Loisirs,3,393,5,52.66,2,5,2,252,1,A risque
CLIENT_1603,43,Gimenez,F,2024-06-08,2024-07-31,8191.85,1,8191.85,Social,15,True,5,496,Loisirs,6,497,1,8191.85,2,1,5,215,0,A risque
CLIENT_1604,51,Grenier,F,2024-10-02,2025-12-09,102.06,2,51.03,Social,15,True,3,0,Mode,7,1,2,102.06,5,2,3,523,2,Potentiel
CLIENT_1605,55,Maillard,F,2024-03-21,2024-08-26,52.14,4,13.04,Email,8,True,3,448,Alimentation,8,471,4,52.14,2,4,2,242,1,A risque
CLIENT_1606,21,Meunier,F,2023-09-08,2025-12-09,76.8,3,25.6,Email,8,False,4,0,Électronique,6,1,3,76.8,5,3,3,533,3,Loyal
CLIENT_1607,19,Meunier,M,2023-04-26,2023-11-13,45.88,1,45.88,Social,15,False,4,734,Maison,2,758,1,45.88,1,1,2,112,4,Dormant
CLIENT_1608,75,Gimenez,F,2023-06-21,2023-07-11,79.68,4,19.92,Reference,5,True,5,867,Électronique,2,883,4,79.68,1,4,3,143,1,A risque
CLIENT_1609,41,Sainte Genevièvenec,F,2025-05-15,2025-10-01,790.49,1,790.49,Direct,0,True,4,44,Mode,6,70,1,790.49,4,1,5,415,4,Dormant
CLIENT_1610,20,Hubert,F,2024-07-15,2024-08-01,1958.61,4,489.65,SEA,25,True,5,484,Loisirs,2,496,4,1958.61,2,4,5,245,0,A risque
CLIENT_1611,54,Leconte-sur-Masson,M,2025-09-02,2025-11-19,43.86,4,10.96,Direct,0,True,4,0,Maison,8,21,4,43.86,4,4,2,442,3,Loyal
CLIENT_1612,36,Sainte Christophe,M,2023-01-27,2024-01-28,46.7,2,23.35,Social,15,False,2,663,Alimentation,6,682,2,46.7,1,2,2,122,4,Dormant
CLIENT_1613,21,Peronnec,F,2025-02-16,2025-04-09,55.85,1,55.85,Email,8,True,3,218,Électronique,5,245,1,55.85,3,1,2,312,4,Dormant
CLIENT_1614,34,Sainte Genevièvenec,F,2023-09-10,2024-07-22,269.64,2,134.82,SEA,25,True,5,489,Alimentation,5,506,2,269.64,2,2,4,224,4,Dormant
CLIENT_1615,29,Baudry,M,2025-05-31,2025-08-29,299.87,2,149.94,Social,15,True,4,86,Maison,1,103,2,299.87,4,2,4,424,4,Dormant
CLIENT_1616,18,Maillard,F,2023-04-08,2024-07-03,174.96,1,174.96,Social,15,False,3,520,Mode,9,525,1,174.96,2,1,4,214,4,Dormant
CLIENT_1617,49,Baudry,F,2024-10-25,2025-12-09,469.91,1,469.91,SEA,25,False,3,0,Mode,9,1,1,469.91,5,1,5,515,2,Potentiel
CLIENT_1618,52,BonninVille,F,2024-11-20,2025-12-09,68.66,2,34.33,Social,15,False,2,0,Maison,8,1,2,68.66,5,2,3,523,2,Potentiel
CLIENT_1619,24,Grenier,F,2022-12-22,2023-04-30,8228.73,2,4114.36,Email,8,True,5,945,Loisirs,2,955,2,8228.73,1,2,5,125,0,A risque
CLIENT_1620,48,Techer-la-Forêt,F,2025-04-06,2025-05-29,70.29,1,70.29,Email,8,True,5,168,Loisirs,9,195,1,70.29,3,1,3,313,4,Dormant
CLIENT_1621,62,Delorme,M,2024-06-17,2025-10-15,62.14,5,12.43,Social,15,True,4,55,Électronique,4,56,5,62.14,4,5,2,452,1,A risque
CLIENT_1622,41,Sainte Margotboeuf,M,2023-07-08,2025-12-09,48.57,1,48.57,Direct,0,True,4,0,Alimentation,3,1,1,48.57,5,1,2,512,2,Potentiel
CLIENT_1623,28,CaronBourg,F,2022-12-17,2023-01-01,219.07,5,43.81,Email,8,False,5,1056,Alimentation,1,1074,5,219.07,1,5,4,154,1,A risque
CLIENT_1624,60,BonninVille,M,2022-12-30,2024-02-04,87.06,2,43.53,Social,15,True,5,659,Alimentation,9,675,2,87.06,1,2,3,123,4,Dormant
CLIENT_1625,35,Sanchez,M,2024-08-02,2024-10-04,129.81,2,64.91,Reference,5,True,3,412,Alimentation,6,432,2,129.81,2,2,4,224,4,Dormant
CLIENT_1626,36,Leconte-sur-Masson,M,2025-10-03,2025-11-22,45.34,3,15.11,Email,8,False,4,3,Électronique,7,18,3,45.34,4,3,2,432,3,Loyal
CLIENT_1627,18,Deschamps,M,2024-05-10,2024-12-21,327.61,5,65.52,Email,8,False,4,326,Mode,5,354,5,327.61,3,5,4,354,1,A risque
CLIENT_1628,50,Delorme,F,2023-03-13,2025-02-08,66.32,1,66.32,Social,15,False,4,295,Électronique,7,305,1,66.32,3,1,2,312,4,Dormant
CLIENT_1629,56,Perret,F,2025-06-30,2025-12-09,302.21,2,151.1,Email,8,True,4,0,Loisirs,8,1,2,302.21,5,2,4,524,2,Potentiel
CLIENT_1630,37,Peronnec,M,2025-10-12,2025-12-09,54.42,5,10.88,Social,15,False,2,0,Loisirs,5,1,5,54.42,5,5,2,552,3,Loyal
CLIENT_1631,29,Techer-la-Forêt,M,2025-06-21,2025-12-09,56.59,3,18.86,Social,15,True,3,0,Mode,8,1,3,56.59,5,3,2,532,3,Loyal
CLIENT_1632,18,Gimenez,M,2025-08-30,2025-12-09,111.99,2,55.99,Social,15,False,3,0,Mode,2,1,2,111.99,5,2,3,523,2,Potentiel
CLIENT_1633,42,Perret,F,2023-02-05,2024-02-01,51.43,1,51.43,SEA,25,False,3,658,Loisirs,5,678,1,51.43,1,1,2,112,4,Dormant
CLIENT_1634,58,Sainte Christophe,F,2023-12-06,2024-06-06,4223.37,3,1407.79,Email,8,True,5,533,Électronique,3,552,3,4223.37,2,3,5,235,0,A risque
CLIENT_1635,26,Meunier,F,2023-08-15,2024-12-03,80.84,4,20.21,Direct,0,True,3,365,Alimentation,6,372,4,80.84,3,4,3,343,1,A risque
CLIENT_1636,40,Leconte-sur-Masson,F,2025-10-21,2025-12-09,2504.51,3,834.84,Email,8,False,5,0,Électronique,3,1,3,2504.51,5,3,5,535,0,A risque
CLIENT_1637,71,CaronBourg,M,2024-01-05,2025-12-09,24951.8,4,6237.95,Direct,0,True,4,0,Électronique,1,1,4,24951.8,5,4,5,545,0,A risque
CLIENT_1638,22,Sainte Christophe,M,2025-09-22,2025-12-09,518.34,7,74.05,Direct,0,False,4,0,Alimentation,2,1,7,518.34,5,5,5,555,3,Loyal
CLIENT_1639,75,BonninVille,F,2023-02-17,2024-06-22,267.45,3,89.15,Social,15,False,5,509,Électronique,1,536,3,267.45,2,3,4,234,1,A risque
CLIENT_1640,25,Maillard,F,2025-02-04,2025-03-06,85.61,1,85.61,Email,8,True,5,248,Alimentation,8,279,1,85.61,3,1,3,313,4,Dormant
CLIENT_1641,47,Techer-la-Forêt,F,2025-08-21,2025-12-05,431.44,2,215.72,Social,15,True,4,0,Loisirs,4,5,2,431.44,4,2,5,425,2,Potentiel
CLIENT_1642,18,Sanchez,F,2023-03-29,2024-03-21,3318.04,4,829.51,Social,15,True,5,611,Maison,9,629,4,3318.04,2,4,5,245,0,A risque
CLIENT_1643,65,Sainte Genevièvenec,F,2023-03-13,2023-05-30,49.22,5,9.84,Email,8,False,3,898,Maison,8,925,5,49.22,1,5,2,152,1,A risque
CLIENT_1644,47,Gimenez,M,2024-01-13,2024-12-31,45.18,5,9.04,Reference,5,False,2,335,Loisirs,3,344,5,45.18,3,5,2,352,1,A risque
CLIENT_1645,20,Sainte Christophe,F,2024-01-09,2024-05-09,309.24,2,154.62,Reference,5,False,5,558,Maison,2,580,2,309.24,2,2,4,224,4,Dormant
CLIENT_1646,55,Techer-la-Forêt,F,2024-02-24,2025-10-04,67.0,5,13.4,Social,15,True,3,59,Électronique,5,67,5,67.0,4,5,2,452,1,A risque
CLIENT_1647,61,Delorme,F,2024-05-19,2025-12-09,9326.13,3,3108.71,Email,8,False,5,0,Alimentation,3,1,3,9326.13,5,3,5,535,0,A risque
CLIENT_1648,43,Sainte Christophe,M,2024-07-02,2024-08-17,413.46,3,137.82,SEA,25,True,5,451,Mode,5,480,3,413.46,2,3,5,235,1,A risque
CLIENT_1649,23,BonninVille,F,2024-01-06,2025-04-25,142.58,3,47.53,Direct,0,True,4,217,Mode,9,229,3,142.58,3,3,4,334,1,A risque
CLIENT_1650,52,Deschamps,F,2024-09-17,2025-07-02,1393.02,4,348.25,Direct,0,True,4,156,Alimentation,5,161,4,1393.02,3,4,5,345,0,A risque
CLIENT_1651,35,Sainte Christophe,M,2024-12-03,2024-12-13,39.91,1,39.91,Email,8,True,3,358,Alimentation,9,362,1,39.91,3,1,1,311,4,Dormant
CLIENT_1652,73,Hubert,F,2024-05-25,2025-12-09,48.97,6,8.16,Direct,0,False,4,0,Alimentation,5,1,6,48.97,5,5,2,552,3,Loyal
CLIENT_1653,22,Baudry,M,2025-10-11,2025-12-09,480.22,1,480.22,Social,15,True,4,0,Alimentation,1,1,1,480.22,5,1,5,515,2,Potentiel
CLIENT_1654,32,Hubert,F,2023-05-30,2024-06-11,35.79,2,17.89,Email,8,True,3,517,Maison,10,547,2,35.79,2,2,1,221,4,Dormant
CLIENT_1655,49,Sainte Christophe,M,2023-11-22,2024-07-01,172.48,3,57.49,Direct,0,False,3,515,Mode,6,527,3,172.48,2,3,4,234,1,A risque
CLIENT_1656,47,Sainte Genevièvenec,M,2024-08-28,2025-03-15,207.81,5,41.56,Social,15,True,1,255,Électronique,7,270,5,207.81,3,5,4,354,1,A risque
CLIENT_1657,64,Deschamps,M,2024-02-28,2024-06-07,36.36,3,12.12,Social,15,False,1,540,Mode,6,551,3,36.36,2,3,1,231,1,A risque
CLIENT_1658,48,Techer-la-Forêt,F,2024-07-15,2025-04-07,623.34,5,124.67,Direct,0,True,5,246,Électronique,2,247,5,623.34,3,5,5,355,1,A risque
CLIENT_1659,36,Deschamps,M,2024-07-04,2024-12-07,2646.78,1,2646.78,Social,15,False,5,364,Alimentation,4,368,1,2646.78,3,1,5,315,0,A risque
CLIENT_1660,64,Sanchez,F,2024-06-02,2025-07-08,15915.49,1,15915.49,Social,15,True,5,136,Maison,4,155,1,15915.49,3,1,5,315,0,A risque
CLIENT_1661,24,Sainte Margotboeuf,M,2024-07-23,2025-12-09,67.72,2,33.86,Direct,0,False,4,0,Maison,10,1,2,67.72,5,2,2,522,2,Potentiel
CLIENT_1662,22,Leconte-sur-Masson,M,2025-05-03,2025-06-24,34.29,3,11.43,SEA,25,True,3,154,Électronique,7,169,3,34.29,3,3,1,331,1,A risque
CLIENT_1663,48,BonninVille,M,2025-12-01,2025-12-09,39.39,1,39.39,Social,15,False,2,0,Mode,8,1,1,39.39,5,1,1,511,2,Potentiel
CLIENT_1664,34,Sanchez,M,2024-03-25,2025-01-28,36.03,1,36.03,Direct,0,True,4,286,Électronique,3,316,1,36.03,3,1,1,311,4,Dormant
CLIENT_1665,48,Sainte Genevièvenec,M,2024-07-31,2025-02-03,51.01,2,25.5,Direct,0,False,3,283,Mode,10,310,2,51.01,3,2,2,322,4,Dormant
CLIENT_1666,43,Gimenez,F,2023-04-05,2023-04-22,133.38,5,26.68,Email,8,True,5,946,Loisirs,8,963,5,133.38,1,5,4,154,1,A risque
CLIENT_1667,59,Gimenez,F,2023-09-16,2023-09-27,80.06,4,20.02,Social,15,True,4,785,Mode,2,805,4,80.06,1,4,3,143,1,A risque
CLIENT_1668,36,Sainte Christophe,M,2025-10-03,2025-12-06,80.34,3,26.78,Social,15,True,3,0,Loisirs,10,4,3,80.34,4,3,3,433,3,Loyal
CLIENT_1669,75,CaronBourg,M,2023-12-02,2024-04-28,518.59,1,518.59,Social,15,False,5,584,Alimentation,6,591,1,518.59,2,1,5,215,4,Dormant
CLIENT_1670,28,Techer-la-Forêt,F,2025-04-15,2025-12-09,242.13,2,121.06,Reference,5,True,3,0,Alimentation,3,1,2,242.13,5,2,4,524,2,Potentiel
CLIENT_1671,22,Meunier,F,2024-11-16,2025-01-04,39.86,1,39.86,Social,15,False,4,333,Électronique,1,340,1,39.86,3,1,1,311,4,Dormant
CLIENT_1672,63,Hubert,M,2024-02-27,2024-04-09,70.53,2,35.27,Social,15,True,4,592,Électronique,10,610,2,70.53,2,2,3,223,4,Dormant
CLIENT_1673,43,CaronBourg,M,2024-06-23,2024-09-12,152.35,1,152.35,Social,15,True,4,435,Maison,10,454,1,152.35,2,1,4,214,4,Dormant
CLIENT_1674,61,Maillard,M,2024-07-28,2024-09-01,31.18,3,10.39,Reference,5,True,2,462,Maison,9,465,3,31.18,2,3,1,231,1,A risque
CLIENT_1675,38,Barbenec,F,2023-12-05,2024-05-30,50.91,4,12.73,Direct,0,False,5,549,Alimentation,5,559,4,50.91,2,4,2,242,1,A risque
CLIENT_1676,38,Leconte-sur-Masson,M,2023-09-02,2024-12-20,78.79,6,13.13,Email,8,True,2,326,Mode,9,355,6,78.79,3,5,3,353,1,A risque
CLIENT_1677,41,BonninVille,F,2024-03-20,2024-06-30,183.78,4,45.95,Email,8,False,3,518,Mode,3,528,4,183.78,2,4,4,244,1,A risque
CLIENT_1678,57,Meunier,F,2023-02-01,2023-03-02,33.3,3,11.1,SEA,25,True,2,998,Électronique,2,1014,3,33.3,1,3,1,131,1,A risque
CLIENT_1679,35,Peronnec,M,2023-11-30,2024-07-28,38.44,4,9.61,Social,15,False,3,487,Maison,8,500,4,38.44,2,4,1,241,1,A risque
CLIENT_1680,40,Grenier,F,2025-02-06,2025-09-25,221.04,5,44.21,Social,15,False,5,45,Électronique,7,76,5,221.04,4,5,4,454,1,A risque
CLIENT_1681,22,Maillard,F,2024-04-16,2024-06-04,3306.81,1,3306.81,Social,15,False,5,544,Alimentation,7,554,1,3306.81,2,1,5,215,0,A risque
CLIENT_1682,42,Sainte Christophe,M,2025-05-04,2025-12-09,80.23,3,26.74,Direct,0,True,3,0,Maison,6,1,3,80.23,5,3,3,533,3,Loyal
CLIENT_1683,32,Grenier,M,2023-09-10,2025-12-09,45.32,3,15.11,Social,15,True,5,0,Alimentation,5,1,3,45.32,5,3,2,532,3,Loyal
CLIENT_1684,75,Sainte Christophe,M,2025-04-25,2025-10-25,44.26,4,11.06,Email,8,False,5,20,Loisirs,3,46,4,44.26,4,4,2,442,1,A risque
CLIENT_1685,47,Hubert,M,2025-11-29,2025-12-09,87.78,2,43.89,Reference,5,False,4,0,Loisirs,3,1,2,87.78,5,2,3,523,2,Potentiel
CLIENT_1686,32,Hubert,M,2023-02-20,2024-11-01,102.82,4,25.7,Direct,0,True,3,380,Loisirs,1,404,4,102.82,2,4,3,243,1,A risque
CLIENT_1687,65,CaronBourg,F,2023-04-08,2023-08-30,241.53,2,120.77,Social,15,True,5,820,Alimentation,2,833,2,241.53,1,2,4,124,4,Dormant
CLIENT_1688,45,Sainte Genevièvenec,M,2023-12-08,2024-02-19,259.34,1,259.34,Email,8,False,5,658,Mode,9,660,1,259.34,1,1,4,114,4,Dormant
CLIENT_1689,26,Sainte Christophe,M,2023-10-03,2023-12-20,5604.75,1,5604.75,Direct,0,True,5,692,Alimentation,6,721,1,5604.75,1,1,5,115,0,A risque
CLIENT_1690,24,Sainte Christophe,M,2024-10-20,2025-12-09,42.73,6,7.12,Email,8,True,4,0,Électronique,1,1,6,42.73,5,5,2,552,3,Loyal
CLIENT_1691,30,CaronBourg,F,2025-11-13,2025-12-09,464.41,4,116.1,Email,8,True,4,0,Électronique,7,1,4,464.41,5,4,5,545,3,Loyal
CLIENT_1692,49,Barbenec,F,2024-10-28,2025-05-16,188.06,3,62.69,Social,15,True,3,202,Alimentation,7,208,3,188.06,3,3,4,334,1,A risque
CLIENT_1693,54,Peronnec,F,2025-05-17,2025-12-09,58.38,2,29.19,Email,8,False,3,0,Électronique,4,1,2,58.38,5,2,2,522,2,Potentiel
CLIENT_1694,74,Peronnec,M,2024-10-08,2025-10-11,11612.76,2,5806.38,Social,15,True,5,42,Maison,9,60,2,11612.76,4,2,5,425,0,A risque
CLIENT_1695,28,Techer-la-Forêt,F,2023-04-22,2023-07-31,152.76,3,50.92,SEA,25,True,4,839,Électronique,4,863,3,152.76,1,3,4,134,1,A risque
CLIENT_1696,33,Deschamps,F,2025-09-12,2025-11-14,212.61,4,53.15,Direct,0,False,3,10,Loisirs,2,26,4,212.61,4,4,4,444,3,Loyal
CLIENT_1697,40,Techer-la-Forêt,M,2023-10-29,2024-01-26,52.17,2,26.09,Reference,5,True,2,664,Mode,1,684,2,52.17,1,2,2,122,4,Dormant
CLIENT_1698,34,CaronBourg,M,2023-09-08,2024-08-15,316.71,3,105.57,SEA,25,True,5,479,Alimentation,8,482,3,316.71,2,3,4,234,1,A risque
CLIENT_1699,38,CaronBourg,F,2023-10-28,2025-11-23,125.55,1,125.55,Social,15,True,5,0,Mode,9,17,1,125.55,4,1,3,413,2,Potentiel
CLIENT_1700,35,Sainte Margotboeuf,M,2023-10-29,2023-11-12,34.51,1,34.51,SEA,25,True,2,740,Loisirs,1,759,1,34.51,1,1,1,111,4,Dormant
CLIENT_1701,50,Meunier,F,2024-09-03,2025-12-09,66.56,3,22.19,Reference,5,True,4,0,Maison,1,1,3,66.56,5,3,2,532,3,Loyal
CLIENT_1702,50,Grenier,F,2024-04-23,2024-05-14,35.79,2,17.89,Direct,0,True,4,566,Maison,7,575,2,35.79,2,2,1,221,4,Dormant
CLIENT_1703,49,Sainte Genevièvenec,M,2025-01-20,2025-11-26,753.76,4,188.44,Reference,5,False,5,9,Alimentation,8,14,4,753.76,4,4,5,445,0,A risque
CLIENT_1704,53,Barbenec,F,2024-10-08,2025-12-09,40.2,3,13.4,Social,15,False,5,0,Mode,2,1,3,40.2,5,3,1,531,3,Loyal
CLIENT_1705,47,Maillard,M,2024-09-06,2025-12-09,1272.97,2,636.49,SEA,25,False,5,0,Mode,10,1,2,1272.97,5,2,5,525,2,Potentiel
CLIENT_1706,68,Hubert,F,2023-06-28,2023-11-22,139.99,3,46.66,Email,8,False,3,729,Alimentation,6,749,3,139.99,1,3,4,134,1,A risque
CLIENT_1707,58,Peronnec,F,2024-08-12,2025-10-10,51.82,2,25.91,Email,8,True,2,30,Mode,1,61,2,51.82,4,2,2,422,4,Dormant
CLIENT_1708,29,Deschamps,F,2024-06-13,2025-01-07,218.5,3,72.83,SEA,25,True,3,335,Alimentation,9,337,3,218.5,3,3,4,334,1,A risque
CLIENT_1709,50,Hubert,F,2025-08-10,2025-12-09,84.84,4,21.21,SEA,25,True,5,0,Alimentation,2,1,4,84.84,5,4,3,543,3,Loyal
CLIENT_1710,33,Grenier,M,2024-12-25,2025-01-31,147.39,3,49.13,SEA,25,True,5,288,Maison,9,313,3,147.39,3,3,4,334,1,A risque
CLIENT_1711,42,BonninVille,F,2023-12-28,2024-06-09,6958.84,2,3479.42,SEA,25,False,5,522,Loisirs,9,549,2,6958.84,2,2,5,225,0,A risque
CLIENT_1712,35,Maillard,F,2023-11-02,2024-01-08,42.23,5,8.45,SEA,25,True,5,692,Électronique,1,702,5,42.23,1,5,1,151,1,A risque
CLIENT_1713,34,Baudry,F,2023-05-11,2023-05-20,42.08,2,21.04,SEA,25,True,4,934,Maison,4,935,2,42.08,1,2,1,121,4,Dormant
CLIENT_1714,55,Sainte Genevièvenec,M,2025-02-10,2025-12-09,38.8,3,12.93,Email,8,True,5,0,Électronique,8,1,3,38.8,5,3,1,531,3,Loyal
CLIENT_1715,36,Maillard,F,2024-02-05,2025-05-05,34.12,2,17.06,SEA,25,True,5,218,Loisirs,1,219,2,34.12,3,2,1,321,4,Dormant
CLIENT_1716,60,Gimenez,M,2024-12-18,2024-12-24,36.32,1,36.32,Social,15,False,3,329,Loisirs,7,351,1,36.32,3,1,1,311,4,Dormant
CLIENT_1717,38,Perret,F,2023-03-27,2023-05-02,56.42,1,56.42,SEA,25,False,4,924,Électronique,3,953,1,56.42,1,1,2,112,4,Dormant
CLIENT_1718,42,Grenier,M,2025-10-11,2025-11-21,143.53,5,28.71,Social,15,False,4,0,Loisirs,2,19,5,143.53,4,5,4,454,3,Loyal
CLIENT_1719,36,Sanchez,M,2024-07-08,2024-08-12,37.57,5,7.51,Social,15,True,1,481,Électronique,1,485,5,37.57,2,5,1,251,1,A risque
CLIENT_1720,30,Techer-la-Forêt,M,2024-12-13,2025-12-09,96.11,2,48.05,SEA,25,True,5,0,Maison,8,1,2,96.11,5,2,3,523,2,Potentiel
CLIENT_1721,33,Maillard,M,2023-03-26,2025-07-16,40.4,4,10.1,Email,8,False,2,116,Loisirs,10,147,4,40.4,3,4,1,341,1,A risque
CLIENT_1722,40,Sanchez,M,2025-03-05,2025-12-09,80.66,4,20.16,Email,8,True,4,0,Loisirs,5,1,4,80.66,5,4,3,543,3,Loyal
CLIENT_1723,37,Deschamps,M,2025-04-01,2025-04-16,227.21,3,75.74,Direct,0,True,5,223,Mode,8,238,3,227.21,3,3,4,334,1,A risque
CLIENT_1724,30,Peronnec,F,2024-05-06,2025-12-09,194.89,5,38.98,Social,15,False,5,0,Alimentation,3,1,5,194.89,5,5,4,554,3,Loyal
CLIENT_1725,51,BonninVille,F,2024-09-08,2025-01-09,61.57,1,61.57,Social,15,True,1,307,Alimentation,2,335,1,61.57,3,1,2,312,4,Dormant
CLIENT_1726,45,Barbenec,F,2025-02-10,2025-12-09,30.11,1,30.11,SEA,25,True,4,0,Maison,3,1,1,30.11,5,1,1,511,2,Potentiel
CLIENT_1727,31,Sanchez,F,2024-07-25,2025-10-07,82.94,2,41.47,Email,8,True,3,42,Mode,5,64,2,82.94,4,2,3,423,4,Dormant
CLIENT_1728,57,Sainte Margotboeuf,M,2023-07-18,2025-12-09,41.86,5,8.37,Social,15,False,2,0,Maison,3,1,5,41.86,5,5,1,551,3,Loyal
CLIENT_1729,23,Baudry,M,2025-11-28,2025-12-09,706.68,3,235.56,Reference,5,True,4,0,Mode,4,1,3,706.68,5,3,5,535,3,Loyal
CLIENT_1730,52,Gimenez,M,2024-09-16,2025-08-03,65.21,2,32.6,Direct,0,False,4,112,Électronique,8,129,2,65.21,4,2,2,422,4,Dormant
CLIENT_1731,39,Maillard,M,2024-12-05,2025-12-09,1346.12,5,269.22,Social,15,False,3,0,Loisirs,5,1,5,1346.12,5,5,5,555,3,Loyal
CLIENT_1732,75,Sainte Margotboeuf,F,2024-09-09,2025-12-09,39.15,5,7.83,Email,8,False,3,0,Maison,3,1,5,39.15,5,5,1,551,3,Loyal
CLIENT_1733,40,Baudry,F,2024-06-16,2025-06-09,30.6,4,7.65,Social,15,True,3,160,Alimentation,4,184,4,30.6,3,4,1,341,1,A risque
CLIENT_1734,51,Gimenez,F,2023-09-01,2024-02-26,232.01,4,58.0,Social,15,True,5,651,Mode,8,653,4,232.01,1,4,4,144,1,A risque
CLIENT_1735,24,Barbenec,M,2023-06-25,2024-11-09,38.48,4,9.62,Email,8,False,2,378,Alimentation,10,396,4,38.48,2,4,1,241,1,A risque
CLIENT_1736,30,Baudry,M,2024-03-15,2025-12-09,46.52,5,9.3,Direct,0,True,3,0,Maison,3,1,5,46.52,5,5,2,552,3,Loyal
CLIENT_1737,44,Sainte Christophe,F,2023-10-01,2024-03-01,122.57,2,61.28,Social,15,False,4,629,Mode,8,649,2,122.57,1,2,3,123,4,Dormant
CLIENT_1738,36,Delorme,M,2022-12-28,2023-09-24,53.27,2,26.64,Social,15,False,4,803,Alimentation,5,808,2,53.27,1,2,2,122,4,Dormant
CLIENT_1739,34,Meunier,F,2023-04-08,2024-01-03,108.87,4,27.22,Reference,5,True,3,684,Mode,9,707,4,108.87,1,4,3,143,1,A risque
CLIENT_1740,22,Delorme,M,2023-06-09,2023-11-11,32.61,5,6.52,Social,15,False,1,753,Loisirs,7,760,5,32.61,1,5,1,151,1,A risque
CLIENT_1741,47,Deschamps,M,2025-10-10,2025-12-09,296.23,2,148.12,Reference,5,True,5,0,Loisirs,4,1,2,296.23,5,2,4,524,2,Potentiel
CLIENT_1742,63,Sanchez,F,2025-10-18,2025-12-09,190.71,3,63.57,SEA,25,True,3,0,Mode,4,1,3,190.71,5,3,4,534,3,Loyal
CLIENT_1743,31,Deschamps,M,2022-12-12,2023-07-19,2953.39,4,738.35,SEA,25,False,5,864,Loisirs,8,875,4,2953.39,1,4,5,145,0,A risque
CLIENT_1744,24,Gimenez,M,2023-05-30,2023-10-09,74.13,2,37.06,Social,15,False,3,782,Maison,8,793,2,74.13,1,2,3,123,4,Dormant
CLIENT_1745,18,Deschamps,F,2023-12-17,2023-12-17,33.44,2,16.72,Social,15,True,3,700,Électronique,9,724,2,33.44,1,2,1,121,4,Dormant
CLIENT_1746,47,Meunier,M,2024-01-22,2024-10-17,31.4,1,31.4,Social,15,True,3,401,Alimentation,7,419,1,31.4,2,1,1,211,4,Dormant
CLIENT_1747,34,Baudry,M,2024-10-08,2025-12-09,372.03,2,186.01,Direct,0,True,5,0,Loisirs,2,1,2,372.03,5,2,5,525,2,Potentiel
CLIENT_1748,52,Hubert,M,2024-05-01,2024-12-26,48.3,1,48.3,SEA,25,True,2,333,Maison,9,349,1,48.3,3,1,2,312,4,Dormant
CLIENT_1749,48,Meunier,F,2025-01-02,2025-12-09,38.52,1,38.52,Email,8,True,4,0,Alimentation,9,1,1,38.52,5,1,1,511,2,Potentiel
CLIENT_1750,18,Deschamps,F,2024-04-03,2024-09-04,49.46,4,12.37,Email,8,False,4,444,Maison,9,462,4,49.46,2,4,2,242,1,A risque
CLIENT_1751,41,Sainte Christophe,F,2025-08-22,2025-12-09,285.52,2,142.76,Email,8,True,5,0,Maison,7,1,2,285.52,5,2,4,524,2,Potentiel
CLIENT_1752,70,Grenier,M,2024-09-29,2024-12-16,57.99,4,14.5,Reference,5,True,3,330,Électronique,3,359,4,57.99,3,4,2,342,1,A risque
CLIENT_1753,54,Sainte Genevièvenec,M,2023-10-05,2025-12-09,40.26,4,10.06,Social,15,True,4,0,Maison,1,1,4,40.26,5,4,1,541,3,Loyal
CLIENT_1754,51,Sanchez,F,2024-10-11,2025-12-09,45.64,2,22.82,Email,8,True,4,0,Alimentation,9,1,2,45.64,5,2,2,522,2,Potentiel
CLIENT_1755,49,Sainte Genevièvenec,M,2023-10-05,2025-12-09,47.11,1,47.11,SEA,25,True,5,0,Électronique,2,1,1,47.11,5,1,2,512,2,Potentiel
CLIENT_1756,19,Sainte Genevièvenec,M,2024-07-18,2025-12-09,356.45,2,178.22,Social,15,True,4,0,Maison,3,1,2,356.45,5,2,4,524,2,Potentiel
CLIENT_1757,42,BonninVille,M,2024-09-06,2025-12-09,127.27,5,25.45,Social,15,True,5,0,Électronique,7,1,5,127.27,5,5,3,553,3,Loyal
CLIENT_1758,41,Sainte Margotboeuf,M,2023-10-31,2024-11-11,251.9,2,125.95,SEA,25,True,4,389,Électronique,10,394,2,251.9,2,2,4,224,4,Dormant
CLIENT_1759,27,BonninVille,F,2023-10-05,2023-11-22,61.35,1,61.35,Direct,0,True,3,728,Mode,3,749,1,61.35,1,1,2,112,4,Dormant
CLIENT_1760,30,BonninVille,F,2024-06-11,2025-06-10,352.2,4,88.05,Email,8,False,5,180,Électronique,10,183,4,352.2,3,4,4,344,1,A risque
CLIENT_1761,57,Hubert,F,2023-05-17,2023-05-20,1114.85,2,557.42,Reference,5,False,5,908,Alimentation,2,935,2,1114.85,1,2,5,125,0,A risque
CLIENT_1762,36,Baudry,M,2025-12-03,2025-12-09,32.22,4,8.05,SEA,25,False,2,0,Mode,8,1,4,32.22,5,4,1,541,3,Loyal
CLIENT_1763,61,Perret,F,2023-12-17,2024-08-12,51.68,2,25.84,Email,8,False,3,478,Alimentation,7,485,2,51.68,2,2,2,222,4,Dormant
CLIENT_1764,57,Perret,M,2023-02-01,2024-08-27,91.2,3,30.4,Social,15,False,5,459,Maison,2,470,3,91.2,2,3,3,233,1,A risque
CLIENT_1765,52,CaronBourg,F,2025-01-19,2025-12-09,228.03,3,76.01,Direct,0,False,2,0,Maison,3,1,3,228.03,5,3,4,534,3,Loyal
CLIENT_1766,32,Leconte-sur-Masson,M,2022-12-23,2023-03-27,184.47,3,61.49,Social,15,False,4,970,Maison,7,989,3,184.47,1,3,4,134,1,A risque
CLIENT_1767,63,CaronBourg,F,2025-02-02,2025-12-09,74.73,2,37.37,Email,8,True,3,0,Électronique,5,1,2,74.73,5,2,3,523,2,Potentiel
CLIENT_1768,20,Delorme,F,2025-06-12,2025-08-03,30.46,6,5.08,Social,15,False,2,118,Loisirs,8,129,6,30.46,4,5,1,451,1,A risque
CLIENT_1769,32,Baudry,F,2025-07-30,2025-08-10,63.75,4,15.94,Social,15,True,5,116,Électronique,7,122,4,63.75,4,4,2,442,1,A risque
CLIENT_1770,41,Leconte-sur-Masson,F,2023-10-30,2023-12-14,150.85,2,75.42,Social,15,False,3,723,Maison,3,727,2,150.85,1,2,4,124,4,Dormant
CLIENT_1771,29,BonninVille,M,2025-05-10,2025-06-03,134.35,1,134.35,SEA,25,True,5,181,Électronique,1,190,1,134.35,3,1,4,314,4,Dormant
CLIENT_1772,46,Sainte Genevièvenec,M,2024-04-24,2024-11-02,79.6,5,15.92,SEA,25,True,2,374,Électronique,3,403,5,79.6,2,5,3,253,1,A risque
CLIENT_1773,41,Sainte Margotboeuf,M,2023-04-11,2023-11-16,69.65,3,23.22,Direct,0,True,4,725,Maison,7,755,3,69.65,1,3,3,133,1,A risque
CLIENT_1774,18,CaronBourg,F,2024-06-24,2024-11-29,35.64,1,35.64,Social,15,False,2,373,Électronique,3,376,1,35.64,3,1,1,311,4,Dormant
CLIENT_1775,75,Sainte Christophe,M,2025-08-31,2025-12-09,234.8,4,58.7,Reference,5,False,5,0,Maison,7,1,4,234.8,5,4,4,544,3,Loyal
CLIENT_1776,51,Delorme,M,2025-06-28,2025-12-09,88.4,1,88.4,Email,8,False,5,0,Maison,4,1,1,88.4,5,1,3,513,2,Potentiel
CLIENT_1777,28,Barbenec,M,2024-11-22,2025-04-04,50.78,1,50.78,Social,15,True,5,235,Loisirs,8,250,1,50.78,3,1,2,312,4,Dormant
CLIENT_1778,66,Hubert,F,2025-08-19,2025-11-11,135.37,3,45.12,SEA,25,False,4,15,Loisirs,1,29,3,135.37,4,3,4,434,1,A risque
CLIENT_1779,42,Sainte Margotboeuf,M,2025-05-04,2025-12-09,104.25,3,34.75,Email,8,True,3,0,Loisirs,1,1,3,104.25,5,3,3,533,3,Loyal
CLIENT_1780,30,Deschamps,F,2024-02-28,2024-06-07,189.88,5,37.98,Social,15,True,3,534,Alimentation,6,551,5,189.88,2,5,4,254,1,A risque
CLIENT_1781,52,BonninVille,F,2024-10-14,2024-10-27,86.23,3,28.74,Social,15,True,4,382,Électronique,9,409,3,86.23,2,3,3,233,1,A risque
CLIENT_1782,56,Hubert,F,2024-10-10,2025-05-15,85.73,5,17.15,Reference,5,True,3,200,Maison,6,209,5,85.73,3,5,3,353,1,A risque
CLIENT_1783,72,Sainte Christophe,M,2023-11-18,2024-01-21,74.93,6,12.49,Social,15,False,3,659,Loisirs,8,689,6,74.93,1,5,3,153,1,A risque
CLIENT_1784,28,Maillard,F,2024-12-19,2025-12-09,82.85,2,41.42,Reference,5,True,5,0,Mode,3,1,2,82.85,5,2,3,523,2,Potentiel
CLIENT_1785,53,Deschamps,M,2023-04-06,2023-06-11,277.71,1,277.71,Social,15,True,5,896,Mode,3,913,1,277.71,1,1,4,114,4,Dormant
CLIENT_1786,20,Deschamps,F,2023-08-11,2023-12-10,165.19,2,82.59,Social,15,False,4,701,Maison,9,731,2,165.19,1,2,4,124,4,Dormant
CLIENT_1787,43,CaronBourg,M,2023-05-26,2024-09-23,35.13,3,11.71,SEA,25,False,3,417,Maison,3,443,3,35.13,2,3,1,231,1,A risque
CLIENT_1788,45,Delorme,M,2023-02-01,2023-12-20,30.29,5,6.06,Reference,5,True,2,707,Loisirs,1,721,5,30.29,1,5,1,151,1,A risque
CLIENT_1789,54,Sainte Genevièvenec,M,2025-05-03,2025-12-09,198.17,4,49.54,Email,8,False,3,0,Loisirs,1,1,4,198.17,5,4,4,544,3,Loyal
CLIENT_1790,64,Leconte-sur-Masson,F,2024-06-13,2024-07-24,30.37,4,7.59,SEA,25,False,3,476,Mode,3,504,4,30.37,2,4,1,241,1,A risque
CLIENT_1791,66,Sanchez,F,2024-11-16,2025-12-09,699.77,2,349.88,SEA,25,False,4,0,Loisirs,7,1,2,699.77,5,2,5,525,2,Potentiel
CLIENT_1792,18,Barbenec,F,2025-04-06,2025-04-11,74.04,2,37.02,SEA,25,False,3,227,Alimentation,4,243,2,74.04,3,2,3,323,4,Dormant
CLIENT_1793,49,Sainte Christophe,M,2024-11-07,2025-12-09,149.03,2,74.52,SEA,25,False,5,0,Loisirs,1,1,2,149.03,5,2,4,524,2,Potentiel
CLIENT_1794,51,Barbenec,F,2025-02-06,2025-02-23,43.03,2,21.52,Social,15,False,5,286,Mode,6,290,2,43.03,3,2,2,322,4,Dormant
CLIENT_1795,39,Baudry,F,2023-08-08,2024-02-04,27554.79,1,27554.79,Email,8,True,5,667,Mode,2,675,1,27554.79,1,1,5,115,0,A risque
CLIENT_1796,57,Barbenec,F,2023-08-09,2024-10-11,65.72,5,13.14,SEA,25,True,4,417,Alimentation,10,425,5,65.72,2,5,2,252,1,A risque
CLIENT_1797,20,Meunier,M,2023-08-16,2025-02-08,92.78,1,92.78,Social,15,True,5,301,Alimentation,5,305,1,92.78,3,1,3,313,4,Dormant
CLIENT_1798,36,Deschamps,F,2025-10-26,2025-12-09,38.47,3,12.82,Direct,0,True,4,0,Électronique,4,1,3,38.47,5,3,1,531,3,Loyal
CLIENT_1799,25,Peronnec,F,2023-05-28,2023-10-21,148.72,1,148.72,Direct,0,True,4,764,Maison,6,781,1,148.72,1,1,4,114,4,Dormant
CLIENT_1800,61,Peronnec,F,2025-06-25,2025-12-09,53.69,4,13.42,Email,8,True,4,0,Électronique,2,1,4,53.69,5,4,2,542,3,Loyal
CLIENT_1801,62,Delorme,M,2025-06-15,2025-12-03,352.27,2,176.13,Email,8,False,3,0,Mode,4,7,2,352.27,4,2,4,424,2,Potentiel
CLIENT_1802,36,Sainte Christophe,F,2025-04-23,2025-09-03,381.56,5,76.31,SEA,25,True,4,68,Loisirs,5,98,5,381.56,4,5,5,455,1,A risque
CLIENT_1803,32,Hubert,F,2024-10-08,2024-12-14,131.31,1,131.31,Direct,0,True,4,355,Maison,5,361,1,131.31,3,1,4,314,4,Dormant
CLIENT_1804,26,Grenier,F,2024-01-14,2024-12-08,47.31,3,15.77,Social,15,False,4,353,Mode,1,367,3,47.31,3,3,2,332,1,A risque
CLIENT_1805,56,Perret,F,2023-12-22,2024-06-16,204.54,3,68.18,SEA,25,False,4,522,Loisirs,3,542,3,204.54,2,3,4,234,1,A risque
CLIENT_1806,43,Gimenez,M,2024-04-08,2025-07-14,113.95,4,28.49,SEA,25,True,4,137,Alimentation,4,149,4,113.95,3,4,3,343,1,A risque
CLIENT_1807,43,Gimenez,F,2025-11-14,2025-12-09,31.89,2,15.95,Direct,0,False,1,0,Loisirs,7,1,2,31.89,5,2,1,521,2,Potentiel
CLIENT_1808,35,Hubert,F,2025-08-10,2025-12-09,201.94,3,67.31,SEA,25,False,5,0,Loisirs,7,1,3,201.94,5,3,4,534,3,Loyal
CLIENT_1809,30,Meunier,F,2023-11-05,2024-05-04,47.16,3,15.72,Email,8,True,3,583,Loisirs,1,585,3,47.16,2,3,2,232,1,A risque
CLIENT_1810,18,BonninVille,M,2023-04-10,2023-04-27,539.55,5,107.91,SEA,25,False,5,933,Électronique,5,958,5,539.55,1,5,5,155,1,A risque
CLIENT_1811,28,Hubert,M,2025-11-08,2025-12-09,814.4,1,814.4,SEA,25,False,5,0,Alimentation,8,1,1,814.4,5,1,5,515,2,Potentiel
CLIENT_1812,55,Baudry,F,2023-05-07,2023-05-15,1690.88,2,845.44,Social,15,False,4,916,Mode,8,940,2,1690.88,1,2,5,125,0,A risque
CLIENT_1813,50,Deschamps,M,2024-09-27,2025-02-27,52.93,8,6.62,Direct,0,False,5,283,Alimentation,4,286,8,52.93,3,5,2,352,1,A risque
CLIENT_1814,37,Sainte Genevièvenec,F,2023-03-23,2023-06-04,116.61,1,116.61,Social,15,True,4,891,Électronique,5,920,1,116.61,1,1,3,113,4,Dormant
CLIENT_1815,48,Grenier,M,2023-08-15,2025-07-20,139.43,1,139.43,Email,8,True,4,133,Électronique,5,143,1,139.43,4,1,4,414,4,Dormant
CLIENT_1816,48,Delorme,F,2023-10-20,2024-03-06,112.59,3,37.53,Email,8,False,4,617,Mode,6,644,3,112.59,1,3,3,133,1,A risque
CLIENT_1817,33,Gimenez,M,2024-02-05,2024-03-18,48.89,1,48.89,SEA,25,False,1,620,Loisirs,3,632,1,48.89,2,1,2,212,4,Dormant
CLIENT_1818,40,Techer-la-Forêt,M,2023-08-14,2023-09-22,49.3,5,9.86,Social,15,True,2,807,Loisirs,7,810,5,49.3,1,5,2,152,1,A risque
CLIENT_1819,54,Sainte Christophe,M,2024-06-10,2025-10-23,176.48,1,176.48,Social,15,True,4,28,Alimentation,5,48,1,176.48,4,1,4,414,4,Dormant
CLIENT_1820,55,Deschamps,F,2023-06-13,2023-11-17,40.03,3,13.34,Reference,5,True,3,748,Mode,8,754,3,40.03,1,3,1,131,1,A risque
CLIENT_1821,45,Barbenec,M,2025-04-23,2025-12-09,215.29,4,53.82,Social,15,True,5,0,Alimentation,1,1,4,215.29,5,4,4,544,3,Loyal
CLIENT_1822,46,Maillard,M,2024-11-06,2024-11-14,41.49,2,20.75,Social,15,True,3,377,Maison,10,391,2,41.49,2,2,1,221,4,Dormant
CLIENT_1823,32,Sanchez,F,2023-12-05,2025-03-22,219.7,1,219.7,SEA,25,True,5,256,Loisirs,6,263,1,219.7,3,1,4,314,4,Dormant
CLIENT_1824,51,Grenier,M,2025-09-11,2025-12-09,126.57,1,126.57,Social,15,True,5,0,Mode,9,1,1,126.57,5,1,3,513,2,Potentiel
CLIENT_1825,42,Techer-la-Forêt,M,2023-09-09,2025-09-10,133.52,1,133.52,Email,8,False,3,61,Alimentation,6,91,1,133.52,4,1,4,414,4,Dormant
CLIENT_1826,30,Peronnec,M,2024-06-06,2024-06-10,145.76,3,48.59,SEA,25,True,5,535,Maison,8,548,3,145.76,2,3,4,234,1,A risque
CLIENT_1827,68,Grenier,F,2024-07-02,2025-12-09,246.57,3,82.19,Direct,0,False,5,0,Loisirs,2,1,3,246.57,5,3,4,534,3,Loyal
CLIENT_1828,33,Perret,M,2024-10-04,2025-12-09,69.48,2,34.74,Email,8,False,4,0,Électronique,7,1,2,69.48,5,2,3,523,2,Potentiel
CLIENT_1829,23,Delorme,M,2023-10-05,2024-12-28,191.92,3,63.97,SEA,25,True,5,320,Électronique,7,347,3,191.92,3,3,4,334,1,A risque
CLIENT_1830,27,Deschamps,M,2025-03-16,2025-04-28,36.37,7,5.2,Social,15,True,3,200,Alimentation,8,226,7,36.37,3,5,1,351,1,A risque
CLIENT_1831,36,Baudry,F,2024-06-17,2025-12-09,30.24,1,30.24,Reference,5,False,5,0,Électronique,3,1,1,30.24,5,1,1,511,2,Potentiel
CLIENT_1832,59,Sainte Genevièvenec,F,2023-11-04,2024-11-05,223.1,2,111.55,Social,15,False,4,385,Mode,6,400,2,223.1,2,2,4,224,4,Dormant
CLIENT_1833,31,Leconte-sur-Masson,M,2023-12-12,2024-06-14,50.68,4,12.67,SEA,25,True,5,526,Alimentation,2,544,4,50.68,2,4,2,242,1,A risque
CLIENT_1834,39,Grenier,F,2023-11-05,2024-02-16,95.27,3,31.76,Email,8,True,5,635,Maison,4,663,3,95.27,1,3,3,133,1,A risque
CLIENT_1835,33,Grenier,M,2023-07-21,2024-03-24,42.45,5,8.49,Email,8,True,4,599,Alimentation,8,626,5,42.45,2,5,1,251,1,A risque
CLIENT_1836,67,Sainte Margotboeuf,F,2023-09-09,2024-08-09,30.61,1,30.61,Social,15,True,4,470,Alimentation,2,488,1,30.61,2,1,1,211,4,Dormant
CLIENT_1837,43,Techer-la-Forêt,M,2024-06-04,2025-12-09,1024.64,5,204.93,Email,8,True,5,0,Maison,6,1,5,1024.64,5,5,5,555,3,Loyal
CLIENT_1838,42,Baudry,F,2024-09-07,2024-09-15,5436.98,1,5436.98,SEA,25,True,5,433,Électronique,3,451,1,5436.98,2,1,5,215,0,A risque
CLIENT_1839,37,Perret,F,2023-03-20,2024-05-08,854.49,3,284.83,SEA,25,True,5,556,Maison,1,581,3,854.49,2,3,5,235,0,A risque
CLIENT_1840,52,Grenier,F,2023-11-26,2024-11-27,696.14,4,174.03,Social,15,True,3,352,Alimentation,2,378,4,696.14,3,4,5,345,0,A risque
CLIENT_1841,70,Grenier,F,2025-01-18,2025-11-29,38.33,1,38.33,Social,15,True,3,0,Mode,9,11,1,38.33,4,1,1,411,2,Potentiel
CLIENT_1842,30,Peronnec,F,2024-02-20,2025-12-09,56.54,2,28.27,Direct,0,False,4,0,Maison,8,1,2,56.54,5,2,2,522,2,Potentiel
CLIENT_1843,54,Meunier,F,2023-07-29,2024-02-25,99.42,3,33.14,Social,15,True,3,644,Loisirs,3,654,3,99.42,1,3,3,133,1,A risque
CLIENT_1844,47,Hubert,M,2024-09-11,2025-12-09,11483.8,4,2870.95,Social,15,True,5,0,Loisirs,8,1,4,11483.8,5,4,5,545,0,A risque
CLIENT_1845,56,Meunier,M,2025-03-15,2025-05-05,38.22,3,12.74,Social,15,False,2,191,Loisirs,1,219,3,38.22,3,3,1,331,1,A risque
CLIENT_1846,24,Leconte-sur-Masson,F,2023-04-08,2023-08-06,30.64,2,15.32,Social,15,True,3,841,Maison,7,857,2,30.64,1,2,1,121,4,Dormant
CLIENT_1847,19,Grenier,F,2024-08-09,2024-11-09,1259.78,1,1259.78,Social,15,True,4,366,Mode,5,396,1,1259.78,2,1,5,215,0,A risque
CLIENT_1848,61,Barbenec,M,2024-01-23,2024-07-12,60.31,3,20.1,SEA,25,False,4,497,Maison,6,516,3,60.31,2,3,2,232,1,A risque
CLIENT_1849,23,Deschamps,F,2025-11-06,2025-12-09,60.89,4,15.22,Email,8,False,4,0,Électronique,7,1,4,60.89,5,4,2,542,3,Loyal
CLIENT_1850,44,Sanchez,F,2023-11-14,2023-11-25,45.73,4,11.43,Email,8,False,3,719,Mode,10,746,4,45.73,1,4,2,142,1,A risque
CLIENT_1851,31,Grenier,F,2025-04-13,2025-12-09,56.85,1,56.85,SEA,25,False,4,0,Électronique,10,1,1,56.85,5,1,2,512,2,Potentiel
CLIENT_1852,57,Sainte Genevièvenec,M,2023-03-10,2024-10-30,41.98,4,10.49,SEA,25,False,2,376,Loisirs,8,406,4,41.98,2,4,1,241,1,A risque
CLIENT_1853,37,Baudry,F,2025-08-26,2025-12-09,918.7,7,131.24,Email,8,False,3,0,Mode,7,1,7,918.7,5,5,5,555,3,Loyal
CLIENT_1854,27,Maillard,M,2024-12-25,2025-06-06,239.98,1,239.98,SEA,25,True,5,170,Loisirs,4,187,1,239.98,3,1,4,314,4,Dormant
CLIENT_1855,65,Techer-la-Forêt,F,2024-10-22,2025-09-09,45.77,1,45.77,Reference,5,True,4,87,Électronique,3,92,1,45.77,4,1,2,412,4,Dormant
CLIENT_1856,31,Delorme,F,2025-10-01,2025-12-09,95.02,6,15.84,Social,15,True,4,0,Loisirs,3,1,6,95.02,5,5,3,553,3,Loyal
CLIENT_1857,52,Meunier,F,2025-04-25,2025-07-01,203.3,4,50.83,Social,15,True,4,153,Mode,3,162,4,203.3,3,4,4,344,1,A risque
CLIENT_1858,18,Maillard,F,2025-03-16,2025-12-09,1407.0,1,1407.0,Direct,0,True,4,0,Maison,9,1,1,1407.0,5,1,5,515,2,Potentiel
CLIENT_1859,27,Sainte Margotboeuf,F,2025-01-19,2025-04-09,51.5,3,17.17,Social,15,False,4,242,Maison,8,245,3,51.5,3,3,2,332,1,A risque
CLIENT_1860,48,Peronnec,F,2024-01-14,2024-03-01,61.35,3,20.45,SEA,25,True,3,644,Alimentation,10,649,3,61.35,1,3,2,132,1,A risque
CLIENT_1861,58,Perret,F,2024-03-03,2025-05-29,36.88,3,12.29,Email,8,True,4,192,Électronique,10,195,3,36.88,3,3,1,331,1,A risque
CLIENT_1862,22,Perret,F,2024-03-25,2025-12-09,541.86,1,541.86,Reference,5,True,5,0,Loisirs,7,1,1,541.86,5,1,5,515,2,Potentiel
CLIENT_1863,18,Sanchez,F,2025-12-04,2025-12-09,44.39,1,44.39,Social,15,False,3,0,Maison,7,1,1,44.39,5,1,2,512,2,Potentiel
CLIENT_1864,21,Grenier,F,2023-11-09,2024-03-22,57.21,1,57.21,Direct,0,True,3,599,Électronique,5,628,1,57.21,2,1,2,212,4,Dormant
CLIENT_1865,40,Grenier,M,2023-05-13,2025-03-20,116.58,4,29.14,SEA,25,True,5,238,Loisirs,6,265,4,116.58,3,4,3,343,1,A risque
CLIENT_1866,29,Perret,F,2024-02-07,2024-10-29,430.83,4,107.71,Social,15,True,4,388,Loisirs,2,407,4,430.83,2,4,5,245,1,A risque
CLIENT_1867,25,Meunier,M,2023-07-05,2023-09-29,914.86,5,182.97,Social,15,True,4,798,Électronique,3,803,5,914.86,1,5,5,155,0,A risque
CLIENT_1868,55,Baudry,F,2023-03-02,2024-03-25,1399.08,4,349.77,Reference,5,True,5,609,Alimentation,6,625,4,1399.08,2,4,5,245,0,A risque
CLIENT_1869,40,Sainte Genevièvenec,F,2023-10-28,2023-12-15,212.21,1,212.21,Email,8,True,5,698,Mode,10,726,1,212.21,1,1,4,114,4,Dormant
CLIENT_1870,66,Grenier,M,2023-01-16,2024-11-04,419.33,2,209.66,Direct,0,True,5,393,Maison,4,401,2,419.33,2,2,5,225,4,Dormant
CLIENT_1871,25,Deschamps,M,2023-02-26,2023-04-01,101.55,6,16.93,Email,8,True,4,963,Loisirs,3,984,6,101.55,1,5,3,153,1,A risque
CLIENT_1872,62,Perret,M,2025-01-30,2025-02-28,95.07,2,47.53,Social,15,True,3,283,Mode,8,285,2,95.07,3,2,3,323,4,Dormant
CLIENT_1873,18,Deschamps,M,2024-10-24,2024-11-14,279.73,2,139.87,SEA,25,False,3,384,Loisirs,9,391,2,279.73,2,2,4,224,4,Dormant
CLIENT_1874,32,Perret,F,2023-06-22,2024-07-26,122.13,3,40.71,SEA,25,False,5,499,Mode,10,502,3,122.13,2,3,3,233,1,A risque
CLIENT_1875,52,Sanchez,F,2023-04-10,2023-11-24,48.31,3,16.1,Direct,0,False,4,735,Mode,1,747,3,48.31,1,3,2,132,1,A risque
CLIENT_1876,40,CaronBourg,M,2024-02-20,2025-02-21,69.27,1,69.27,Social,15,False,4,291,Maison,5,292,1,69.27,3,1,3,313,4,Dormant
CLIENT_1877,32,Sainte Christophe,F,2024-06-22,2024-10-20,249.13,5,49.83,Social,15,False,4,393,Électronique,1,416,5,249.13,2,5,4,254,1,A risque
CLIENT_1878,31,Sainte Margotboeuf,M,2024-05-09,2025-08-17,308.61,5,61.72,Reference,5,False,5,101,Mode,1,115,5,308.61,4,5,4,454,1,A risque
CLIENT_1879,26,Peronnec,F,2023-06-19,2023-12-19,497.61,2,248.81,SEA,25,True,4,701,Maison,2,722,2,497.61,1,2,5,125,4,Dormant
CLIENT_1880,56,BonninVille,M,2025-04-10,2025-12-09,58.47,1,58.47,Direct,0,True,4,0,Loisirs,10,1,1,58.47,5,1,2,512,2,Potentiel
CLIENT_1881,37,Techer-la-Forêt,F,2025-07-15,2025-12-09,72.16,2,36.08,SEA,25,False,4,0,Loisirs,3,1,2,72.16,5,2,3,523,2,Potentiel
CLIENT_1882,58,Sanchez,M,2023-07-16,2023-07-23,200.13,3,66.71,Social,15,False,4,857,Électronique,6,871,3,200.13,1,3,4,134,1,A risque
CLIENT_1883,26,Peronnec,M,2023-02-09,2023-02-16,239.04,3,79.68,Email,8,True,5,1014,Maison,7,1028,3,239.04,1,3,4,134,1,A risque
CLIENT_1884,26,Perret,M,2024-03-14,2025-03-31,58.64,2,29.32,Social,15,False,4,233,Alimentation,4,254,2,58.64,3,2,2,322,4,Dormant
CLIENT_1885,18,Sanchez,F,2025-08-23,2025-12-09,132.01,6,22.0,Social,15,True,4,0,Mode,10,1,6,132.01,5,5,4,554,3,Loyal
CLIENT_1886,53,Sainte Genevièvenec,F,2025-04-23,2025-12-09,36.49,3,12.16,SEA,25,True,5,0,Maison,3,1,3,36.49,5,3,1,531,3,Loyal
CLIENT_1887,67,Peronnec,F,2023-04-09,2023-12-21,31.03,4,7.76,Social,15,True,3,706,Mode,6,720,4,31.03,1,4,1,141,1,A risque
CLIENT_1888,57,Sainte Margotboeuf,M,2023-02-16,2023-10-18,225.2,2,112.6,Social,15,True,3,753,Mode,5,784,2,225.2,1,2,4,124,4,Dormant
CLIENT_1889,19,Deschamps,M,2024-05-30,2024-09-30,60.28,3,20.09,Social,15,False,5,416,Loisirs,4,436,3,60.28,2,3,2,232,1,A risque
CLIENT_1890,18,Perret,F,2023-01-05,2025-12-09,295.76,3,98.59,Social,15,True,3,0,Alimentation,2,1,3,295.76,5,3,4,534,3,Loyal
CLIENT_1891,26,Sainte Christophe,M,2023-07-14,2023-10-20,51.44,5,10.29,Email,8,True,4,761,Loisirs,5,782,5,51.44,1,5,2,152,1,A risque
CLIENT_1892,23,Grenier,F,2025-11-27,2025-12-09,1379.52,2,689.76,Social,15,True,4,0,Électronique,8,1,2,1379.52,5,2,5,525,2,Potentiel
CLIENT_1893,27,BonninVille,F,2025-09-03,2025-12-09,53.8,5,10.76,Reference,5,True,4,0,Électronique,5,1,5,53.8,5,5,2,552,3,Loyal
CLIENT_1894,31,Techer-la-Forêt,M,2022-12-26,2023-04-20,36.35,1,36.35,Social,15,True,4,963,Mode,5,965,1,36.35,1,1,1,111,4,Dormant
CLIENT_1895,38,BonninVille,F,2025-02-19,2025-12-09,58.37,2,29.18,SEA,25,True,3,0,Mode,2,1,2,58.37,5,2,2,522,2,Potentiel
CLIENT_1896,43,Deschamps,M,2023-08-01,2023-08-31,13939.15,2,6969.57,Email,8,False,5,829,Loisirs,6,832,2,13939.15,1,2,5,125,0,A risque
CLIENT_1897,53,Grenier,F,2024-01-19,2024-09-05,39.67,3,13.22,Social,15,True,4,455,Maison,6,461,3,39.67,2,3,1,231,1,A risque
CLIENT_1898,48,Baudry,M,2024-05-15,2024-09-06,90.43,5,18.09,Email,8,True,2,445,Loisirs,3,460,5,90.43,2,5,3,253,1,A risque
CLIENT_1899,24,Perret,M,2024-01-30,2024-09-02,36.7,3,12.23,Social,15,True,4,461,Électronique,6,464,3,36.7,2,3,1,231,1,A risque
CLIENT_1900,37,Sainte Margotboeuf,M,2024-02-25,2024-06-01,271.67,3,90.56,Email,8,True,3,548,Maison,2,557,3,271.67,2,3,4,234,1,A risque
CLIENT_1901,58,Meunier,F,2023-09-14,2023-10-16,975.4,4,243.85,Email,8,True,5,757,Mode,10,786,4,975.4,1,4,5,145,0,A risque
CLIENT_1902,61,Hubert,F,2023-03-05,2024-05-26,46.61,3,15.54,Direct,0,True,4,533,Électronique,1,563,3,46.61,2,3,2,232,1,A risque
CLIENT_1903,56,Hubert,M,2024-03-05,2024-10-03,216.83,2,108.42,Social,15,False,5,430,Alimentation,4,433,2,216.83,2,2,4,224,4,Dormant
CLIENT_1904,64,Deschamps,M,2025-05-16,2025-08-28,143.79,3,47.93,Reference,5,False,4,95,Loisirs,3,104,3,143.79,4,3,4,434,1,A risque
CLIENT_1905,33,Maillard,M,2024-01-11,2025-12-09,46.43,1,46.43,SEA,25,True,3,0,Mode,5,1,1,46.43,5,1,2,512,2,Potentiel
CLIENT_1906,18,Sainte Genevièvenec,M,2024-08-14,2025-12-09,31.42,2,15.71,Social,15,True,2,0,Maison,3,1,2,31.42,5,2,1,521,2,Potentiel
CLIENT_1907,41,Grenier,F,2025-08-23,2025-12-09,34.1,8,4.26,Social,15,True,4,0,Loisirs,6,1,8,34.1,5,5,1,551,3,Loyal
CLIENT_1908,30,Deschamps,F,2025-03-27,2025-12-09,598.08,3,199.36,Social,15,True,3,0,Maison,9,1,3,598.08,5,3,5,535,3,Loyal
CLIENT_1909,18,Leconte-sur-Masson,F,2024-06-17,2024-10-19,444.3,1,444.3,Direct,0,True,5,388,Maison,5,417,1,444.3,2,1,5,215,4,Dormant
CLIENT_1910,32,BonninVille,F,2023-10-24,2024-01-27,95.78,3,31.93,Direct,0,False,2,654,Alimentation,4,683,3,95.78,1,3,3,133,1,A risque
CLIENT_1911,24,CaronBourg,F,2024-03-15,2024-11-26,55.98,3,18.66,SEA,25,False,2,360,Électronique,4,379,3,55.98,3,3,2,332,1,A risque
CLIENT_1912,18,Deschamps,F,2023-03-31,2023-06-13,75.69,3,25.23,Social,15,False,2,894,Loisirs,1,911,3,75.69,1,3,3,133,1,A risque
CLIENT_1913,20,Techer-la-Forêt,M,2025-07-06,2025-12-09,37.88,1,37.88,SEA,25,True,3,0,Mode,4,1,1,37.88,5,1,1,511,2,Potentiel
CLIENT_1914,21,Sainte Genevièvenec,F,2024-02-08,2024-07-13,114.14,1,114.14,Email,8,False,3,510,Loisirs,5,515,1,114.14,2,1,3,213,4,Dormant
CLIENT_1915,40,Baudry,F,2025-04-06,2025-05-14,43.76,1,43.76,Reference,5,False,2,202,Alimentation,6,210,1,43.76,3,1,2,312,4,Dormant
CLIENT_1916,57,Deschamps,M,2025-03-22,2025-10-16,53.28,4,13.32,Social,15,True,5,29,Électronique,6,55,4,53.28,4,4,2,442,1,A risque
CLIENT_1917,35,Perret,M,2023-07-07,2024-01-26,64.17,1,64.17,Email,8,True,3,679,Loisirs,10,684,1,64.17,1,1,2,112,4,Dormant
CLIENT_1918,19,Maillard,F,2025-10-01,2025-11-25,769.66,5,153.93,Email,8,True,4,0,Mode,2,15,5,769.66,4,5,5,455,3,Loyal
CLIENT_1919,38,Sainte Margotboeuf,F,2025-11-03,2025-12-09,42.9,6,7.15,Social,15,True,5,0,Mode,5,1,6,42.9,5,5,2,552,3,Loyal
CLIENT_1920,20,Deschamps,M,2024-02-08,2024-06-27,32.15,4,8.04,Direct,0,False,3,508,Alimentation,8,531,4,32.15,2,4,1,241,1,A risque
CLIENT_1921,42,Gimenez,F,2023-06-14,2023-12-31,41.31,2,20.66,Email,8,False,4,707,Mode,3,710,2,41.31,1,2,1,121,4,Dormant
CLIENT_1922,28,Sanchez,M,2025-03-20,2025-12-09,124.32,1,124.32,Reference,5,True,5,0,Alimentation,8,1,1,124.32,5,1,3,513,2,Potentiel
CLIENT_1923,28,Sainte Margotboeuf,M,2024-06-27,2025-12-09,1129.83,2,564.91,Direct,0,False,5,0,Électronique,8,1,2,1129.83,5,2,5,525,2,Potentiel
CLIENT_1924,75,Delorme,M,2023-12-24,2024-11-09,48.13,5,9.63,Reference,5,True,4,381,Alimentation,2,396,5,48.13,2,5,2,252,1,A risque
CLIENT_1925,31,Leconte-sur-Masson,F,2024-10-30,2024-11-15,256.69,1,256.69,Social,15,False,4,360,Loisirs,3,390,1,256.69,2,1,4,214,4,Dormant
CLIENT_1926,44,BonninVille,M,2024-08-30,2025-03-16,39.49,3,13.16,Email,8,False,2,240,Maison,2,269,3,39.49,3,3,1,331,1,A risque
CLIENT_1927,75,Sainte Margotboeuf,F,2025-10-02,2025-11-29,57.83,4,14.46,SEA,25,False,4,2,Loisirs,7,11,4,57.83,4,4,2,442,3,Loyal
CLIENT_1928,67,BonninVille,F,2024-08-24,2024-10-06,44.25,2,22.12,SEA,25,False,4,401,Électronique,7,430,2,44.25,2,2,2,222,4,Dormant
CLIENT_1929,43,Sainte Genevièvenec,M,2023-08-11,2024-10-07,504.58,3,168.19,Direct,0,True,3,404,Électronique,3,429,3,504.58,2,3,5,235,0,A risque
CLIENT_1930,44,Deschamps,F,2025-09-13,2025-12-09,206.42,4,51.6,Social,15,True,4,0,Alimentation,4,1,4,206.42,5,4,4,544,3,Loyal
CLIENT_1931,30,Perret,F,2024-11-21,2025-09-26,110.07,1,110.07,SEA,25,True,3,57,Mode,6,75,1,110.07,4,1,3,413,4,Dormant
CLIENT_1932,58,Peronnec,F,2024-05-24,2025-07-31,56.13,1,56.13,Email,8,True,2,102,Maison,9,132,1,56.13,4,1,2,412,4,Dormant
CLIENT_1933,30,Peronnec,F,2024-12-09,2025-02-07,51.81,2,25.91,Direct,0,False,4,278,Mode,9,306,2,51.81,3,2,2,322,4,Dormant
CLIENT_1934,61,Gimenez,M,2023-07-25,2023-10-13,64.88,3,21.63,SEA,25,False,5,771,Alimentation,9,789,3,64.88,1,3,2,132,1,A risque
CLIENT_1935,51,Maillard,M,2023-12-30,2024-11-27,168.59,1,168.59,SEA,25,False,4,374,Alimentation,1,378,1,168.59,3,1,4,314,4,Dormant
CLIENT_1936,58,Gimenez,M,2024-09-02,2025-05-15,12858.15,1,12858.15,Social,15,True,5,187,Maison,7,209,1,12858.15,3,1,5,315,0,A risque
CLIENT_1937,27,Perret,F,2024-08-03,2024-12-25,1778.01,2,889.0,Email,8,False,5,342,Mode,1,350,2,1778.01,3,2,5,325,0,A risque
CLIENT_1938,37,Sainte Margotboeuf,M,2025-06-11,2025-12-09,174.36,1,174.36,Email,8,True,4,0,Mode,9,1,1,174.36,5,1,4,514,2,Potentiel
CLIENT_1939,34,BonninVille,M,2023-10-24,2023-11-14,131.08,2,65.54,Social,15,False,5,753,Loisirs,9,757,2,131.08,1,2,4,124,4,Dormant
CLIENT_1940,53,Deschamps,F,2025-03-22,2025-04-15,178.73,2,89.36,Direct,0,True,4,231,Électronique,1,239,2,178.73,3,2,4,324,4,Dormant
CLIENT_1941,55,Techer-la-Forêt,F,2023-04-25,2024-02-06,137.28,3,45.76,Reference,5,False,4,652,Loisirs,10,673,3,137.28,1,3,4,134,1,A risque
CLIENT_1942,22,Sainte Margotboeuf,F,2024-12-12,2025-02-04,66.25,1,66.25,Direct,0,True,5,290,Alimentation,7,309,1,66.25,3,1,2,312,4,Dormant
CLIENT_1943,50,CaronBourg,M,2024-04-17,2024-07-23,169.61,2,84.81,SEA,25,True,5,484,Électronique,1,505,2,169.61,2,2,4,224,4,Dormant
CLIENT_1944,33,Sanchez,M,2023-12-03,2025-03-16,58.65,1,58.65,Reference,5,False,3,241,Mode,2,269,1,58.65,3,1,2,312,4,Dormant
CLIENT_1945,25,Barbenec,M,2023-07-18,2024-09-08,351.15,3,117.05,Email,8,True,5,457,Alimentation,2,458,3,351.15,2,3,4,234,1,A risque
CLIENT_1946,46,Barbenec,F,2024-05-19,2024-07-11,36.34,4,9.09,Email,8,True,5,503,Électronique,8,517,4,36.34,2,4,1,241,1,A risque
CLIENT_1947,40,Hubert,F,2023-10-12,2025-01-27,65.1,3,21.7,Social,15,True,3,300,Maison,7,317,3,65.1,3,3,2,332,1,A risque
CLIENT_1948,71,Leconte-sur-Masson,M,2023-12-31,2025-03-03,861.6,3,287.2,SEA,25,True,5,260,Électronique,2,282,3,861.6,3,3,5,335,0,A risque
CLIENT_1949,65,Hubert,M,2025-09-26,2025-12-05,30.41,4,7.6,Email,8,True,5,0,Maison,4,5,4,30.41,4,4,1,441,3,Loyal
CLIENT_1950,58,Techer-la-Forêt,F,2025-03-10,2025-12-09,37.75,2,18.88,SEA,25,True,3,0,Alimentation,6,1,2,37.75,5,2,1,521,2,Potentiel
CLIENT_1951,51,BonninVille,M,2023-08-29,2024-01-11,531.23,2,265.62,Direct,0,True,3,669,Maison,4,699,2,531.23,1,2,5,125,4,Dormant
CLIENT_1952,23,BonninVille,F,2025-02-10,2025-12-09,209.3,3,69.77,SEA,25,True,3,0,Mode,8,1,3,209.3,5,3,4,534,3,Loyal
CLIENT_1953,54,Baudry,F,2023-01-06,2023-01-19,80.82,1,80.82,Email,8,True,5,1044,Maison,1,1056,1,80.82,1,1,3,113,4,Dormant
CLIENT_1954,56,Barbenec,F,2025-11-06,2025-12-09,461.38,2,230.69,SEA,25,True,3,0,Mode,7,1,2,461.38,5,2,5,525,2,Potentiel
CLIENT_1955,47,Leconte-sur-Masson,M,2023-12-16,2024-07-09,30.11,2,15.05,Direct,0,True,3,490,Mode,1,519,2,30.11,2,2,1,221,4,Dormant
CLIENT_1956,43,Baudry,F,2025-01-16,2025-03-28,4820.63,5,964.13,Social,15,True,5,240,Électronique,7,257,5,4820.63,3,5,5,355,0,A risque
CLIENT_1957,40,Deschamps,M,2023-08-05,2025-01-12,833.8,5,166.76,Email,8,True,5,313,Alimentation,5,332,5,833.8,3,5,5,355,0,A risque
CLIENT_1958,47,Delorme,M,2024-05-30,2024-09-25,57.6,4,14.4,Direct,0,True,3,435,Maison,5,441,4,57.6,2,4,2,242,1,A risque
CLIENT_1959,60,Grenier,F,2024-04-13,2024-10-19,37.1,5,7.42,Social,15,False,5,408,Loisirs,8,417,5,37.1,2,5,1,251,1,A risque
CLIENT_1960,27,Sainte Margotboeuf,F,2023-11-11,2024-08-04,55.11,1,55.11,Social,15,True,2,476,Mode,9,493,1,55.11,2,1,2,212,4,Dormant
CLIENT_1961,38,Sainte Genevièvenec,F,2024-10-29,2025-07-04,4021.09,4,1005.27,Email,8,False,5,131,Maison,9,159,4,4021.09,3,4,5,345,0,A risque
CLIENT_1962,33,Sainte Christophe,M,2025-02-22,2025-07-06,474.48,2,237.24,Direct,0,True,3,127,Maison,6,157,2,474.48,3,2,5,325,4,Dormant
CLIENT_1963,49,Delorme,F,2025-04-04,2025-12-09,51.43,1,51.43,Direct,0,True,5,0,Alimentation,6,1,1,51.43,5,1,2,512,2,Potentiel
CLIENT_1964,18,CaronBourg,F,2024-12-17,2025-01-15,44.45,3,14.82,Reference,5,True,4,302,Mode,1,329,3,44.45,3,3,2,332,1,A risque
CLIENT_1965,31,Peronnec,F,2024-07-29,2024-11-12,341.57,6,56.93,Email,8,True,4,382,Loisirs,7,393,6,341.57,2,5,4,254,1,A risque
CLIENT_1966,47,Barbenec,M,2025-03-01,2025-04-27,42.4,5,8.48,Social,15,False,3,205,Électronique,9,227,5,42.4,3,5,1,351,1,A risque
CLIENT_1967,47,Gimenez,F,2024-07-19,2024-07-28,89.41,5,17.88,Reference,5,True,3,499,Loisirs,8,500,5,89.41,2,5,3,253,1,A risque
CLIENT_1968,60,Delorme,M,2025-09-15,2025-12-09,68.76,4,17.19,Direct,0,True,4,0,Électronique,1,1,4,68.76,5,4,3,543,3,Loyal
CLIENT_1969,27,Grenier,M,2023-12-25,2024-08-25,33.53,3,11.18,Email,8,False,3,442,Alimentation,2,472,3,33.53,2,3,1,231,1,A risque
CLIENT_1970,26,Peronnec,F,2024-11-09,2025-05-31,62.99,4,15.75,Social,15,True,4,168,Loisirs,6,193,4,62.99,3,4,2,342,1,A risque
CLIENT_1971,53,Sainte Christophe,F,2024-05-05,2024-05-11,97.72,4,24.43,Email,8,True,4,552,Électronique,2,578,4,97.72,2,4,3,243,1,A risque
CLIENT_1972,34,Deschamps,M,2024-06-02,2024-11-24,60.8,6,10.13,Social,15,False,5,352,Maison,10,381,6,60.8,3,5,2,352,1,A risque
CLIENT_1973,51,Leconte-sur-Masson,F,2023-02-10,2023-04-30,33.18,4,8.29,SEA,25,False,3,926,Alimentation,5,955,4,33.18,1,4,1,141,1,A risque
CLIENT_1974,26,Grenier,F,2024-01-21,2024-02-03,67.74,2,33.87,Social,15,True,3,662,Alimentation,8,676,2,67.74,1,2,2,122,4,Dormant
CLIENT_1975,35,Delorme,M,2024-04-29,2025-12-09,47.26,3,15.75,SEA,25,True,5,0,Maison,5,1,3,47.26,5,3,2,532,3,Loyal
CLIENT_1976,45,BonninVille,F,2023-01-24,2025-12-09,106.22,3,35.41,Email,8,True,1,0,Alimentation,5,1,3,106.22,5,3,3,533,3,Loyal
CLIENT_1977,41,Perret,F,2025-01-29,2025-12-09,30.16,3,10.05,SEA,25,True,3,0,Loisirs,10,1,3,30.16,5,3,1,531,3,Loyal
CLIENT_1978,28,Perret,M,2024-08-14,2025-01-26,184.84,4,46.21,Email,8,True,4,308,Loisirs,10,318,4,184.84,3,4,4,344,1,A risque
CLIENT_1979,30,Deschamps,M,2023-07-13,2024-07-11,46.52,3,15.51,Social,15,True,4,515,Mode,4,517,3,46.52,2,3,2,232,1,A risque
CLIENT_1980,41,Leconte-sur-Masson,F,2024-11-28,2025-06-20,516.29,4,129.07,Social,15,True,3,149,Maison,7,173,4,516.29,3,4,5,345,1,A risque
CLIENT_1981,21,Barbenec,M,2024-06-08,2024-08-01,58.88,3,19.63,Social,15,True,3,481,Alimentation,10,496,3,58.88,2,3,2,232,1,A risque
CLIENT_1982,53,Meunier,F,2024-07-17,2024-09-04,74.17,1,74.17,SEA,25,True,5,457,Maison,7,462,1,74.17,2,1,3,213,4,Dormant
CLIENT_1983,45,Leconte-sur-Masson,F,2025-02-21,2025-12-09,79.81,3,26.6,Social,15,False,5,0,Électronique,5,1,3,79.81,5,3,3,533,3,Loyal
CLIENT_1984,41,CaronBourg,F,2023-12-29,2024-07-11,39.67,6,6.61,Social,15,False,5,498,Maison,1,517,6,39.67,2,5,1,251,1,A risque
CLIENT_1985,57,Sainte Margotboeuf,M,2023-04-04,2024-01-02,97.72,2,48.86,Direct,0,True,3,703,Alimentation,5,708,2,97.72,1,2,3,123,4,Dormant
CLIENT_1986,33,Deschamps,F,2025-01-16,2025-09-18,48.52,3,16.17,Email,8,False,3,54,Maison,7,83,3,48.52,4,3,2,432,1,A risque
CLIENT_1987,69,Meunier,F,2023-01-27,2023-10-20,33.56,4,8.39,SEA,25,True,4,753,Loisirs,5,782,4,33.56,1,4,1,141,1,A risque
CLIENT_1988,26,Leconte-sur-Masson,M,2023-06-27,2023-10-30,704.27,2,352.13,Social,15,True,3,770,Mode,9,772,2,704.27,1,2,5,125,0,A risque
CLIENT_1989,27,BonninVille,F,2024-07-13,2025-07-27,81.45,6,13.58,Direct,0,False,3,112,Loisirs,2,136,6,81.45,4,5,3,453,1,A risque
CLIENT_1990,18,Sainte Christophe,M,2023-03-05,2023-12-26,482.61,5,96.52,Direct,0,False,5,706,Maison,5,715,5,482.61,1,5,5,155,1,A risque
CLIENT_1991,28,Hubert,M,2025-05-20,2025-12-09,72.49,3,24.16,SEA,25,True,3,0,Mode,1,1,3,72.49,5,3,3,533,3,Loyal
CLIENT_1992,63,Maillard,F,2024-06-06,2024-06-26,1082.65,3,360.88,Social,15,False,4,515,Mode,9,532,3,1082.65,2,3,5,235,0,A risque
CLIENT_1993,26,Sainte Christophe,M,2024-01-24,2025-12-09,112.38,1,112.38,Direct,0,False,4,0,Maison,9,1,1,112.38,5,1,3,513,2,Potentiel
CLIENT_1994,58,Sainte Christophe,M,2025-12-04,2025-12-09,167.44,3,55.81,SEA,25,False,4,0,Mode,6,1,3,167.44,5,3,4,534,3,Loyal
CLIENT_1995,21,Sainte Genevièvenec,M,2024-08-01,2025-10-21,34.76,2,17.38,Email,8,True,5,45,Mode,8,50,2,34.76,4,2,1,421,4,Dormant
CLIENT_1996,40,Sanchez,F,2025-07-01,2025-12-09,38.49,4,9.62,Reference,5,True,4,0,Électronique,5,1,4,38.49,5,4,1,541,3,Loyal
CLIENT_1997,46,Peronnec,M,2025-03-26,2025-12-09,47.66,4,11.91,Social,15,True,4,0,Mode,10,1,4,47.66,5,4,2,542,3,Loyal
CLIENT_1998,40,Deschamps,M,2024-04-18,2025-08-19,41.5,4,10.38,SEA,25,True,4,100,Alimentation,5,113,4,41.5,4,4,1,441,1,A risque
CLIENT_1999,61,Sainte Margotboeuf,M,2025-04-04,2025-07-05,32.76,7,4.68,Reference,5,False,4,142,Loisirs,7,158,7,32.76,3,5,1,351,1,A risque
CLIENT_2000,48,Peronnec,M,2024-03-01,2024-11-15,198.58,4,49.65,SEA,25,True,5,372,Maison,9,390,4,198.58,2,4,4,244,1,A risque
CLIENT_2001,56,Barbenec,M,2023-03-20,2023-07-06,310.59,5,62.12,Email,8,False,5,878,Électronique,7,888,5,310.59,1,5,4,154,1,A risque
CLIENT_2002,52,Gimenez,M,2023-02-09,2024-11-04,267.22,1,267.22,Reference,5,True,2,396,Alimentation,2,401,1,267.22,2,1,4,214,4,Dormant
CLIENT_2003,33,Sainte Margotboeuf,F,2024-10-17,2025-03-08,47.18,3,15.73,Social,15,True,3,262,Loisirs,4,277,3,47.18,3,3,2,332,1,A risque
CLIENT_2004,54,Grenier,M,2023-02-15,2023-05-17,69.95,2,34.98,Email,8,True,3,928,Alimentation,6,938,2,69.95,1,2,3,123,4,Dormant
CLIENT_2005,48,Leconte-sur-Masson,M,2024-12-12,2025-07-05,33.1,1,33.1,Social,15,True,1,150,Électronique,1,158,1,33.1,3,1,1,311,4,Dormant
CLIENT_2006,30,Techer-la-Forêt,M,2024-10-12,2025-02-08,37.59,3,12.53,SEA,25,True,5,299,Électronique,1,305,3,37.59,3,3,1,331,1,A risque
CLIENT_2007,25,Leconte-sur-Masson,F,2024-01-17,2024-09-16,16890.74,3,5630.25,Email,8,False,5,420,Électronique,1,450,3,16890.74,2,3,5,235,0,A risque
CLIENT_2008,27,Delorme,M,2024-12-01,2025-12-09,111.39,2,55.7,Direct,0,False,3,0,Alimentation,4,1,2,111.39,5,2,3,523,2,Potentiel
CLIENT_2009,39,Barbenec,F,2025-05-24,2025-10-21,8456.63,2,4228.31,SEA,25,True,5,44,Loisirs,6,50,2,8456.63,4,2,5,425,0,A risque
CLIENT_2010,27,Leconte-sur-Masson,M,2023-12-30,2024-05-04,346.79,2,173.4,SEA,25,True,4,573,Alimentation,2,585,2,346.79,2,2,4,224,4,Dormant
CLIENT_2011,50,Delorme,F,2023-08-16,2023-10-11,41.84,1,41.84,SEA,25,True,2,776,Alimentation,5,791,1,41.84,1,1,1,111,4,Dormant
CLIENT_2012,49,Techer-la-Forêt,F,2025-10-16,2025-12-09,41.26,1,41.26,Email,8,True,4,0,Alimentation,7,1,1,41.26,5,1,1,511,2,Potentiel
CLIENT_2013,28,BonninVille,F,2023-07-07,2024-08-09,210.58,1,210.58,Email,8,False,4,461,Maison,7,488,1,210.58,2,1,4,214,4,Dormant
CLIENT_2014,40,Grenier,M,2025-01-25,2025-12-09,35.85,3,11.95,Social,15,False,3,0,Maison,9,1,3,35.85,5,3,1,531,3,Loyal
CLIENT_2015,52,Deschamps,M,2024-10-10,2025-12-09,281.27,3,93.76,Social,15,True,4,0,Électronique,5,1,3,281.27,5,3,4,534,3,Loyal
CLIENT_2016,31,Meunier,M,2023-01-31,2024-03-20,31.0,3,10.33,Social,15,False,4,617,Maison,4,630,3,31.0,2,3,1,231,1,A risque
CLIENT_2017,18,Gimenez,M,2023-08-31,2024-06-13,243.23,2,121.61,Social,15,True,5,535,Mode,9,545,2,243.23,2,2,4,224,4,Dormant
CLIENT_2018,42,CaronBourg,M,2023-08-22,2024-03-02,44.81,2,22.41,SEA,25,False,3,627,Maison,2,648,2,44.81,1,2,2,122,4,Dormant
CLIENT_2019,41,Perret,M,2025-11-03,2025-12-09,34.66,3,11.55,Social,15,True,3,0,Maison,5,1,3,34.66,5,3,1,531,3,Loyal
CLIENT_2020,22,Delorme,M,2024-07-22,2025-12-09,96.66,1,96.66,Email,8,False,5,0,Alimentation,6,1,1,96.66,5,1,3,513,2,Potentiel
CLIENT_2021,29,Meunier,F,2023-06-28,2023-07-11,38.38,3,12.79,Social,15,True,3,880,Électronique,10,883,3,38.38,1,3,1,131,1,A risque
CLIENT_2022,49,Meunier,M,2024-12-10,2025-12-09,2212.44,3,737.48,Email,8,False,3,0,Maison,10,1,3,2212.44,5,3,5,535,0,A risque
CLIENT_2023,66,CaronBourg,F,2023-06-03,2025-10-06,122.72,1,122.72,SEA,25,True,4,62,Maison,4,65,1,122.72,4,1,3,413,4,Dormant
CLIENT_2024,27,Peronnec,F,2024-06-29,2024-08-23,32.34,2,16.17,Email,8,True,4,455,Loisirs,1,474,2,32.34,2,2,1,221,4,Dormant
CLIENT_2025,31,Gimenez,F,2024-12-13,2025-12-09,34.15,5,6.83,Email,8,True,2,0,Maison,5,1,5,34.15,5,5,1,551,3,Loyal
CLIENT_2026,47,Hubert,F,2023-09-14,2023-11-09,63.14,2,31.57,Social,15,True,3,760,Mode,1,762,2,63.14,1,2,2,122,4,Dormant
CLIENT_2027,47,Sainte Margotboeuf,F,2024-03-11,2025-10-22,61.42,1,61.42,SEA,25,True,4,29,Électronique,2,49,1,61.42,4,1,2,412,4,Dormant
CLIENT_2028,36,BonninVille,M,2025-05-16,2025-12-09,76.26,2,38.13,Social,15,True,4,0,Maison,3,1,2,76.26,5,2,3,523,2,Potentiel
CLIENT_2029,24,Hubert,F,2024-02-01,2024-10-06,84.45,2,42.23,Social,15,True,2,409,Électronique,9,430,2,84.45,2,2,3,223,4,Dormant
CLIENT_2030,58,Leconte-sur-Masson,F,2025-05-13,2025-12-09,1145.22,8,143.15,Email,8,False,4,0,Alimentation,7,1,8,1145.22,5,5,5,555,3,Loyal
CLIENT_2031,29,Leconte-sur-Masson,M,2023-06-20,2023-09-30,71.32,2,35.66,SEA,25,True,4,794,Loisirs,4,802,2,71.32,1,2,3,123,4,Dormant
CLIENT_2032,36,Delorme,M,2025-11-15,2025-12-09,157.94,4,39.48,Email,8,True,4,0,Mode,9,1,4,157.94,5,4,4,544,3,Loyal
CLIENT_2033,37,Techer-la-Forêt,F,2025-09-27,2025-12-09,60.89,6,10.15,Social,15,False,3,0,Électronique,5,1,6,60.89,5,5,2,552,3,Loyal
CLIENT_2034,49,Sainte Genevièvenec,M,2024-03-21,2024-09-11,84.5,3,28.17,SEA,25,True,5,433,Mode,2,455,3,84.5,2,3,3,233,1,A risque
CLIENT_2035,67,Peronnec,F,2025-02-12,2025-05-13,56.31,1,56.31,Reference,5,True,3,185,Loisirs,4,211,1,56.31,3,1,2,312,4,Dormant
CLIENT_2036,18,Meunier,M,2025-06-07,2025-07-28,353.28,3,117.76,SEA,25,True,5,119,Alimentation,9,135,3,353.28,4,3,4,434,1,A risque
CLIENT_2037,58,Meunier,M,2024-11-06,2025-12-09,53.32,2,26.66,Social,15,True,3,0,Loisirs,2,1,2,53.32,5,2,2,522,2,Potentiel
CLIENT_2038,42,Delorme,M,2023-01-10,2023-01-23,48.9,7,6.99,Direct,0,False,3,1021,Électronique,7,1052,7,48.9,1,5,2,152,1,A risque
CLIENT_2039,47,CaronBourg,F,2023-01-08,2023-03-28,423.01,2,211.5,SEA,25,False,5,962,Mode,1,988,2,423.01,1,2,5,125,4,Dormant
CLIENT_2040,75,Barbenec,M,2025-07-06,2025-12-09,143.65,3,47.88,SEA,25,True,5,0,Maison,10,1,3,143.65,5,3,4,534,3,Loyal
CLIENT_2041,18,Leconte-sur-Masson,M,2023-08-19,2025-01-10,643.92,5,128.78,Direct,0,False,5,332,Mode,1,334,5,643.92,3,5,5,355,1,A risque
CLIENT_2042,35,Barbenec,F,2025-04-14,2025-12-09,44.36,9,4.93,Social,15,False,3,0,Électronique,10,1,9,44.36,5,5,2,552,3,Loyal
CLIENT_2043,29,Sainte Margotboeuf,F,2025-01-26,2025-04-06,334.12,1,334.12,SEA,25,True,4,243,Loisirs,5,248,1,334.12,3,1,4,314,4,Dormant
CLIENT_2044,50,Sainte Margotboeuf,M,2025-08-14,2025-12-09,534.0,4,133.5,Social,15,True,5,0,Maison,9,1,4,534.0,5,4,5,545,3,Loyal
CLIENT_2045,35,Meunier,M,2024-07-29,2025-12-09,92.82,3,30.94,SEA,25,False,4,0,Mode,9,1,3,92.82,5,3,3,533,3,Loyal
CLIENT_2046,67,Meunier,F,2024-11-03,2025-12-09,105.49,4,26.37,Social,15,False,4,0,Mode,6,1,4,105.49,5,4,3,543,3,Loyal
CLIENT_2047,24,CaronBourg,M,2024-03-15,2024-09-04,109.32,3,36.44,SEA,25,True,3,434,Électronique,3,462,3,109.32,2,3,3,233,1,A risque
CLIENT_2048,38,CaronBourg,F,2023-11-29,2023-12-04,37.3,3,12.43,SEA,25,False,5,707,Loisirs,1,737,3,37.3,1,3,1,131,1,A risque
CLIENT_2049,47,Grenier,M,2025-02-26,2025-06-06,61.9,3,20.63,Direct,0,False,4,166,Loisirs,7,187,3,61.9,3,3,2,332,1,A risque
CLIENT_2050,18,Baudry,M,2025-07-05,2025-07-06,34.28,4,8.57,Reference,5,True,4,150,Mode,7,157,4,34.28,3,4,1,341,1,A risque
CLIENT_2051,47,BonninVille,M,2024-06-08,2025-12-09,31.05,3,10.35,Social,15,False,3,0,Loisirs,2,1,3,31.05,5,3,1,531,3,Loyal
CLIENT_2052,54,CaronBourg,F,2024-11-30,2025-03-11,7417.39,3,2472.46,SEA,25,False,5,247,Mode,10,274,3,7417.39,3,3,5,335,0,A risque
CLIENT_2053,35,Deschamps,F,2024-08-11,2024-10-17,133.99,4,33.5,Direct,0,True,3,393,Mode,3,419,4,133.99,2,4,4,244,1,A risque
CLIENT_2054,38,Maillard,M,2025-04-28,2025-09-06,64.17,6,10.7,Social,15,False,4,68,Loisirs,10,95,6,64.17,4,5,2,452,1,A risque
CLIENT_2055,33,CaronBourg,M,2023-07-05,2024-01-27,127.78,2,63.89,Direct,0,True,3,668,Électronique,6,683,2,127.78,1,2,3,123,4,Dormant
CLIENT_2056,39,Techer-la-Forêt,M,2023-12-12,2024-05-26,37.36,3,12.45,Direct,0,False,3,560,Loisirs,7,563,3,37.36,2,3,1,231,1,A risque
CLIENT_2057,42,Peronnec,F,2025-06-26,2025-12-09,42.46,4,10.62,SEA,25,True,2,0,Mode,8,1,4,42.46,5,4,1,541,3,Loyal
CLIENT_2058,44,Barbenec,M,2023-04-20,2023-06-08,34.58,2,17.29,Direct,0,False,2,888,Mode,6,916,2,34.58,1,2,1,121,4,Dormant
CLIENT_2059,29,Maillard,F,2025-09-18,2025-10-16,123.89,2,61.95,Social,15,True,3,25,Électronique,6,55,2,123.89,4,2,3,423,4,Dormant
CLIENT_2060,48,Gimenez,F,2025-03-16,2025-07-06,125.18,1,125.18,Social,15,True,4,138,Maison,6,157,1,125.18,3,1,3,313,4,Dormant
CLIENT_2061,18,Peronnec,M,2025-08-16,2025-12-09,39.17,7,5.6,Direct,0,False,4,0,Loisirs,1,1,7,39.17,5,5,1,551,3,Loyal
CLIENT_2062,57,Perret,F,2023-05-14,2023-05-20,3219.25,3,1073.08,Email,8,False,5,919,Maison,9,935,3,3219.25,1,3,5,135,0,A risque
CLIENT_2063,42,Sainte Christophe,F,2023-06-27,2025-12-09,147.93,3,49.31,Social,15,True,3,0,Loisirs,5,1,3,147.93,5,3,4,534,3,Loyal
CLIENT_2064,32,Deschamps,F,2024-09-10,2024-12-05,111.53,6,18.59,Social,15,False,3,365,Maison,2,370,6,111.53,3,5,3,353,1,A risque
CLIENT_2065,28,CaronBourg,F,2025-09-02,2025-12-09,146.43,1,146.43,Social,15,True,5,0,Maison,3,1,1,146.43,5,1,4,514,2,Potentiel
CLIENT_2066,64,Perret,F,2025-11-05,2025-12-09,3083.82,2,1541.91,Direct,0,True,4,0,Mode,8,1,2,3083.82,5,2,5,525,0,A risque
CLIENT_2067,18,BonninVille,F,2023-11-11,2024-02-28,35.98,2,17.99,SEA,25,True,2,645,Électronique,10,651,2,35.98,1,2,1,121,4,Dormant
CLIENT_2068,18,Gimenez,F,2023-10-07,2024-03-31,310.35,1,310.35,Social,15,True,5,608,Maison,1,619,1,310.35,2,1,4,214,4,Dormant
CLIENT_2069,33,Barbenec,F,2023-10-18,2025-09-22,39.06,2,19.53,SEA,25,False,2,66,Loisirs,9,79,2,39.06,4,2,1,421,4,Dormant
CLIENT_2070,35,Peronnec,M,2024-12-30,2025-12-09,43.08,2,21.54,SEA,25,True,3,0,Loisirs,9,1,2,43.08,5,2,2,522,2,Potentiel
CLIENT_2071,25,Leconte-sur-Masson,M,2025-05-18,2025-12-09,49.28,2,24.64,Email,8,True,4,0,Alimentation,7,1,2,49.28,5,2,2,522,2,Potentiel
CLIENT_2072,34,Sainte Christophe,M,2025-12-09,2025-12-09,30.39,3,10.13,Email,8,False,3,0,Mode,7,1,3,30.39,5,3,1,531,3,Loyal
CLIENT_2073,20,Deschamps,F,2023-11-12,2023-11-27,304.25,1,304.25,Email,8,True,3,730,Maison,6,744,1,304.25,1,1,4,114,4,Dormant
CLIENT_2074,18,Grenier,M,2023-08-23,2024-03-14,8188.25,2,4094.12,Reference,5,True,5,624,Mode,9,636,2,8188.25,2,2,5,225,0,A risque
CLIENT_2075,24,Grenier,M,2024-09-14,2025-03-27,201.03,2,100.52,Direct,0,True,4,254,Mode,9,258,2,201.03,3,2,4,324,4,Dormant
CLIENT_2076,28,Sainte Genevièvenec,F,2023-08-05,2023-10-14,266.44,2,133.22,Reference,5,False,4,783,Électronique,10,788,2,266.44,1,2,4,124,4,Dormant
CLIENT_2077,29,Leconte-sur-Masson,M,2022-12-19,2023-09-13,237.09,8,29.64,Email,8,True,4,798,Alimentation,1,819,8,237.09,1,5,4,154,1,A risque
CLIENT_2078,37,Techer-la-Forêt,M,2025-01-30,2025-04-29,524.38,5,104.88,Direct,0,True,3,199,Mode,7,225,5,524.38,3,5,5,355,1,A risque
CLIENT_2079,18,Sainte Christophe,F,2024-06-25,2024-10-26,43.08,6,7.18,Social,15,True,3,387,Loisirs,6,410,6,43.08,2,5,2,252,1,A risque
CLIENT_2080,41,Sainte Christophe,F,2024-03-10,2024-05-11,7836.95,2,3918.47,Direct,0,True,5,573,Électronique,3,578,2,7836.95,2,2,5,225,0,A risque
CLIENT_2081,30,Delorme,M,2023-08-26,2025-05-29,109.7,3,36.57,SEA,25,False,5,182,Alimentation,3,195,3,109.7,3,3,3,333,1,A risque
CLIENT_2082,51,Deschamps,M,2023-02-22,2023-07-15,32.22,3,10.74,Email,8,False,4,874,Maison,9,879,3,32.22,1,3,1,131,1,A risque
CLIENT_2083,56,Gimenez,F,2025-04-29,2025-12-09,32.39,5,6.48,Email,8,False,2,0,Maison,6,1,5,32.39,5,5,1,551,3,Loyal
CLIENT_2084,60,Sainte Christophe,F,2025-08-03,2025-12-09,260.45,3,86.82,SEA,25,True,5,0,Électronique,2,1,3,260.45,5,3,4,534,3,Loyal
CLIENT_2085,23,Baudry,M,2025-10-01,2025-12-09,115.02,3,38.34,Social,15,True,4,0,Alimentation,2,1,3,115.02,5,3,3,533,3,Loyal
CLIENT_2086,37,Leconte-sur-Masson,M,2023-10-08,2023-11-24,317.31,3,105.77,SEA,25,False,3,725,Alimentation,7,747,3,317.31,1,3,4,134,1,A risque
CLIENT_2087,65,Perret,F,2023-01-09,2024-01-20,89.5,3,29.83,Email,8,True,4,682,Alimentation,5,690,3,89.5,1,3,3,133,1,A risque
CLIENT_2088,26,Gimenez,M,2023-07-24,2024-05-07,33.5,4,8.38,Social,15,True,1,571,Mode,10,582,4,33.5,2,4,1,241,1,A risque
CLIENT_2089,42,Peronnec,M,2024-07-30,2025-04-06,603.9,4,150.97,Reference,5,False,5,242,Maison,7,248,4,603.9,3,4,5,345,0,A risque
CLIENT_2090,44,Barbenec,F,2025-05-18,2025-12-09,178.79,3,59.6,SEA,25,True,4,0,Mode,6,1,3,178.79,5,3,4,534,3,Loyal
CLIENT_2091,55,Barbenec,M,2025-01-13,2025-12-09,93.77,4,23.44,Social,15,True,4,0,Loisirs,4,1,4,93.77,5,4,3,543,3,Loyal
CLIENT_2092,37,Delorme,F,2024-07-09,2024-07-14,32.77,1,32.77,Social,15,False,3,507,Alimentation,4,514,1,32.77,2,1,1,211,4,Dormant
CLIENT_2093,26,Sanchez,F,2025-11-24,2025-12-07,197.97,6,32.99,SEA,25,False,4,0,Alimentation,4,3,6,197.97,4,5,4,454,3,Loyal
CLIENT_2094,56,Peronnec,F,2024-09-29,2025-12-06,70.19,4,17.55,Social,15,True,3,0,Électronique,7,4,4,70.19,4,4,3,443,3,Loyal
CLIENT_2095,37,Grenier,F,2025-01-26,2025-12-09,4447.85,4,1111.96,SEA,25,True,5,0,Maison,4,1,4,4447.85,5,4,5,545,0,A risque
CLIENT_2096,28,Maillard,M,2024-09-16,2025-01-10,49.32,2,24.66,Email,8,False,4,317,Électronique,9,334,2,49.32,3,2,2,322,4,Dormant
CLIENT_2097,34,Hubert,F,2023-11-14,2024-08-17,38.65,2,19.32,Email,8,True,2,468,Mode,8,480,2,38.65,2,2,1,221,4,Dormant
CLIENT_2098,58,Deschamps,F,2025-06-05,2025-12-09,244.18,1,244.18,Reference,5,True,3,0,Maison,8,1,1,244.18,5,1,4,514,2,Potentiel
CLIENT_2099,58,Deschamps,F,2023-05-11,2023-07-06,63.14,1,63.14,Social,15,False,4,877,Mode,2,888,1,63.14,1,1,2,112,4,Dormant
CLIENT_2100,47,Sainte Margotboeuf,F,2025-08-23,2025-12-09,56.34,4,14.09,Social,15,False,2,0,Maison,5,1,4,56.34,5,4,2,542,3,Loyal
CLIENT_2101,36,Maillard,M,2024-05-12,2025-07-30,341.27,2,170.63,Social,15,True,5,116,Loisirs,2,133,2,341.27,4,2,4,424,4,Dormant
CLIENT_2102,36,Perret,M,2023-04-18,2024-01-30,425.97,2,212.99,Social,15,True,4,650,Maison,8,680,2,425.97,1,2,5,125,4,Dormant
CLIENT_2103,18,Techer-la-Forêt,F,2024-01-08,2025-02-22,34.22,1,34.22,SEA,25,True,3,288,Loisirs,4,291,1,34.22,3,1,1,311,4,Dormant
CLIENT_2104,38,Sainte Genevièvenec,F,2023-04-01,2025-11-10,73.8,4,18.45,Social,15,True,2,5,Électronique,7,30,4,73.8,4,4,3,443,1,A risque
CLIENT_2105,36,Sanchez,F,2025-09-09,2025-12-09,42.68,1,42.68,Social,15,True,4,0,Loisirs,9,1,1,42.68,5,1,1,511,2,Potentiel
CLIENT_2106,48,Deschamps,M,2023-09-20,2023-12-06,1723.78,3,574.59,Email,8,False,5,714,Loisirs,6,735,3,1723.78,1,3,5,135,0,A risque
CLIENT_2107,41,Gimenez,F,2025-09-30,2025-12-09,68.31,1,68.31,SEA,25,False,5,0,Alimentation,3,1,1,68.31,5,1,2,512,2,Potentiel
CLIENT_2108,44,Delorme,F,2022-12-22,2023-09-25,235.12,3,78.37,Reference,5,False,4,806,Loisirs,10,807,3,235.12,1,3,4,134,1,A risque
CLIENT_2109,47,Barbenec,F,2023-06-19,2024-11-30,73.72,5,14.74,Email,8,True,4,360,Alimentation,6,375,5,73.72,3,5,3,353,1,A risque
CLIENT_2110,40,Grenier,M,2024-08-04,2024-10-04,35.29,3,11.76,SEA,25,True,4,402,Électronique,2,432,3,35.29,2,3,1,231,1,A risque
CLIENT_2111,39,Baudry,F,2024-06-14,2024-08-26,30.47,3,10.16,Social,15,True,2,468,Électronique,1,471,3,30.47,2,3,1,231,1,A risque
CLIENT_2112,24,Hubert,F,2023-05-27,2025-05-15,2206.62,2,1103.31,Social,15,False,5,186,Mode,4,209,2,2206.62,3,2,5,325,0,A risque
CLIENT_2113,67,Meunier,F,2025-04-04,2025-12-09,103.06,6,17.18,Social,15,False,4,0,Loisirs,8,1,6,103.06,5,5,3,553,3,Loyal
CLIENT_2114,28,Sainte Christophe,M,2023-01-19,2023-11-10,4285.32,3,1428.44,Email,8,True,5,757,Maison,9,761,3,4285.32,1,3,5,135,0,A risque
CLIENT_2115,26,Sanchez,F,2025-11-16,2025-12-09,482.15,2,241.07,Email,8,True,4,0,Loisirs,7,1,2,482.15,5,2,5,525,2,Potentiel
CLIENT_2116,34,Gimenez,M,2023-01-01,2023-01-17,127.49,4,31.87,Direct,0,True,5,1043,Maison,6,1058,4,127.49,1,4,3,143,1,A risque
CLIENT_2117,38,Deschamps,F,2024-01-12,2025-03-19,3609.74,3,1203.25,SEA,25,True,5,238,Maison,2,266,3,3609.74,3,3,5,335,0,A risque
CLIENT_2118,73,Gimenez,F,2024-04-03,2025-07-14,47.96,2,23.98,Social,15,False,4,134,Maison,7,149,2,47.96,3,2,2,322,4,Dormant
CLIENT_2119,39,Sainte Genevièvenec,F,2023-01-26,2023-04-09,10446.55,4,2611.64,Social,15,True,5,973,Loisirs,6,976,4,10446.55,1,4,5,145,0,A risque
CLIENT_2120,50,Sainte Margotboeuf,M,2025-06-27,2025-12-09,129.67,2,64.83,Email,8,False,4,0,Loisirs,2,1,2,129.67,5,2,4,524,2,Potentiel
CLIENT_2121,69,Grenier,M,2024-11-06,2025-07-09,2388.9,3,796.3,SEA,25,True,5,130,Mode,5,154,3,2388.9,3,3,5,335,0,A risque
CLIENT_2122,52,Sainte Genevièvenec,M,2025-09-06,2025-11-26,116.43,2,58.22,Direct,0,True,5,3,Maison,10,14,2,116.43,4,2,3,423,2,Potentiel
CLIENT_2123,36,Sainte Genevièvenec,M,2024-10-24,2025-09-18,62.84,1,62.84,Email,8,True,4,66,Électronique,8,83,1,62.84,4,1,2,412,4,Dormant
CLIENT_2124,18,Baudry,F,2023-02-11,2023-11-08,34.91,2,17.45,Social,15,True,3,738,Mode,2,763,2,34.91,1,2,1,121,4,Dormant
CLIENT_2125,46,Deschamps,M,2024-12-27,2025-04-25,1924.76,1,1924.76,Direct,0,True,5,208,Loisirs,4,229,1,1924.76,3,1,5,315,0,A risque
CLIENT_2126,44,Leconte-sur-Masson,M,2023-01-26,2023-09-01,39.03,4,9.76,Social,15,True,5,811,Électronique,4,831,4,39.03,1,4,1,141,1,A risque
CLIENT_2127,43,Baudry,F,2022-12-16,2023-01-31,816.29,1,816.29,Email,8,False,2,1038,Mode,4,1044,1,816.29,1,1,5,115,4,Dormant
CLIENT_2128,44,Sainte Margotboeuf,M,2024-04-08,2025-03-14,40.65,2,20.32,Reference,5,True,3,257,Loisirs,2,271,2,40.65,3,2,1,321,4,Dormant
CLIENT_2129,32,Perret,M,2024-01-04,2024-02-05,88.68,2,44.34,Social,15,False,4,652,Mode,10,674,2,88.68,1,2,3,123,4,Dormant
CLIENT_2130,27,Sainte Genevièvenec,M,2025-11-02,2025-12-09,67.65,3,22.55,Reference,5,False,2,0,Alimentation,3,1,3,67.65,5,3,2,532,3,Loyal
CLIENT_2131,62,Gimenez,M,2023-08-19,2023-09-26,2427.62,3,809.21,Direct,0,False,5,798,Maison,1,806,3,2427.62,1,3,5,135,0,A risque
CLIENT_2132,43,Sainte Genevièvenec,F,2023-05-30,2024-11-11,13276.22,1,13276.22,Reference,5,False,5,373,Mode,7,394,1,13276.22,2,1,5,215,0,A risque
CLIENT_2133,37,Delorme,F,2023-09-25,2023-10-27,31.88,2,15.94,Direct,0,True,5,753,Loisirs,2,775,2,31.88,1,2,1,121,4,Dormant
CLIENT_2134,28,Deschamps,M,2023-03-11,2025-08-14,50.99,4,12.75,Direct,0,False,5,107,Électronique,4,118,4,50.99,4,4,2,442,1,A risque
CLIENT_2135,51,Peronnec,M,2025-08-27,2025-10-28,184.24,4,46.06,SEA,25,True,3,24,Électronique,4,43,4,184.24,4,4,4,444,1,A risque
CLIENT_2136,55,Grenier,F,2024-05-29,2025-12-09,265.34,4,66.33,Email,8,True,5,0,Alimentation,4,1,4,265.34,5,4,4,544,3,Loyal
CLIENT_2137,18,Meunier,M,2024-07-16,2025-12-09,56.73,3,18.91,SEA,25,True,2,0,Maison,6,1,3,56.73,5,3,2,532,3,Loyal
CLIENT_2138,27,Deschamps,F,2025-07-25,2025-12-09,408.14,1,408.14,Email,8,False,5,0,Maison,9,1,1,408.14,5,1,5,515,2,Potentiel
CLIENT_2139,18,Hubert,F,2023-04-19,2024-05-23,56.32,3,18.77,Email,8,True,3,550,Loisirs,1,566,3,56.32,2,3,2,232,1,A risque
CLIENT_2140,39,Meunier,F,2025-11-28,2025-12-09,594.05,3,198.02,Reference,5,True,4,0,Mode,4,1,3,594.05,5,3,5,535,3,Loyal
CLIENT_2141,25,Grenier,M,2025-02-26,2025-10-10,46.39,2,23.2,Email,8,True,3,59,Alimentation,5,61,2,46.39,4,2,2,422,4,Dormant
CLIENT_2142,42,Sainte Christophe,M,2025-11-17,2025-11-26,104.04,4,26.01,SEA,25,True,4,2,Alimentation,6,14,4,104.04,4,4,3,443,3,Loyal
CLIENT_2143,27,Deschamps,M,2023-06-13,2024-07-06,37.59,5,7.52,Reference,5,True,3,497,Mode,7,522,5,37.59,2,5,1,251,1,A risque
CLIENT_2144,20,Deschamps,F,2025-05-25,2025-07-10,68.96,2,34.48,Email,8,True,4,129,Électronique,4,153,2,68.96,3,2,3,323,4,Dormant
CLIENT_2145,33,Sainte Christophe,F,2023-12-13,2024-01-01,1087.52,7,155.36,Email,8,True,5,680,Loisirs,9,709,7,1087.52,1,5,5,155,0,A risque
CLIENT_2146,46,Sainte Genevièvenec,F,2024-04-06,2024-11-27,37.36,4,9.34,SEA,25,False,2,350,Électronique,7,378,4,37.36,3,4,1,341,1,A risque
CLIENT_2147,47,Leconte-sur-Masson,F,2024-07-03,2025-08-07,1029.16,3,343.05,Direct,0,True,5,97,Mode,4,125,3,1029.16,4,3,5,435,0,A risque
CLIENT_2148,38,Maillard,F,2023-06-04,2023-11-28,209.75,5,41.95,Reference,5,True,3,733,Alimentation,4,743,5,209.75,1,5,4,154,1,A risque
CLIENT_2149,18,Barbenec,F,2023-06-04,2024-08-09,37.03,1,37.03,SEA,25,True,5,460,Loisirs,8,488,1,37.03,2,1,1,211,4,Dormant
CLIENT_2150,36,BonninVille,M,2023-03-16,2023-04-02,48.26,1,48.26,Reference,5,False,4,979,Loisirs,3,983,1,48.26,1,1,2,112,4,Dormant
CLIENT_2151,50,Techer-la-Forêt,M,2025-09-03,2025-12-09,62.39,4,15.6,Reference,5,False,3,0,Maison,4,1,4,62.39,5,4,2,542,3,Loyal
CLIENT_2152,27,BonninVille,F,2023-10-23,2025-10-12,640.96,4,160.24,Email,8,True,5,36,Alimentation,9,59,4,640.96,4,4,5,445,0,A risque
CLIENT_2153,37,Barbenec,M,2025-10-08,2025-12-09,516.61,1,516.61,Social,15,True,3,0,Alimentation,3,1,1,516.61,5,1,5,515,2,Potentiel
CLIENT_2154,18,Baudry,M,2024-08-20,2024-11-01,74.89,3,24.96,Direct,0,False,4,384,Électronique,10,404,3,74.89,2,3,3,233,1,A risque
CLIENT_2155,51,Deschamps,M,2023-03-12,2025-04-11,228.23,3,76.08,SEA,25,True,5,240,Loisirs,1,243,3,228.23,3,3,4,334,1,A risque
CLIENT_2156,37,Gimenez,F,2025-01-18,2025-12-09,71.64,2,35.82,Email,8,True,3,0,Loisirs,3,1,2,71.64,5,2,3,523,2,Potentiel
CLIENT_2157,33,Sainte Christophe,M,2024-06-21,2024-06-25,196.01,5,39.2,Social,15,True,4,528,Loisirs,6,533,5,196.01,2,5,4,254,1,A risque
CLIENT_2158,42,Deschamps,M,2024-02-18,2024-03-29,181.2,6,30.2,SEA,25,True,3,605,Électronique,4,621,6,181.2,2,5,4,254,1,A risque
CLIENT_2159,20,Grenier,M,2024-07-29,2025-12-09,92.33,3,30.78,Social,15,True,3,0,Mode,9,1,3,92.33,5,3,3,533,3,Loyal
CLIENT_2160,55,Maillard,M,2025-08-28,2025-09-24,179.71,4,44.93,Email,8,False,4,47,Mode,4,77,4,179.71,4,4,4,444,1,A risque
CLIENT_2161,47,Leconte-sur-Masson,F,2023-03-06,2023-07-18,145.32,1,145.32,Email,8,True,3,855,Alimentation,10,876,1,145.32,1,1,4,114,4,Dormant
CLIENT_2162,53,Grenier,F,2023-04-11,2023-06-16,45.53,3,15.18,Email,8,True,3,885,Mode,9,908,3,45.53,1,3,2,132,1,A risque
CLIENT_2163,18,Grenier,F,2025-09-04,2025-12-09,160.98,3,53.66,SEA,25,True,3,0,Électronique,7,1,3,160.98,5,3,4,534,3,Loyal
CLIENT_2164,50,Peronnec,F,2024-10-31,2025-10-01,35.12,1,35.12,Email,8,True,2,59,Électronique,7,70,1,35.12,4,1,1,411,4,Dormant
CLIENT_2165,20,Techer-la-Forêt,M,2025-08-10,2025-12-09,203.02,2,101.51,Social,15,False,2,0,Maison,5,1,2,203.02,5,2,4,524,2,Potentiel
CLIENT_2166,20,Sainte Margotboeuf,F,2024-09-30,2024-11-02,142.07,4,35.52,SEA,25,False,5,377,Alimentation,3,403,4,142.07,2,4,4,244,1,A risque
CLIENT_2167,69,Grenier,M,2024-06-25,2024-12-05,61.27,1,61.27,SEA,25,False,5,368,Mode,5,370,1,61.27,3,1,2,312,4,Dormant
CLIENT_2168,40,Baudry,F,2023-10-09,2024-11-23,71.25,4,17.81,Email,8,False,3,369,Électronique,6,382,4,71.25,3,4,3,343,1,A risque
CLIENT_2169,32,Meunier,M,2023-03-18,2023-05-17,56.23,4,14.06,Direct,0,True,3,910,Mode,8,938,4,56.23,1,4,2,142,1,A risque
CLIENT_2170,20,Barbenec,F,2024-11-22,2025-12-09,1511.62,2,755.81,Email,8,True,5,0,Électronique,5,1,2,1511.62,5,2,5,525,2,Potentiel
CLIENT_2171,53,Deschamps,M,2023-05-23,2024-10-20,86.26,3,28.75,Reference,5,True,4,404,Mode,7,416,3,86.26,2,3,3,233,1,A risque
CLIENT_2172,18,Deschamps,M,2024-02-18,2025-12-09,32.52,5,6.5,Social,15,True,4,0,Maison,7,1,5,32.52,5,5,1,551,3,Loyal
CLIENT_2173,27,Techer-la-Forêt,M,2024-03-11,2024-04-19,1176.45,6,196.08,Email,8,True,4,592,Loisirs,5,600,6,1176.45,2,5,5,255,0,A risque
CLIENT_2174,33,Delorme,F,2023-06-07,2024-07-07,43.4,6,7.23,Email,8,False,5,498,Maison,5,521,6,43.4,2,5,2,252,1,A risque
CLIENT_2175,51,Deschamps,M,2024-01-02,2025-12-09,138.65,8,17.33,Social,15,True,3,0,Loisirs,7,1,8,138.65,5,5,4,554,3,Loyal
CLIENT_2176,20,BonninVille,M,2024-01-12,2025-09-22,468.54,5,93.71,Reference,5,True,5,60,Mode,8,79,5,468.54,4,5,5,455,1,A risque
CLIENT_2177,27,Deschamps,F,2024-01-22,2025-12-09,48.36,3,16.12,Social,15,True,2,0,Alimentation,3,1,3,48.36,5,3,2,532,3,Loyal
CLIENT_2178,37,CaronBourg,F,2025-01-24,2025-01-30,56.55,2,28.27,Direct,0,True,4,301,Mode,4,314,2,56.55,3,2,2,322,4,Dormant
CLIENT_2179,28,Deschamps,M,2024-08-15,2025-08-26,73.31,1,73.31,Social,15,False,4,96,Alimentation,5,106,1,73.31,4,1,3,413,4,Dormant
CLIENT_2180,19,CaronBourg,M,2025-11-08,2025-12-09,107.36,1,107.36,Reference,5,True,5,0,Maison,4,1,1,107.36,5,1,3,513,2,Potentiel
CLIENT_2181,18,Barbenec,M,2023-05-14,2023-11-12,604.91,1,604.91,Social,15,True,4,741,Loisirs,9,759,1,604.91,1,1,5,115,4,Dormant
CLIENT_2182,31,Leconte-sur-Masson,F,2024-07-24,2025-09-29,35.05,1,35.05,Reference,5,True,3,63,Loisirs,6,72,1,35.05,4,1,1,411,4,Dormant
CLIENT_2183,22,Techer-la-Forêt,F,2023-08-29,2023-11-22,820.81,2,410.4,Direct,0,True,5,730,Mode,4,749,2,820.81,1,2,5,125,0,A risque
CLIENT_2184,48,Deschamps,F,2023-01-26,2025-03-26,202.92,1,202.92,Social,15,True,4,248,Alimentation,8,259,1,202.92,3,1,4,314,4,Dormant
CLIENT_2185,40,Sanchez,M,2025-05-16,2025-12-09,62.31,1,62.31,SEA,25,False,4,0,Loisirs,6,1,1,62.31,5,1,2,512,2,Potentiel
CLIENT_2186,44,Perret,M,2023-02-02,2024-03-07,11004.97,1,11004.97,Reference,5,True,5,639,Mode,1,643,1,11004.97,1,1,5,115,0,A risque
CLIENT_2187,43,Perret,F,2024-05-29,2024-12-13,100.82,5,20.16,Social,15,False,3,352,Mode,2,362,5,100.82,3,5,3,353,1,A risque
CLIENT_2188,26,BonninVille,M,2023-01-17,2023-08-03,114.38,3,38.13,Direct,0,False,4,842,Mode,8,860,3,114.38,1,3,3,133,1,A risque
CLIENT_2189,67,Deschamps,M,2024-05-14,2024-12-31,32.26,3,10.75,Social,15,True,3,324,Loisirs,3,344,3,32.26,3,3,1,331,1,A risque
CLIENT_2190,36,Grenier,M,2023-02-14,2025-02-21,32.29,2,16.14,Social,15,True,4,263,Électronique,8,292,2,32.29,3,2,1,321,4,Dormant
CLIENT_2191,21,Maillard,F,2023-11-15,2024-09-25,1336.04,1,1336.04,Email,8,False,5,413,Maison,10,441,1,1336.04,2,1,5,215,0,A risque
CLIENT_2192,26,Sanchez,M,2024-02-27,2025-12-09,85.48,6,14.25,Email,8,True,3,0,Électronique,5,1,6,85.48,5,5,3,553,3,Loyal
CLIENT_2193,65,Grenier,F,2024-01-12,2024-02-13,112.66,2,56.33,Social,15,False,5,641,Loisirs,4,666,2,112.66,1,2,3,123,4,Dormant
CLIENT_2194,66,Deschamps,M,2023-10-15,2025-07-25,117.75,2,58.88,SEA,25,True,4,108,Mode,6,138,2,117.75,4,2,3,423,4,Dormant
CLIENT_2195,37,Leconte-sur-Masson,F,2023-10-21,2024-08-13,94.55,2,47.27,Social,15,True,3,458,Mode,1,484,2,94.55,2,2,3,223,4,Dormant
CLIENT_2196,32,Maillard,F,2025-03-06,2025-06-05,122.91,1,122.91,Social,15,False,3,160,Maison,5,188,1,122.91,3,1,3,313,4,Dormant
CLIENT_2197,18,Baudry,F,2024-08-24,2025-01-30,136.13,1,136.13,SEA,25,True,5,296,Loisirs,10,314,1,136.13,3,1,4,314,4,Dormant
CLIENT_2198,52,Hubert,F,2024-04-09,2024-05-22,58.6,1,58.6,Social,15,True,4,541,Loisirs,10,567,1,58.6,2,1,2,212,4,Dormant
CLIENT_2199,19,Baudry,M,2024-11-02,2025-09-25,60.77,4,15.19,Reference,5,False,3,47,Loisirs,8,76,4,60.77,4,4,2,442,1,A risque
CLIENT_2200,24,Sainte Christophe,M,2023-11-08,2024-04-14,39.47,6,6.58,Social,15,False,4,579,Électronique,1,605,6,39.47,2,5,1,251,1,A risque
CLIENT_2201,41,Barbenec,M,2024-05-19,2024-10-14,310.92,1,310.92,Social,15,True,5,411,Maison,4,422,1,310.92,2,1,4,214,4,Dormant
CLIENT_2202,33,Perret,F,2025-03-30,2025-04-15,42.43,3,14.14,Social,15,True,4,238,Électronique,10,239,3,42.43,3,3,1,331,1,A risque
CLIENT_2203,29,BonninVille,M,2023-07-22,2023-09-20,60.98,1,60.98,Email,8,False,3,810,Maison,6,812,1,60.98,1,1,2,112,4,Dormant
CLIENT_2204,29,Sainte Genevièvenec,M,2023-12-03,2023-12-16,38.33,3,12.78,Reference,5,False,3,697,Alimentation,2,725,3,38.33,1,3,1,131,1,A risque
CLIENT_2205,64,Gimenez,F,2023-06-04,2023-07-22,111.55,2,55.77,Email,8,False,5,851,Loisirs,8,872,2,111.55,1,2,3,123,4,Dormant
CLIENT_2206,51,BonninVille,M,2023-02-15,2025-01-11,33.49,2,16.75,Email,8,False,4,314,Maison,5,333,2,33.49,3,2,1,321,4,Dormant
CLIENT_2207,18,Perret,F,2024-07-17,2025-02-13,38.16,4,9.54,Direct,0,False,3,290,Loisirs,5,300,4,38.16,3,4,1,341,1,A risque
CLIENT_2208,67,BonninVille,F,2023-04-18,2023-06-02,37.63,1,37.63,SEA,25,True,4,904,Maison,7,922,1,37.63,1,1,1,111,4,Dormant
CLIENT_2209,24,Baudry,M,2023-03-06,2024-08-02,190.86,1,190.86,Social,15,True,3,492,Loisirs,2,495,1,190.86,2,1,4,214,4,Dormant
CLIENT_2210,18,Baudry,F,2024-12-24,2025-05-03,137.81,3,45.94,Reference,5,False,4,214,Alimentation,5,221,3,137.81,3,3,4,334,1,A risque
CLIENT_2211,35,Peronnec,M,2023-10-21,2024-07-05,123.09,1,123.09,SEA,25,True,4,520,Mode,7,523,1,123.09,2,1,3,213,4,Dormant
CLIENT_2212,32,CaronBourg,M,2024-03-02,2024-07-08,49.04,2,24.52,Social,15,True,5,517,Mode,1,520,2,49.04,2,2,2,222,4,Dormant
CLIENT_2213,55,Grenier,M,2023-02-01,2023-08-28,141.08,3,47.03,Direct,0,False,4,806,Maison,7,835,3,141.08,1,3,4,134,1,A risque
CLIENT_2214,49,Perret,F,2023-02-05,2025-10-23,56.25,5,11.25,Email,8,False,4,20,Alimentation,5,48,5,56.25,4,5,2,452,1,A risque
CLIENT_2215,50,Baudry,F,2025-01-02,2025-03-17,458.28,2,229.14,Direct,0,True,5,251,Alimentation,2,268,2,458.28,3,2,5,325,4,Dormant
CLIENT_2216,30,Perret,F,2024-09-03,2024-11-07,300.46,2,150.23,Direct,0,False,4,374,Électronique,1,398,2,300.46,2,2,4,224,4,Dormant
CLIENT_2217,46,Peronnec,F,2024-11-04,2025-01-27,161.96,5,32.39,Social,15,True,4,314,Loisirs,2,317,5,161.96,3,5,4,354,1,A risque
CLIENT_2218,50,Delorme,F,2024-02-10,2025-06-11,477.07,3,159.02,Direct,0,False,5,161,Loisirs,1,182,3,477.07,3,3,5,335,0,A risque
CLIENT_2219,58,CaronBourg,F,2023-03-18,2023-05-01,251.4,5,50.28,Email,8,True,5,949,Alimentation,3,954,5,251.4,1,5,4,154,1,A risque
CLIENT_2220,38,Sainte Christophe,F,2023-10-07,2024-01-23,293.68,3,97.89,SEA,25,True,4,671,Mode,7,687,3,293.68,1,3,4,134,1,A risque
CLIENT_2221,33,BonninVille,F,2024-08-26,2025-07-19,76.02,4,19.0,Email,8,True,3,123,Alimentation,7,144,4,76.02,4,4,3,443,1,A risque
CLIENT_2222,42,Leconte-sur-Masson,M,2023-10-27,2025-12-09,34.91,1,34.91,SEA,25,True,3,0,Électronique,1,1,1,34.91,5,1,1,511,2,Potentiel
CLIENT_2223,37,Techer-la-Forêt,F,2025-03-15,2025-05-04,57.1,4,14.28,Email,8,False,4,216,Loisirs,6,220,4,57.1,3,4,2,342,1,A risque
CLIENT_2224,35,Gimenez,M,2025-07-27,2025-12-02,34.72,4,8.68,Reference,5,True,4,0,Électronique,5,8,4,34.72,4,4,1,441,3,Loyal
CLIENT_2225,56,CaronBourg,M,2024-01-19,2024-01-21,69.52,4,17.38,Social,15,False,4,676,Loisirs,1,689,4,69.52,1,4,3,143,1,A risque
CLIENT_2226,47,Sainte Margotboeuf,M,2024-08-16,2024-11-14,696.28,5,139.26,Social,15,False,5,382,Mode,6,391,5,696.28,2,5,5,255,0,A risque
CLIENT_2227,50,Deschamps,F,2024-05-04,2025-08-04,119.62,1,119.62,Email,8,False,4,117,Mode,6,128,1,119.62,4,1,3,413,4,Dormant
CLIENT_2228,58,Sanchez,F,2024-01-26,2024-09-05,44.23,2,22.11,Social,15,True,3,450,Alimentation,8,461,2,44.23,2,2,2,222,4,Dormant
CLIENT_2229,36,Sainte Christophe,M,2024-01-07,2025-12-09,2102.82,5,420.56,Direct,0,True,4,0,Alimentation,2,1,5,2102.82,5,5,5,555,3,Loyal
CLIENT_2230,42,Gimenez,M,2023-03-19,2023-03-21,40.67,4,10.17,Email,8,True,4,964,Maison,2,995,4,40.67,1,4,1,141,1,A risque
CLIENT_2231,44,CaronBourg,M,2025-01-22,2025-11-18,33.84,2,16.92,Reference,5,True,3,7,Alimentation,4,22,2,33.84,4,2,1,421,2,Potentiel
CLIENT_2232,45,Perret,F,2025-01-05,2025-08-02,107.54,2,53.77,Email,8,True,4,99,Maison,2,130,2,107.54,4,2,3,423,4,Dormant
CLIENT_2233,27,Baudry,M,2025-07-09,2025-09-01,46.97,4,11.74,Email,8,True,2,95,Maison,6,100,4,46.97,4,4,2,442,1,A risque
CLIENT_2234,23,BonninVille,F,2024-11-24,2025-04-10,82.61,2,41.3,SEA,25,True,4,235,Électronique,1,244,2,82.61,3,2,3,323,4,Dormant
CLIENT_2235,30,Delorme,F,2025-08-10,2025-12-09,150.89,1,150.89,Social,15,False,4,0,Maison,3,1,1,150.89,5,1,4,514,2,Potentiel
CLIENT_2236,26,Hubert,F,2023-03-12,2024-02-06,1997.64,3,665.88,Social,15,True,5,652,Mode,4,673,3,1997.64,1,3,5,135,0,A risque
CLIENT_2237,49,Sainte Genevièvenec,M,2023-03-05,2023-10-07,624.95,2,312.48,SEA,25,False,4,768,Maison,5,795,2,624.95,1,2,5,125,0,A risque
CLIENT_2238,30,Baudry,F,2023-03-21,2024-11-24,44.29,1,44.29,Social,15,True,3,377,Loisirs,1,381,1,44.29,3,1,2,312,4,Dormant
CLIENT_2239,72,Grenier,M,2023-07-28,2023-08-05,3625.37,1,3625.37,SEA,25,False,5,840,Mode,3,858,1,3625.37,1,1,5,115,0,A risque
CLIENT_2240,48,Techer-la-Forêt,M,2025-08-11,2025-12-09,71.59,3,23.86,Direct,0,True,3,0,Alimentation,2,1,3,71.59,5,3,3,533,3,Loyal
CLIENT_2241,65,Sainte Christophe,M,2022-12-26,2024-12-07,7253.02,8,906.63,Social,15,False,5,342,Mode,10,368,8,7253.02,3,5,5,355,0,A risque
CLIENT_2242,54,Grenier,F,2025-05-25,2025-06-21,746.85,4,186.71,Social,15,False,4,149,Mode,2,172,4,746.85,3,4,5,345,0,A risque
CLIENT_2243,28,Sanchez,F,2023-03-31,2023-07-08,31.19,3,10.4,Direct,0,True,4,862,Mode,7,886,3,31.19,1,3,1,131,1,A risque
CLIENT_2244,18,Leconte-sur-Masson,F,2025-11-20,2025-12-09,45.23,4,11.31,Reference,5,True,4,0,Maison,6,1,4,45.23,5,4,2,542,3,Loyal
CLIENT_2245,18,Peronnec,F,2024-06-28,2025-03-15,298.99,4,74.75,SEA,25,False,5,252,Maison,6,270,4,298.99,3,4,4,344,1,A risque
CLIENT_2246,49,BonninVille,F,2023-10-27,2023-11-22,30.01,3,10.0,Social,15,True,4,739,Alimentation,1,749,3,30.01,1,3,1,131,1,A risque
CLIENT_2247,40,Techer-la-Forêt,M,2025-08-11,2025-12-09,36.31,1,36.31,Social,15,True,2,0,Maison,8,1,1,36.31,5,1,1,511,2,Potentiel
CLIENT_2248,32,Deschamps,F,2024-03-03,2024-06-11,678.01,2,339.0,Email,8,False,4,536,Loisirs,10,547,2,678.01,2,2,5,225,0,A risque
CLIENT_2249,43,Sainte Genevièvenec,F,2025-05-05,2025-08-28,90.53,3,30.18,Social,15,True,4,98,Électronique,10,104,3,90.53,4,3,3,433,1,A risque
CLIENT_2250,29,Baudry,F,2025-08-21,2025-12-09,31.15,6,5.19,Reference,5,False,3,0,Électronique,7,1,6,31.15,5,5,1,551,3,Loyal
CLIENT_2251,47,Delorme,F,2025-05-09,2025-12-09,301.94,4,75.48,SEA,25,False,4,0,Maison,10,1,4,301.94,5,4,4,544,3,Loyal
CLIENT_2252,40,BonninVille,F,2023-10-25,2023-11-06,1513.17,3,504.39,Social,15,True,5,759,Électronique,7,765,3,1513.17,1,3,5,135,0,A risque
CLIENT_2253,47,Perret,F,2024-05-10,2024-08-11,229.95,2,114.97,SEA,25,True,5,464,Électronique,8,486,2,229.95,2,2,4,224,4,Dormant
CLIENT_2254,19,Leconte-sur-Masson,F,2023-05-05,2024-01-09,745.91,2,372.95,Email,8,True,5,698,Mode,7,701,2,745.91,1,2,5,125,0,A risque
CLIENT_2255,56,Meunier,F,2025-07-31,2025-12-09,73.63,3,24.54,Direct,0,True,4,0,Loisirs,8,1,3,73.63,5,3,3,533,3,Loyal
CLIENT_2256,41,CaronBourg,M,2024-04-19,2024-07-09,36.53,2,18.27,Social,15,False,3,501,Loisirs,6,519,2,36.53,2,2,1,221,4,Dormant
CLIENT_2257,69,Deschamps,M,2023-02-01,2025-12-09,1161.32,2,580.66,SEA,25,True,5,0,Loisirs,9,1,2,1161.32,5,2,5,525,2,Potentiel
CLIENT_2258,38,Deschamps,M,2024-07-30,2024-10-14,39986.25,3,13328.75,Email,8,True,5,397,Maison,1,422,3,39986.25,2,3,5,235,0,A risque
CLIENT_2259,52,Peronnec,F,2023-04-14,2023-05-25,30.11,3,10.04,Social,15,False,3,922,Alimentation,5,930,3,30.11,1,3,1,131,1,A risque
CLIENT_2260,50,CaronBourg,M,2025-09-01,2025-12-09,244.18,5,48.84,Direct,0,False,5,0,Électronique,5,1,5,244.18,5,5,4,554,3,Loyal
CLIENT_2261,56,Perret,F,2024-05-06,2024-12-26,95.27,3,31.76,Social,15,True,5,322,Alimentation,7,349,3,95.27,3,3,3,333,1,A risque
CLIENT_2262,53,Sainte Christophe,M,2023-05-07,2025-03-29,99.98,1,99.98,Email,8,True,4,233,Loisirs,9,256,1,99.98,3,1,3,313,4,Dormant
CLIENT_2263,46,Delorme,M,2025-08-15,2025-10-21,592.14,6,98.69,Direct,0,False,4,49,Alimentation,10,50,6,592.14,4,5,5,455,1,A risque
CLIENT_2264,57,Deschamps,M,2023-04-04,2024-09-21,2777.42,3,925.81,Social,15,True,5,431,Électronique,7,445,3,2777.42,2,3,5,235,0,A risque
CLIENT_2265,48,BonninVille,F,2023-11-11,2024-07-25,285.27,2,142.63,Social,15,True,3,489,Électronique,3,503,2,285.27,2,2,4,224,4,Dormant
CLIENT_2266,18,Meunier,F,2024-03-04,2024-10-04,274.11,4,68.53,Social,15,True,4,423,Électronique,10,432,4,274.11,2,4,4,244,1,A risque
CLIENT_2267,37,Perret,M,2025-01-26,2025-03-12,61.1,1,61.1,Direct,0,True,5,262,Loisirs,8,273,1,61.1,3,1,2,312,4,Dormant
CLIENT_2268,49,Barbenec,M,2024-01-13,2024-02-04,60.3,3,20.1,SEA,25,True,4,653,Maison,3,675,3,60.3,1,3,2,132,1,A risque
CLIENT_2269,25,Grenier,M,2025-09-19,2025-12-09,271.04,1,271.04,Reference,5,False,5,0,Maison,9,1,1,271.04,5,1,4,514,2,Potentiel
CLIENT_2270,28,Maillard,M,2023-07-28,2023-08-31,53.86,4,13.46,Social,15,True,4,829,Maison,6,832,4,53.86,1,4,2,142,1,A risque
CLIENT_2271,30,Peronnec,F,2023-10-02,2024-05-23,986.97,2,493.49,Direct,0,True,5,541,Maison,6,566,2,986.97,2,2,5,225,0,A risque
CLIENT_2272,55,Gimenez,F,2024-09-01,2024-09-14,170.8,1,170.8,SEA,25,True,4,435,Alimentation,6,452,1,170.8,2,1,4,214,4,Dormant
CLIENT_2273,33,Sainte Christophe,M,2024-03-18,2025-11-05,49.58,1,49.58,Social,15,False,3,31,Mode,8,35,1,49.58,4,1,2,412,4,Dormant
CLIENT_2274,23,Perret,F,2024-03-03,2024-09-15,110.69,1,110.69,SEA,25,True,3,439,Loisirs,6,451,1,110.69,2,1,3,213,4,Dormant
CLIENT_2275,57,Baudry,M,2025-01-15,2025-12-09,56.0,1,56.0,SEA,25,False,2,0,Maison,2,1,1,56.0,5,1,2,512,2,Potentiel
CLIENT_2276,21,Deschamps,M,2025-02-12,2025-12-09,1170.9,1,1170.9,Email,8,True,4,0,Loisirs,4,1,1,1170.9,5,1,5,515,2,Potentiel
CLIENT_2277,41,Peronnec,M,2025-07-29,2025-12-07,30.49,4,7.62,Direct,0,True,3,0,Alimentation,6,3,4,30.49,4,4,1,441,3,Loyal
CLIENT_2278,63,Sainte Genevièvenec,F,2025-01-10,2025-12-09,238.81,3,79.6,Email,8,False,3,0,Alimentation,6,1,3,238.81,5,3,4,534,3,Loyal
CLIENT_2279,47,Delorme,F,2023-10-15,2024-03-14,197.51,6,32.92,SEA,25,True,3,614,Électronique,5,636,6,197.51,2,5,4,254,1,A risque
CLIENT_2280,36,Delorme,M,2023-05-18,2023-12-25,55.86,2,27.93,Email,8,True,4,703,Alimentation,3,716,2,55.86,1,2,2,122,4,Dormant
CLIENT_2281,30,BonninVille,M,2025-08-06,2025-10-11,71.73,2,35.87,Email,8,False,3,33,Mode,8,60,2,71.73,4,2,3,423,4,Dormant
CLIENT_2282,29,Techer-la-Forêt,F,2024-07-01,2025-01-15,137.13,2,68.56,SEA,25,True,4,316,Mode,2,329,2,137.13,3,2,4,324,4,Dormant
CLIENT_2283,25,Leconte-sur-Masson,F,2024-06-05,2025-12-09,35.75,5,7.15,SEA,25,False,2,0,Mode,5,1,5,35.75,5,5,1,551,3,Loyal
CLIENT_2284,25,Sainte Genevièvenec,M,2023-10-18,2024-09-08,124.74,2,62.37,Email,8,False,4,451,Alimentation,7,458,2,124.74,2,2,3,223,4,Dormant
CLIENT_2285,35,Barbenec,F,2023-09-18,2023-11-07,41.95,4,10.49,Social,15,True,4,742,Alimentation,3,764,4,41.95,1,4,1,141,1,A risque
CLIENT_2286,28,Baudry,M,2023-09-10,2025-01-09,65.55,1,65.55,Social,15,False,3,329,Maison,3,335,1,65.55,3,1,2,312,4,Dormant
CLIENT_2287,44,BonninVille,F,2025-06-24,2025-12-09,64.9,7,9.27,Direct,0,True,4,0,Mode,4,1,7,64.9,5,5,2,552,3,Loyal
CLIENT_2288,18,Delorme,F,2025-05-30,2025-11-01,39.82,6,6.64,Reference,5,False,3,24,Électronique,6,39,6,39.82,4,5,1,451,1,A risque
CLIENT_2289,25,Sainte Margotboeuf,F,2024-06-07,2025-12-09,43.09,7,6.16,Reference,5,True,3,0,Loisirs,6,1,7,43.09,5,5,2,552,3,Loyal
CLIENT_2290,18,Grenier,M,2023-11-01,2025-12-09,38.87,2,19.43,Email,8,False,3,0,Électronique,10,1,2,38.87,5,2,1,521,2,Potentiel
CLIENT_2291,69,Barbenec,F,2025-07-18,2025-12-09,76.65,2,38.33,Reference,5,False,5,0,Loisirs,10,1,2,76.65,5,2,3,523,2,Potentiel
CLIENT_2292,42,Sainte Genevièvenec,M,2023-04-03,2023-06-25,331.19,5,66.24,Direct,0,True,3,872,Électronique,4,899,5,331.19,1,5,4,154,1,A risque
CLIENT_2293,34,Meunier,F,2024-02-27,2024-10-30,35.9,5,7.18,Email,8,True,4,402,Électronique,2,406,5,35.9,2,5,1,251,1,A risque
CLIENT_2294,23,Hubert,F,2025-06-14,2025-12-09,40.64,3,13.55,Email,8,True,3,0,Électronique,9,1,3,40.64,5,3,1,531,3,Loyal
CLIENT_2295,46,BonninVille,F,2023-08-08,2024-01-04,4332.84,5,866.57,Social,15,True,5,695,Maison,10,706,5,4332.84,1,5,5,155,0,A risque
CLIENT_2296,29,Sainte Genevièvenec,M,2023-05-29,2023-10-22,1818.84,3,606.28,SEA,25,True,5,759,Électronique,8,780,3,1818.84,1,3,5,135,0,A risque
CLIENT_2297,30,Baudry,F,2025-11-24,2025-12-09,2337.62,1,2337.62,Email,8,True,5,0,Maison,3,1,1,2337.62,5,1,5,515,2,Potentiel
CLIENT_2298,39,Barbenec,F,2023-07-04,2025-12-09,1767.19,1,1767.19,Social,15,False,4,0,Mode,5,1,1,1767.19,5,1,5,515,2,Potentiel
CLIENT_2299,18,Hubert,F,2025-06-02,2025-10-30,67.54,2,33.77,Email,8,False,3,36,Maison,5,41,2,67.54,4,2,2,422,4,Dormant
CLIENT_2300,36,Deschamps,M,2024-06-12,2025-11-06,47.52,4,11.88,Email,8,True,3,25,Électronique,6,34,4,47.52,4,4,2,442,1,A risque
CLIENT_2301,36,Deschamps,M,2023-12-22,2024-02-04,486.53,2,243.26,Reference,5,True,3,663,Électronique,10,675,2,486.53,1,2,5,125,4,Dormant
CLIENT_2302,48,Barbenec,M,2025-09-25,2025-12-09,130.17,3,43.39,Social,15,True,3,0,Alimentation,7,1,3,130.17,5,3,4,534,3,Loyal
CLIENT_2303,55,Baudry,M,2023-04-25,2023-11-24,171.16,4,42.79,Email,8,False,3,718,Mode,10,747,4,171.16,1,4,4,144,1,A risque
CLIENT_2304,48,Techer-la-Forêt,M,2023-10-15,2023-12-11,83.13,2,41.56,Email,8,True,3,717,Mode,10,730,2,83.13,1,2,3,123,4,Dormant
CLIENT_2305,72,Leconte-sur-Masson,M,2023-10-21,2024-04-14,60.48,5,12.1,SEA,25,True,3,602,Mode,6,605,5,60.48,2,5,2,252,1,A risque
CLIENT_2306,23,Deschamps,M,2023-03-25,2023-03-26,157.31,3,52.44,SEA,25,True,4,972,Alimentation,4,990,3,157.31,1,3,4,134,1,A risque
CLIENT_2307,51,Sainte Christophe,F,2025-02-04,2025-12-09,49.66,5,9.93,Social,15,True,4,0,Alimentation,1,1,5,49.66,5,5,2,552,3,Loyal
CLIENT_2308,42,Peronnec,F,2024-02-26,2024-03-16,41.37,2,20.68,Email,8,False,1,608,Électronique,3,634,2,41.37,2,2,1,221,4,Dormant
CLIENT_2309,35,Hubert,M,2023-11-07,2025-12-09,31.04,5,6.21,Direct,0,False,3,0,Loisirs,9,1,5,31.04,5,5,1,551,3,Loyal
CLIENT_2310,51,Maillard,M,2024-10-09,2025-12-09,37.07,1,37.07,Direct,0,True,2,0,Alimentation,2,1,1,37.07,5,1,1,511,2,Potentiel
CLIENT_2311,18,Deschamps,F,2025-06-19,2025-12-09,123.3,2,61.65,Social,15,True,2,0,Mode,1,1,2,123.3,5,2,3,523,2,Potentiel
CLIENT_2312,42,Hubert,F,2023-08-11,2024-10-23,143.85,3,47.95,Email,8,True,5,404,Alimentation,5,413,3,143.85,2,3,4,234,1,A risque
CLIENT_2313,18,BonninVille,M,2023-12-24,2024-07-05,289.4,1,289.4,Social,15,True,5,496,Loisirs,7,523,1,289.4,2,1,4,214,4,Dormant
CLIENT_2314,51,Baudry,F,2025-07-12,2025-12-09,944.16,1,944.16,Email,8,True,5,0,Loisirs,4,1,1,944.16,5,1,5,515,2,Potentiel
CLIENT_2315,42,Delorme,F,2022-12-13,2023-02-08,49.67,4,12.42,SEA,25,False,3,1029,Maison,7,1036,4,49.67,1,4,2,142,1,A risque
CLIENT_2316,19,Leconte-sur-Masson,M,2025-04-14,2025-12-09,32.23,2,16.11,SEA,25,True,4,0,Loisirs,3,1,2,32.23,5,2,1,521,2,Potentiel
CLIENT_2317,18,Techer-la-Forêt,F,2025-06-22,2025-12-09,72.07,2,36.03,SEA,25,False,4,0,Mode,3,1,2,72.07,5,2,3,523,2,Potentiel
CLIENT_2318,35,Perret,F,2024-12-09,2025-06-08,32.52,2,16.26,SEA,25,False,3,184,Mode,7,185,2,32.52,3,2,1,321,4,Dormant
CLIENT_2319,23,BonninVille,F,2024-10-12,2025-12-09,6566.7,3,2188.9,SEA,25,True,5,0,Maison,5,1,3,6566.7,5,3,5,535,0,A risque
CLIENT_2320,35,CaronBourg,F,2025-05-21,2025-08-30,1862.3,1,1862.3,SEA,25,True,5,100,Alimentation,4,102,1,1862.3,4,1,5,415,0,A risque
CLIENT_2321,61,Meunier,M,2024-10-19,2025-01-12,31.25,5,6.25,Direct,0,True,3,321,Mode,6,332,5,31.25,3,5,1,351,1,A risque
CLIENT_2322,21,Deschamps,M,2024-10-30,2025-12-09,858.09,5,171.62,Email,8,True,4,0,Alimentation,6,1,5,858.09,5,5,5,555,3,Loyal
CLIENT_2323,43,BonninVille,F,2024-01-18,2025-12-09,132.53,2,66.27,Direct,0,False,4,0,Mode,4,1,2,132.53,5,2,4,524,2,Potentiel
CLIENT_2324,33,Hubert,M,2023-05-17,2024-11-11,113.09,2,56.55,Direct,0,True,4,385,Électronique,10,394,2,113.09,2,2,3,223,4,Dormant
CLIENT_2325,54,Deschamps,F,2025-08-14,2025-12-09,38.31,5,7.66,Email,8,True,3,0,Mode,2,1,5,38.31,5,5,1,551,3,Loyal
CLIENT_2326,25,Meunier,M,2023-04-06,2025-09-19,74.02,3,24.67,Direct,0,False,2,72,Maison,9,82,3,74.02,4,3,3,433,1,A risque
CLIENT_2327,18,Gimenez,F,2024-10-31,2025-01-25,7690.19,4,1922.55,Social,15,True,5,297,Loisirs,6,319,4,7690.19,3,4,5,345,0,A risque
CLIENT_2328,42,Peronnec,F,2024-04-18,2024-07-31,50.51,3,16.84,SEA,25,False,5,491,Alimentation,8,497,3,50.51,2,3,2,232,1,A risque
CLIENT_2329,30,Deschamps,F,2025-02-24,2025-04-14,68.31,4,17.08,Email,8,True,3,219,Loisirs,10,240,4,68.31,3,4,2,342,1,A risque
CLIENT_2330,42,Baudry,M,2024-11-24,2025-12-09,659.21,7,94.17,SEA,25,False,5,0,Électronique,7,1,7,659.21,5,5,5,555,3,Loyal
CLIENT_2331,54,Meunier,F,2025-07-26,2025-12-09,456.04,1,456.04,Social,15,True,4,0,Mode,4,1,1,456.04,5,1,5,515,2,Potentiel
CLIENT_2332,46,Deschamps,F,2025-06-19,2025-12-09,285.55,2,142.78,Email,8,True,5,0,Maison,4,1,2,285.55,5,2,4,524,2,Potentiel
CLIENT_2333,50,Delorme,F,2024-01-27,2024-07-18,469.15,2,234.57,Social,15,False,2,483,Maison,9,510,2,469.15,2,2,5,225,4,Dormant
CLIENT_2334,40,Meunier,M,2023-10-16,2024-02-14,2748.78,4,687.2,Social,15,False,4,641,Loisirs,10,665,4,2748.78,1,4,5,145,0,A risque
CLIENT_2335,49,Hubert,F,2024-07-11,2024-10-26,49.61,3,16.54,Email,8,True,3,401,Loisirs,6,410,3,49.61,2,3,2,232,1,A risque
CLIENT_2336,35,Hubert,F,2024-12-28,2025-12-09,32.44,2,16.22,SEA,25,True,3,0,Loisirs,7,1,2,32.44,5,2,1,521,2,Potentiel
CLIENT_2337,26,Delorme,M,2023-03-29,2023-08-01,30.44,2,15.22,Email,8,True,4,857,Loisirs,8,862,2,30.44,1,2,1,121,4,Dormant
CLIENT_2338,37,Baudry,M,2024-07-17,2025-06-22,92.82,1,92.82,Reference,5,False,3,158,Alimentation,7,171,1,92.82,3,1,3,313,4,Dormant
CLIENT_2339,20,Deschamps,F,2022-12-17,2024-01-17,68.14,4,17.04,Social,15,True,4,673,Loisirs,2,693,4,68.14,1,4,2,142,1,A risque
CLIENT_2340,64,Leconte-sur-Masson,M,2023-04-08,2025-07-08,196.39,3,65.46,SEA,25,True,4,138,Loisirs,10,155,3,196.39,3,3,4,334,1,A risque
CLIENT_2341,35,Meunier,F,2025-05-20,2025-07-05,602.57,4,150.64,Direct,0,False,3,128,Loisirs,3,158,4,602.57,3,4,5,345,0,A risque
CLIENT_2342,25,Maillard,M,2023-01-08,2023-03-16,379.49,1,379.49,SEA,25,True,3,997,Maison,3,1000,1,379.49,1,1,5,115,4,Dormant
CLIENT_2343,35,Baudry,F,2023-09-18,2023-09-18,158.54,3,52.85,Social,15,True,4,812,Loisirs,4,814,3,158.54,1,3,4,134,1,A risque
CLIENT_2344,46,Meunier,F,2023-10-02,2024-06-24,347.23,3,115.74,Direct,0,True,4,526,Mode,8,534,3,347.23,2,3,4,234,1,A risque
CLIENT_2345,61,Sanchez,M,2023-10-28,2024-03-21,15643.1,6,2607.18,Email,8,True,5,610,Mode,5,629,6,15643.1,2,5,5,255,0,A risque
CLIENT_2346,55,Meunier,F,2025-03-11,2025-10-22,43.1,3,14.37,Email,8,False,5,21,Maison,7,49,3,43.1,4,3,2,432,1,A risque
CLIENT_2347,74,Sainte Christophe,F,2023-05-06,2023-10-03,231.61,5,46.32,SEA,25,False,4,790,Mode,4,799,5,231.61,1,5,4,154,1,A risque
CLIENT_2348,67,Meunier,M,2024-09-14,2025-07-01,96.8,2,48.4,Social,15,True,3,139,Mode,10,162,2,96.8,3,2,3,323,4,Dormant
CLIENT_2349,34,Sainte Genevièvenec,F,2025-06-07,2025-12-09,82.45,1,82.45,Social,15,False,3,0,Électronique,10,1,1,82.45,5,1,3,513,2,Potentiel
CLIENT_2350,25,Delorme,F,2023-01-17,2023-11-27,51.45,4,12.86,SEA,25,True,5,725,Mode,5,744,4,51.45,1,4,2,142,1,A risque
CLIENT_2351,18,Baudry,M,2023-12-05,2024-06-21,97.49,6,16.25,Email,8,True,3,536,Électronique,6,537,6,97.49,2,5,3,253,1,A risque
CLIENT_2352,41,CaronBourg,M,2024-10-08,2025-12-09,3505.18,3,1168.39,SEA,25,False,5,0,Maison,10,1,3,3505.18,5,3,5,535,0,A risque
CLIENT_2353,25,BonninVille,F,2025-12-03,2025-12-09,84.14,2,42.07,Email,8,False,3,0,Mode,8,1,2,84.14,5,2,3,523,2,Potentiel
CLIENT_2354,63,BonninVille,F,2024-10-24,2025-12-09,40.86,1,40.86,Reference,5,False,5,0,Loisirs,6,1,1,40.86,5,1,1,511,2,Potentiel
CLIENT_2355,45,Baudry,F,2024-10-19,2024-12-26,63.32,6,10.55,Email,8,False,4,340,Mode,5,349,6,63.32,3,5,2,352,1,A risque
CLIENT_2356,54,Barbenec,M,2025-08-25,2025-12-09,189.09,3,63.03,Email,8,True,3,0,Alimentation,8,1,3,189.09,5,3,4,534,3,Loyal
CLIENT_2357,30,Grenier,F,2025-05-10,2025-12-09,355.54,3,118.51,SEA,25,False,3,0,Maison,6,1,3,355.54,5,3,4,534,3,Loyal
CLIENT_2358,18,Delorme,M,2025-03-16,2025-05-10,263.27,1,263.27,Email,8,True,4,184,Alimentation,7,214,1,263.27,3,1,4,314,4,Dormant
CLIENT_2359,18,Sainte Christophe,M,2024-07-23,2025-12-09,63.57,4,15.89,Social,15,True,4,0,Mode,9,1,4,63.57,5,4,2,542,3,Loyal
CLIENT_2360,35,Maillard,F,2024-04-12,2025-01-18,64.3,1,64.3,Direct,0,True,3,312,Électronique,4,326,1,64.3,3,1,2,312,4,Dormant
CLIENT_2361,46,Deschamps,F,2023-06-19,2023-09-20,54.6,5,10.92,Email,8,False,4,798,Alimentation,2,812,5,54.6,1,5,2,152,1,A risque
CLIENT_2362,44,Maillard,M,2023-09-25,2025-03-22,244.27,4,61.07,Social,15,True,5,249,Mode,10,263,4,244.27,3,4,4,344,1,A risque
CLIENT_2363,49,Sanchez,F,2023-05-18,2023-08-06,79.8,2,39.9,SEA,25,True,4,834,Électronique,7,857,2,79.8,1,2,3,123,4,Dormant
CLIENT_2364,18,CaronBourg,M,2024-09-14,2025-03-10,54.61,1,54.61,Email,8,True,4,265,Alimentation,8,275,1,54.61,3,1,2,312,4,Dormant
CLIENT_2365,45,Gimenez,M,2024-11-18,2025-02-26,170.01,3,56.67,Reference,5,False,3,269,Loisirs,8,287,3,170.01,3,3,4,334,1,A risque
CLIENT_2366,35,CaronBourg,F,2023-01-25,2023-02-18,40.49,6,6.75,Direct,0,False,3,1022,Maison,1,1026,6,40.49,1,5,1,151,1,A risque
CLIENT_2367,22,Peronnec,F,2024-08-17,2025-10-14,40.46,2,20.23,Social,15,True,4,43,Électronique,1,57,2,40.46,4,2,1,421,4,Dormant
CLIENT_2368,18,Meunier,F,2025-06-24,2025-10-17,2010.14,4,502.54,Social,15,True,5,44,Loisirs,3,54,4,2010.14,4,4,5,445,0,A risque
CLIENT_2369,61,Deschamps,F,2025-03-18,2025-05-05,47.86,4,11.96,Social,15,True,4,207,Maison,1,219,4,47.86,3,4,2,342,1,A risque
CLIENT_2370,41,Perret,M,2023-03-16,2024-01-04,54.85,3,18.28,SEA,25,True,3,687,Loisirs,9,706,3,54.85,1,3,2,132,1,A risque
CLIENT_2371,20,Gimenez,F,2023-03-22,2023-10-30,1501.93,3,500.64,Social,15,False,5,748,Maison,9,772,3,1501.93,1,3,5,135,0,A risque
CLIENT_2372,49,Sainte Margotboeuf,M,2024-12-28,2025-03-28,90.06,4,22.52,Social,15,False,3,227,Loisirs,2,257,4,90.06,3,4,3,343,1,A risque
CLIENT_2373,31,Deschamps,F,2024-11-16,2024-12-03,43.06,4,10.77,Reference,5,True,2,367,Électronique,9,372,4,43.06,3,4,2,342,1,A risque
CLIENT_2374,31,Baudry,F,2024-01-16,2025-12-09,35.69,5,7.14,Direct,0,True,5,0,Maison,7,1,5,35.69,5,5,1,551,3,Loyal
CLIENT_2375,38,Grenier,F,2025-08-03,2025-12-09,2124.08,3,708.03,Direct,0,True,4,0,Loisirs,6,1,3,2124.08,5,3,5,535,0,A risque
CLIENT_2376,24,Baudry,M,2023-03-02,2023-10-05,89.53,5,17.91,Social,15,False,4,774,Maison,5,797,5,89.53,1,5,3,153,1,A risque
CLIENT_2377,75,Deschamps,F,2023-03-13,2025-07-05,31.68,2,15.84,Reference,5,False,3,149,Maison,9,158,2,31.68,3,2,1,321,4,Dormant
CLIENT_2378,18,Meunier,M,2023-10-19,2023-11-14,60.74,1,60.74,Direct,0,True,3,753,Loisirs,8,757,1,60.74,1,1,2,112,4,Dormant
CLIENT_2379,46,Techer-la-Forêt,F,2025-08-23,2025-12-09,152.84,4,38.21,Direct,0,False,5,0,Mode,4,1,4,152.84,5,4,4,544,3,Loyal
CLIENT_2380,53,Deschamps,F,2024-11-24,2025-12-09,32.17,2,16.09,SEA,25,False,3,0,Alimentation,1,1,2,32.17,5,2,1,521,2,Potentiel
CLIENT_2381,40,Sainte Genevièvenec,F,2023-02-05,2025-02-25,47.19,6,7.86,Direct,0,False,4,274,Mode,9,288,6,47.19,3,5,2,352,1,A risque
CLIENT_2382,18,BonninVille,F,2023-02-22,2023-08-04,114.05,7,16.29,Direct,0,True,5,855,Maison,6,859,7,114.05,1,5,3,153,1,A risque
CLIENT_2383,49,Hubert,M,2025-07-15,2025-12-09,228.11,1,228.11,Reference,5,True,4,0,Alimentation,10,1,1,228.11,5,1,4,514,2,Potentiel
CLIENT_2384,25,Leconte-sur-Masson,M,2025-09-15,2025-12-09,50.65,3,16.88,Social,15,True,3,0,Mode,6,1,3,50.65,5,3,2,532,3,Loyal
CLIENT_2385,47,Hubert,M,2024-05-07,2024-07-11,164.08,1,164.08,Social,15,True,5,507,Alimentation,9,517,1,164.08,2,1,4,214,4,Dormant
CLIENT_2386,25,Grenier,M,2025-02-27,2025-12-09,64.76,1,64.76,Email,8,True,5,0,Mode,1,1,1,64.76,5,1,2,512,2,Potentiel
CLIENT_2387,31,Techer-la-Forêt,M,2023-08-20,2024-01-26,71.31,4,17.83,Social,15,True,3,678,Électronique,8,684,4,71.31,1,4,3,143,1,A risque
CLIENT_2388,41,Perret,F,2024-03-02,2025-06-25,48.51,1,48.51,Social,15,False,4,151,Alimentation,2,168,1,48.51,3,1,2,312,4,Dormant
CLIENT_2389,37,Gimenez,F,2022-12-30,2023-03-11,76.67,3,25.56,Reference,5,False,3,1002,Alimentation,4,1005,3,76.67,1,3,3,133,1,A risque
CLIENT_2390,49,Deschamps,M,2024-07-24,2025-08-20,67.86,1,67.86,Direct,0,True,3,108,Alimentation,6,112,1,67.86,4,1,2,412,4,Dormant
CLIENT_2391,18,Hubert,F,2023-03-08,2023-04-06,208.7,4,52.17,Email,8,True,5,973,Alimentation,2,979,4,208.7,1,4,4,144,1,A risque
CLIENT_2392,34,Gimenez,M,2025-02-03,2025-06-01,34.62,3,11.54,Social,15,True,3,170,Loisirs,7,192,3,34.62,3,3,1,331,1,A risque
CLIENT_2393,59,Peronnec,F,2023-01-29,2024-01-05,35.23,4,8.81,SEA,25,False,3,682,Alimentation,4,705,4,35.23,1,4,1,141,1,A risque
CLIENT_2394,28,Peronnec,F,2025-01-20,2025-06-25,106.89,5,21.38,Social,15,True,2,163,Mode,7,168,5,106.89,3,5,3,353,1,A risque
CLIENT_2395,46,Peronnec,M,2023-01-19,2023-08-22,86.21,5,17.24,Reference,5,False,3,817,Alimentation,3,841,5,86.21,1,5,3,153,1,A risque
CLIENT_2396,47,Deschamps,F,2025-07-14,2025-11-13,70.46,2,35.23,SEA,25,True,5,19,Électronique,10,27,2,70.46,4,2,3,423,2,Potentiel
CLIENT_2397,55,Sainte Genevièvenec,M,2024-01-29,2025-10-25,346.34,2,173.17,Social,15,True,5,16,Alimentation,5,46,2,346.34,4,2,4,424,4,Dormant
CLIENT_2398,66,Meunier,F,2023-10-16,2024-08-12,33.92,3,11.31,Direct,0,False,3,479,Maison,5,485,3,33.92,2,3,1,231,1,A risque
CLIENT_2399,42,Sanchez,M,2025-11-10,2025-12-09,56.0,1,56.0,Reference,5,False,2,0,Loisirs,1,1,1,56.0,5,1,2,512,2,Potentiel
CLIENT_2400,20,Gimenez,M,2023-07-04,2024-01-07,35.83,5,7.17,Email,8,False,1,701,Mode,8,703,5,35.83,1,5,1,151,1,A risque
CLIENT_2401,30,Sanchez,M,2024-01-22,2025-06-26,60.09,5,12.02,Email,8,True,3,143,Alimentation,3,167,5,60.09,3,5,2,352,1,A risque
CLIENT_2402,29,Hubert,F,2023-09-27,2025-12-09,48.86,2,24.43,SEA,25,False,4,0,Mode,6,1,2,48.86,5,2,2,522,2,Potentiel
CLIENT_2403,30,Grenier,F,2025-09-24,2025-12-09,134.71,2,67.36,Social,15,True,2,0,Mode,2,1,2,134.71,5,2,4,524,2,Potentiel
CLIENT_2404,46,Sainte Christophe,M,2025-08-18,2025-12-09,88.38,6,14.73,Direct,0,False,3,0,Mode,10,1,6,88.38,5,5,3,553,3,Loyal
CLIENT_2405,41,Sainte Margotboeuf,F,2023-06-29,2025-12-09,159.9,2,79.95,Email,8,False,5,0,Alimentation,5,1,2,159.9,5,2,4,524,2,Potentiel
CLIENT_2406,26,Baudry,F,2023-11-12,2024-08-06,476.26,1,476.26,Social,15,False,3,463,Mode,7,491,1,476.26,2,1,5,215,4,Dormant
CLIENT_2407,24,Barbenec,M,2025-08-21,2025-12-09,68.43,1,68.43,Email,8,True,3,0,Loisirs,7,1,1,68.43,5,1,2,512,2,Potentiel
CLIENT_2408,24,Maillard,M,2024-08-26,2024-09-24,30.27,3,10.09,Email,8,False,2,416,Électronique,10,442,3,30.27,2,3,1,231,1,A risque
CLIENT_2409,48,Delorme,M,2025-07-07,2025-12-09,418.06,3,139.35,SEA,25,True,5,0,Électronique,3,1,3,418.06,5,3,5,535,3,Loyal
CLIENT_2410,38,Sainte Christophe,M,2023-01-04,2024-01-28,88.9,2,44.45,Email,8,True,4,669,Mode,3,682,2,88.9,1,2,3,123,4,Dormant
CLIENT_2411,18,Sainte Christophe,F,2024-02-10,2024-04-29,300.72,3,100.24,Social,15,False,3,570,Électronique,4,590,3,300.72,2,3,4,234,1,A risque
CLIENT_2412,28,Hubert,F,2024-11-08,2025-04-27,36.81,2,18.41,Direct,0,True,3,219,Électronique,10,227,2,36.81,3,2,1,321,4,Dormant
CLIENT_2413,28,Sainte Margotboeuf,F,2025-11-28,2025-12-09,65.82,5,13.16,Social,15,True,3,0,Alimentation,3,1,5,65.82,5,5,2,552,3,Loyal
CLIENT_2414,43,Gimenez,F,2025-11-17,2025-12-09,64.96,1,64.96,Social,15,True,5,0,Loisirs,3,1,1,64.96,5,1,2,512,2,Potentiel
CLIENT_2415,36,Leconte-sur-Masson,M,2024-05-17,2025-06-22,677.64,8,84.7,SEA,25,True,3,156,Électronique,7,171,8,677.64,3,5,5,355,1,A risque
CLIENT_2416,53,Maillard,M,2025-10-22,2025-11-03,3582.43,5,716.49,Email,8,True,5,29,Électronique,9,37,5,3582.43,4,5,5,455,0,A risque
CLIENT_2417,52,CaronBourg,M,2024-11-27,2025-02-18,31.79,5,6.36,SEA,25,True,3,282,Mode,3,295,5,31.79,3,5,1,351,1,A risque
CLIENT_2418,49,Perret,M,2025-04-07,2025-12-09,56.34,2,28.17,Email,8,True,5,0,Maison,10,1,2,56.34,5,2,2,522,2,Potentiel
CLIENT_2419,35,Deschamps,M,2025-06-04,2025-12-09,74.08,3,24.69,Email,8,False,3,0,Mode,10,1,3,74.08,5,3,3,533,3,Loyal
CLIENT_2420,42,Techer-la-Forêt,F,2024-02-18,2025-09-18,68.31,1,68.31,SEA,25,True,5,77,Électronique,6,83,1,68.31,4,1,2,412,4,Dormant
CLIENT_2421,39,Hubert,M,2023-05-28,2024-01-17,76.87,2,38.44,Email,8,False,3,683,Loisirs,7,693,2,76.87,1,2,3,123,4,Dormant
CLIENT_2422,18,Techer-la-Forêt,M,2024-01-17,2025-06-04,38.99,2,19.5,Email,8,False,4,173,Loisirs,2,189,2,38.99,3,2,1,321,4,Dormant
CLIENT_2423,18,Sainte Christophe,F,2024-12-12,2025-07-07,48.21,3,16.07,Social,15,True,5,147,Mode,2,156,3,48.21,3,3,2,332,1,A risque
CLIENT_2424,40,BonninVille,M,2025-11-27,2025-12-09,54.39,3,18.13,Social,15,True,4,0,Maison,6,1,3,54.39,5,3,2,532,3,Loyal
CLIENT_2425,41,Sainte Christophe,F,2024-09-10,2025-12-09,167.89,1,167.89,Direct,0,False,4,0,Électronique,3,1,1,167.89,5,1,4,514,2,Potentiel
CLIENT_2426,75,Baudry,M,2025-07-01,2025-07-31,36.6,6,6.1,Email,8,True,2,104,Loisirs,8,132,6,36.6,4,5,1,451,1,A risque
CLIENT_2427,18,Gimenez,F,2025-11-03,2025-12-09,577.24,3,192.41,SEA,25,False,5,0,Loisirs,8,1,3,577.24,5,3,5,535,3,Loyal
CLIENT_2428,43,Deschamps,F,2024-05-23,2024-12-06,44.32,5,8.86,Social,15,False,1,358,Électronique,7,369,5,44.32,3,5,2,352,1,A risque
CLIENT_2429,31,BonninVille,M,2024-12-11,2025-10-16,40.77,5,8.15,Social,15,False,3,48,Loisirs,8,55,5,40.77,4,5,1,451,1,A risque
CLIENT_2430,48,CaronBourg,M,2024-07-21,2025-12-09,31.4,2,15.7,SEA,25,True,4,0,Loisirs,8,1,2,31.4,5,2,1,521,2,Potentiel
CLIENT_2431,18,Deschamps,F,2025-01-15,2025-12-09,121.48,3,40.49,Direct,0,True,3,0,Électronique,4,1,3,121.48,5,3,3,533,3,Loyal
CLIENT_2432,75,Leconte-sur-Masson,F,2024-01-26,2024-02-06,89.58,4,22.39,Direct,0,False,4,660,Alimentation,5,673,4,89.58,1,4,3,143,1,A risque
CLIENT_2433,29,Deschamps,M,2025-07-13,2025-12-09,59.6,6,9.93,Email,8,True,2,0,Électronique,8,1,6,59.6,5,5,2,552,3,Loyal
CLIENT_2434,48,Grenier,M,2025-10-08,2025-12-09,145.98,2,72.99,Social,15,False,4,0,Mode,4,1,2,145.98,5,2,4,524,2,Potentiel
CLIENT_2435,57,Techer-la-Forêt,F,2025-05-22,2025-12-09,113.73,4,28.43,Social,15,False,4,0,Loisirs,3,1,4,113.73,5,4,3,543,3,Loyal
CLIENT_2436,18,Baudry,M,2023-12-08,2024-08-31,125.13,1,125.13,Social,15,False,3,437,Alimentation,2,466,1,125.13,2,1,3,213,4,Dormant
CLIENT_2437,30,Baudry,F,2024-01-26,2024-09-01,58.26,3,19.42,SEA,25,False,5,445,Maison,8,465,3,58.26,2,3,2,232,1,A risque
CLIENT_2438,35,Barbenec,M,2025-04-26,2025-12-09,2114.55,5,422.91,Social,15,True,5,0,Alimentation,9,1,5,2114.55,5,5,5,555,3,Loyal
CLIENT_2439,46,Delorme,F,2022-12-21,2023-11-06,24712.28,2,12356.14,Social,15,False,5,763,Mode,9,765,2,24712.28,1,2,5,125,0,A risque
CLIENT_2440,39,Deschamps,M,2024-03-31,2025-12-09,56.48,3,18.83,SEA,25,True,3,0,Maison,7,1,3,56.48,5,3,2,532,3,Loyal
CLIENT_2441,40,BonninVille,F,2025-09-08,2025-11-27,35.6,3,11.87,Email,8,True,2,1,Maison,1,13,3,35.6,4,3,1,431,3,Loyal
CLIENT_2442,41,Meunier,F,2022-12-22,2024-09-03,159.4,3,53.13,Email,8,False,4,449,Électronique,2,463,3,159.4,2,3,4,234,1,A risque
CLIENT_2443,37,Maillard,M,2025-12-03,2025-12-09,930.69,4,232.67,Email,8,True,5,0,Alimentation,7,1,4,930.69,5,4,5,545,3,Loyal
CLIENT_2444,70,Perret,F,2025-11-19,2025-12-09,39.35,3,13.12,Social,15,False,3,0,Alimentation,10,1,3,39.35,5,3,1,531,3,Loyal
CLIENT_2445,18,Gimenez,F,2023-03-15,2023-03-24,78.85,3,26.28,Social,15,False,3,985,Maison,9,992,3,78.85,1,3,3,133,1,A risque
CLIENT_2446,61,Sanchez,F,2023-01-27,2024-09-17,46.27,5,9.25,SEA,25,False,4,442,Alimentation,10,449,5,46.27,2,5,2,252,1,A risque
CLIENT_2447,42,Sainte Christophe,M,2024-10-07,2025-02-14,1218.35,4,304.59,Email,8,True,5,272,Mode,4,299,4,1218.35,3,4,5,345,0,A risque
CLIENT_2448,50,Meunier,F,2024-12-27,2025-04-13,33.62,3,11.21,Social,15,True,4,239,Mode,8,241,3,33.62,3,3,1,331,1,A risque
CLIENT_2449,50,Deschamps,F,2024-07-23,2025-10-25,33.32,3,11.11,Email,8,True,3,23,Alimentation,6,46,3,33.32,4,3,1,431,1,A risque
CLIENT_2450,18,CaronBourg,F,2024-12-05,2025-10-21,31811.63,3,10603.88,Email,8,True,5,38,Alimentation,7,50,3,31811.63,4,3,5,435,0,A risque
CLIENT_2451,22,Sainte Genevièvenec,M,2025-07-23,2025-12-09,340.0,3,113.33,Reference,5,True,5,0,Mode,5,1,3,340.0,5,3,4,534,3,Loyal
CLIENT_2452,38,Leconte-sur-Masson,M,2023-06-17,2023-11-30,101.33,1,101.33,Social,15,True,4,732,Maison,7,741,1,101.33,1,1,3,113,4,Dormant
CLIENT_2453,49,Maillard,F,2024-10-14,2025-05-31,54.91,5,10.98,SEA,25,True,3,166,Maison,10,193,5,54.91,3,5,2,352,1,A risque
CLIENT_2454,38,Sanchez,M,2025-03-04,2025-04-29,66.82,2,33.41,SEA,25,True,4,213,Mode,2,225,2,66.82,3,2,2,322,4,Dormant
CLIENT_2455,36,BonninVille,M,2024-09-24,2025-09-04,33.02,4,8.26,Social,15,False,5,95,Alimentation,8,97,4,33.02,4,4,1,441,1,A risque
CLIENT_2456,39,Sainte Genevièvenec,F,2023-02-04,2025-06-19,1776.91,1,1776.91,Email,8,True,5,143,Mode,1,174,1,1776.91,3,1,5,315,0,A risque
CLIENT_2457,62,Delorme,M,2024-05-05,2025-01-15,253.04,5,50.61,SEA,25,False,4,300,Alimentation,6,329,5,253.04,3,5,4,354,1,A risque
CLIENT_2458,25,Sainte Margotboeuf,F,2022-12-25,2024-10-15,198.39,3,66.13,Email,8,False,5,418,Maison,8,421,3,198.39,2,3,4,234,1,A risque
CLIENT_2459,50,Maillard,M,2023-11-16,2024-07-26,77.51,4,19.38,Social,15,False,2,481,Maison,5,502,4,77.51,2,4,3,243,1,A risque
CLIENT_2460,32,Meunier,M,2023-09-11,2025-12-09,46.04,3,15.35,Direct,0,True,3,0,Loisirs,6,1,3,46.04,5,3,2,532,3,Loyal
CLIENT_2461,45,Sainte Christophe,M,2023-11-09,2024-06-30,113.79,5,22.76,Direct,0,False,5,513,Alimentation,9,528,5,113.79,2,5,3,253,1,A risque
CLIENT_2462,68,Gimenez,F,2023-12-01,2024-05-28,46.9,3,15.63,Social,15,False,2,536,Alimentation,3,561,3,46.9,2,3,2,232,1,A risque
CLIENT_2463,34,Gimenez,F,2024-09-09,2025-06-08,230.1,3,76.7,SEA,25,True,4,166,Alimentation,8,185,3,230.1,3,3,4,334,1,A risque
CLIENT_2464,38,Delorme,F,2024-11-02,2025-12-09,290.64,1,290.64,Social,15,True,3,0,Loisirs,8,1,1,290.64,5,1,4,514,2,Potentiel
CLIENT_2465,41,Deschamps,F,2024-12-06,2025-09-27,47.79,1,47.79,SEA,25,True,4,73,Mode,1,74,1,47.79,4,1,2,412,4,Dormant
CLIENT_2466,75,Sainte Margotboeuf,M,2025-09-24,2025-12-09,29308.73,3,9769.58,Social,15,True,5,0,Loisirs,10,1,3,29308.73,5,3,5,535,0,A risque
CLIENT_2467,44,Delorme,M,2024-11-14,2025-03-06,1029.48,2,514.74,Social,15,False,5,253,Mode,5,279,2,1029.48,3,2,5,325,0,A risque
CLIENT_2468,37,Leconte-sur-Masson,F,2025-05-02,2025-12-09,12567.11,3,4189.04,Reference,5,True,5,0,Électronique,2,1,3,12567.11,5,3,5,535,0,A risque
CLIENT_2469,57,Barbenec,M,2025-01-02,2025-06-19,468.2,2,234.1,Email,8,False,5,162,Alimentation,9,174,2,468.2,3,2,5,325,4,Dormant
CLIENT_2470,42,CaronBourg,M,2023-01-22,2023-05-23,881.38,3,293.79,Reference,5,True,5,902,Alimentation,7,932,3,881.38,1,3,5,135,0,A risque
CLIENT_2471,21,Peronnec,M,2023-08-22,2023-12-01,208.45,4,52.11,SEA,25,True,5,709,Maison,4,740,4,208.45,1,4,4,144,1,A risque
CLIENT_2472,46,Peronnec,F,2025-11-19,2025-12-09,11313.71,2,5656.85,Social,15,True,5,0,Maison,9,1,2,11313.71,5,2,5,525,0,A risque
CLIENT_2473,28,Meunier,M,2025-02-08,2025-04-04,48.66,1,48.66,Social,15,True,3,227,Loisirs,4,250,1,48.66,3,1,2,312,4,Dormant
CLIENT_2474,18,Sainte Christophe,F,2023-12-10,2025-11-06,68.75,1,68.75,Reference,5,True,4,25,Loisirs,5,34,1,68.75,4,1,3,413,4,Dormant
CLIENT_2475,23,Deschamps,M,2025-10-19,2025-12-09,35.77,2,17.89,Direct,0,True,3,0,Loisirs,7,1,2,35.77,5,2,1,521,2,Potentiel
CLIENT_2476,41,Techer-la-Forêt,F,2024-04-06,2025-05-17,1450.2,4,362.55,SEA,25,False,4,181,Alimentation,2,207,4,1450.2,3,4,5,345,0,A risque
CLIENT_2477,18,Peronnec,F,2024-03-25,2024-04-22,71.8,5,14.36,Social,15,False,3,593,Électronique,5,597,5,71.8,2,5,3,253,1,A risque
CLIENT_2478,47,Baudry,M,2023-08-16,2023-10-05,374.75,4,93.69,Email,8,True,5,793,Loisirs,5,797,4,374.75,1,4,5,145,1,A risque
CLIENT_2479,38,CaronBourg,M,2024-11-22,2025-01-20,54.34,1,54.34,Social,15,False,3,295,Maison,4,324,1,54.34,3,1,2,312,4,Dormant
CLIENT_2480,53,Perret,M,2023-03-30,2025-12-09,234.39,2,117.19,Social,15,True,4,0,Loisirs,3,1,2,234.39,5,2,4,524,2,Potentiel
CLIENT_2481,46,Sainte Margotboeuf,M,2024-07-20,2025-04-22,443.65,2,221.82,Social,15,False,5,218,Mode,8,232,2,443.65,3,2,5,325,4,Dormant
CLIENT_2482,53,Grenier,M,2024-09-18,2025-04-23,61.98,4,15.49,Social,15,True,3,215,Mode,9,231,4,61.98,3,4,2,342,1,A risque
CLIENT_2483,33,Gimenez,F,2025-01-27,2025-12-09,34.74,4,8.69,Reference,5,True,3,0,Électronique,7,1,4,34.74,5,4,1,541,3,Loyal
CLIENT_2484,38,Delorme,M,2025-07-03,2025-08-06,54.4,2,27.2,Social,15,True,3,113,Électronique,7,126,2,54.4,4,2,2,422,4,Dormant
CLIENT_2485,58,Sainte Christophe,F,2023-07-20,2023-11-23,46.38,2,23.19,Email,8,False,5,744,Mode,4,748,2,46.38,1,2,2,122,4,Dormant
CLIENT_2486,39,Peronnec,F,2025-08-04,2025-10-09,98.14,5,19.63,Email,8,True,4,58,Maison,9,62,5,98.14,4,5,3,453,1,A risque
CLIENT_2487,55,Meunier,F,2023-06-15,2025-09-26,416.13,3,138.71,Reference,5,True,5,49,Maison,4,75,3,416.13,4,3,5,435,0,A risque
CLIENT_2488,37,Barbenec,F,2024-11-25,2025-07-01,1220.31,1,1220.31,Direct,0,False,5,143,Alimentation,8,162,1,1220.31,3,1,5,315,0,A risque
CLIENT_2489,51,Gimenez,M,2025-05-07,2025-05-12,37.97,4,9.49,Social,15,True,4,190,Loisirs,7,212,4,37.97,3,4,1,341,1,A risque
CLIENT_2490,61,Meunier,M,2023-07-02,2024-08-17,143.58,1,143.58,Social,15,True,5,471,Alimentation,7,480,1,143.58,2,1,4,214,4,Dormant
CLIENT_2491,41,Peronnec,F,2023-12-18,2024-10-27,49.65,3,16.55,SEA,25,False,3,381,Maison,2,409,3,49.65,2,3,2,232,1,A risque
CLIENT_2492,25,CaronBourg,M,2023-01-20,2023-01-30,2139.36,3,713.12,SEA,25,True,5,1027,Alimentation,3,1045,3,2139.36,1,3,5,135,0,A risque
CLIENT_2493,49,Deschamps,F,2025-03-18,2025-04-03,58.53,2,29.27,Email,8,False,4,241,Loisirs,5,251,2,58.53,3,2,2,322,4,Dormant
CLIENT_2494,75,Sanchez,F,2024-02-06,2024-08-14,1324.64,6,220.77,Social,15,True,5,479,Maison,4,483,6,1324.64,2,5,5,255,0,A risque
CLIENT_2495,65,Deschamps,F,2025-08-28,2025-11-15,75.89,2,37.95,Social,15,True,2,23,Alimentation,2,25,2,75.89,4,2,3,423,2,Potentiel
CLIENT_2496,48,Deschamps,M,2025-09-29,2025-12-09,882.75,2,441.38,Social,15,True,4,0,Électronique,2,1,2,882.75,5,2,5,525,2,Potentiel
CLIENT_2497,22,BonninVille,M,2025-10-17,2025-12-09,41.59,3,13.86,Email,8,True,5,0,Maison,6,1,3,41.59,5,3,1,531,3,Loyal
CLIENT_2498,73,Peronnec,M,2023-01-05,2023-07-07,32.69,2,16.34,SEA,25,False,3,867,Mode,2,887,2,32.69,1,2,1,121,4,Dormant
CLIENT_2499,50,Deschamps,F,2025-07-24,2025-12-09,47.77,3,15.92,Email,8,False,3,0,Mode,3,1,3,47.77,5,3,2,532,3,Loyal
CLIENT_2500,18,Meunier,F,2024-10-20,2025-12-09,2971.06,3,990.35,Social,15,False,5,0,Alimentation,6,1,3,2971.06,5,3,5,535,0,A risque
CLIENT_2501,20,Deschamps,M,2023-03-09,2024-05-18,109.59,5,21.92,SEA,25,True,3,542,Mode,9,571,5,109.59,2,5,3,253,1,A risque
CLIENT_2502,58,Maillard,F,2025-05-03,2025-07-29,181.5,1,181.5,Email,8,True,4,122,Électronique,5,134,1,181.5,4,1,4,414,4,Dormant
CLIENT_2503,20,Techer-la-Forêt,F,2024-02-24,2025-06-03,4691.37,7,670.2,SEA,25,True,4,164,Alimentation,6,190,7,4691.37,3,5,5,355,0,A risque
CLIENT_2504,19,Sainte Margotboeuf,M,2023-07-16,2025-12-09,104.61,4,26.15,Email,8,True,5,0,Maison,3,1,4,104.61,5,4,3,543,3,Loyal
CLIENT_2505,53,BonninVille,F,2024-12-30,2025-12-09,94.3,2,47.15,SEA,25,True,5,0,Loisirs,2,1,2,94.3,5,2,3,523,2,Potentiel
CLIENT_2506,29,Peronnec,F,2023-06-10,2024-06-14,127.16,3,42.39,SEA,25,False,5,535,Électronique,4,544,3,127.16,2,3,3,233,1,A risque
CLIENT_2507,42,Barbenec,M,2025-10-26,2025-12-09,44.52,5,8.9,Direct,0,False,4,0,Alimentation,6,1,5,44.52,5,5,2,552,3,Loyal
CLIENT_2508,70,Barbenec,M,2023-07-13,2023-08-11,143.88,2,71.94,Social,15,False,3,840,Mode,6,852,2,143.88,1,2,4,124,4,Dormant
CLIENT_2509,48,Techer-la-Forêt,M,2025-11-05,2025-12-09,107.93,3,35.98,Social,15,False,3,0,Mode,7,1,3,107.93,5,3,3,533,3,Loyal
CLIENT_2510,20,Deschamps,F,2025-11-26,2025-12-09,547.81,3,182.6,SEA,25,False,4,0,Loisirs,9,1,3,547.81,5,3,5,535,3,Loyal
CLIENT_2511,48,Techer-la-Forêt,F,2023-01-26,2024-05-16,60.82,2,30.41,SEA,25,False,2,556,Électronique,5,573,2,60.82,2,2,2,222,4,Dormant
CLIENT_2512,26,Baudry,F,2024-11-04,2025-05-01,1437.26,2,718.63,Email,8,False,5,215,Mode,7,223,2,1437.26,3,2,5,325,0,A risque
CLIENT_2513,56,Deschamps,M,2025-07-09,2025-09-17,51.9,1,51.9,Reference,5,False,3,66,Électronique,4,84,1,51.9,4,1,2,412,4,Dormant
CLIENT_2514,45,Maillard,F,2023-03-24,2023-04-08,37.08,1,37.08,Direct,0,True,4,963,Maison,8,977,1,37.08,1,1,1,111,4,Dormant
CLIENT_2515,54,Deschamps,F,2023-05-29,2023-10-04,60.47,5,12.09,Direct,0,True,4,793,Loisirs,2,798,5,60.47,1,5,2,152,1,A risque
CLIENT_2516,33,Barbenec,F,2024-11-16,2025-03-25,39.41,3,13.14,Social,15,True,3,238,Électronique,10,260,3,39.41,3,3,1,331,1,A risque
CLIENT_2517,57,Gimenez,F,2025-07-14,2025-12-09,31.6,5,6.32,Email,8,True,4,0,Maison,1,1,5,31.6,5,5,1,551,3,Loyal
CLIENT_2518,27,Baudry,F,2025-01-13,2025-09-02,48.28,3,16.09,Email,8,True,1,87,Maison,6,99,3,48.28,4,3,2,432,1,A risque
CLIENT_2519,69,Maillard,M,2025-07-22,2025-12-09,436.01,5,87.2,Direct,0,True,5,0,Loisirs,10,1,5,436.01,5,5,5,555,3,Loyal
CLIENT_2520,20,Hubert,F,2025-09-06,2025-12-09,208.41,3,69.47,Social,15,True,3,0,Électronique,5,1,3,208.41,5,3,4,534,3,Loyal
CLIENT_2521,48,Meunier,F,2023-08-26,2023-09-16,72.86,1,72.86,SEA,25,True,5,797,Alimentation,2,816,1,72.86,1,1,3,113,4,Dormant
CLIENT_2522,54,Meunier,M,2023-07-27,2025-12-09,136.55,5,27.31,Direct,0,False,3,0,Loisirs,3,1,5,136.55,5,5,4,554,3,Loyal
CLIENT_2523,33,Sanchez,F,2023-04-06,2023-07-16,207.28,1,207.28,Direct,0,True,3,850,Mode,3,878,1,207.28,1,1,4,114,4,Dormant
CLIENT_2524,45,Meunier,F,2023-04-25,2023-08-09,97.82,3,32.61,Reference,5,False,2,852,Électronique,10,854,3,97.82,1,3,3,133,1,A risque
CLIENT_2525,44,Perret,F,2024-12-07,2025-12-09,101.4,2,50.7,Social,15,True,4,0,Alimentation,1,1,2,101.4,5,2,3,523,2,Potentiel
CLIENT_2526,27,BonninVille,F,2023-04-29,2024-01-21,930.82,3,310.27,Email,8,True,4,679,Alimentation,1,689,3,930.82,1,3,5,135,0,A risque
CLIENT_2527,48,Deschamps,M,2023-04-26,2023-09-07,77.6,2,38.8,Social,15,False,4,820,Alimentation,4,825,2,77.6,1,2,3,123,4,Dormant
CLIENT_2528,40,Leconte-sur-Masson,F,2024-06-17,2024-08-05,33.0,4,8.25,Direct,0,False,1,486,Mode,4,492,4,33.0,2,4,1,241,1,A risque
CLIENT_2529,47,Sanchez,F,2024-01-03,2025-12-09,39.33,2,19.66,Social,15,True,5,0,Maison,8,1,2,39.33,5,2,1,521,2,Potentiel
CLIENT_2530,52,Deschamps,M,2025-09-29,2025-12-09,77.06,5,15.41,SEA,25,False,3,0,Maison,3,1,5,77.06,5,5,3,553,3,Loyal
CLIENT_2531,45,Baudry,M,2024-09-25,2025-01-25,197.26,2,98.63,Social,15,False,5,315,Mode,4,319,2,197.26,3,2,4,324,4,Dormant
CLIENT_2532,18,Perret,F,2023-01-16,2023-03-19,62.64,3,20.88,Social,15,True,4,991,Électronique,1,997,3,62.64,1,3,2,132,1,A risque
CLIENT_2533,18,Hubert,M,2023-10-27,2025-07-30,68.97,4,17.24,Reference,5,False,2,127,Loisirs,2,133,4,68.97,4,4,3,443,1,A risque
CLIENT_2534,20,Sainte Christophe,F,2025-08-15,2025-10-29,396.4,2,198.2,Email,8,False,3,32,Électronique,10,42,2,396.4,4,2,5,425,4,Dormant
CLIENT_2535,38,Maillard,M,2024-07-18,2024-11-21,79.03,2,39.52,Social,15,False,5,382,Électronique,4,384,2,79.03,3,2,3,323,4,Dormant
CLIENT_2536,42,Hubert,M,2023-01-28,2023-04-15,33.07,6,5.51,Social,15,False,5,967,Loisirs,2,970,6,33.07,1,5,1,151,1,A risque
CLIENT_2537,23,Sainte Margotboeuf,F,2024-11-10,2025-02-06,66.93,7,9.56,Social,15,True,4,280,Alimentation,10,307,7,66.93,3,5,2,352,1,A risque
CLIENT_2538,33,Maillard,F,2024-09-06,2024-09-08,249.47,1,249.47,Email,8,False,4,452,Loisirs,3,458,1,249.47,2,1,4,214,4,Dormant
CLIENT_2539,38,Sainte Margotboeuf,F,2023-11-07,2023-11-11,37.57,1,37.57,Social,15,True,4,758,Mode,5,760,1,37.57,1,1,1,111,4,Dormant
CLIENT_2540,51,CaronBourg,F,2024-11-05,2025-12-09,156.22,3,52.07,SEA,25,True,3,0,Maison,7,1,3,156.22,5,3,4,534,3,Loyal
CLIENT_2541,35,Perret,F,2022-12-27,2024-06-01,160.49,1,160.49,Social,15,True,5,540,Mode,3,557,1,160.49,2,1,4,214,4,Dormant
CLIENT_2542,55,CaronBourg,M,2024-11-20,2025-06-07,42.44,4,10.61,Direct,0,False,4,166,Mode,8,186,4,42.44,3,4,1,341,1,A risque
CLIENT_2543,34,Meunier,M,2025-01-17,2025-03-31,35.91,2,17.95,Social,15,False,4,240,Maison,8,254,2,35.91,3,2,1,321,4,Dormant
CLIENT_2544,35,Gimenez,M,2025-08-31,2025-10-06,56.93,1,56.93,Social,15,True,5,52,Alimentation,3,65,1,56.93,4,1,2,412,4,Dormant
CLIENT_2545,31,Sainte Christophe,F,2024-04-27,2024-05-18,45.81,4,11.45,SEA,25,True,4,545,Mode,7,571,4,45.81,2,4,2,242,1,A risque
CLIENT_2546,31,Maillard,M,2024-04-24,2024-09-23,279.22,1,279.22,SEA,25,True,4,419,Loisirs,1,443,1,279.22,2,1,4,214,4,Dormant
CLIENT_2547,44,Leconte-sur-Masson,F,2025-07-20,2025-12-09,112.44,4,28.11,Direct,0,True,5,0,Électronique,9,1,4,112.44,5,4,3,543,3,Loyal
CLIENT_2548,47,Sanchez,F,2023-05-07,2023-07-21,58.9,3,19.63,SEA,25,True,3,870,Électronique,3,873,3,58.9,1,3,2,132,1,A risque
CLIENT_2549,64,Sainte Margotboeuf,F,2025-05-05,2025-12-09,331.01,3,110.34,Direct,0,True,4,0,Alimentation,1,1,3,331.01,5,3,4,534,3,Loyal
CLIENT_2550,44,Sainte Genevièvenec,M,2023-05-13,2024-05-11,161.73,4,40.43,SEA,25,True,3,561,Électronique,5,578,4,161.73,2,4,4,244,1,A risque
CLIENT_2551,20,Techer-la-Forêt,F,2024-01-05,2024-06-13,3095.22,4,773.8,SEA,25,True,5,514,Loisirs,7,545,4,3095.22,2,4,5,245,0,A risque
CLIENT_2552,33,Deschamps,F,2025-07-02,2025-12-09,259.18,5,51.84,Direct,0,True,3,0,Électronique,5,1,5,259.18,5,5,4,554,3,Loyal
CLIENT_2553,19,Leconte-sur-Masson,F,2025-06-01,2025-12-09,83.67,2,41.84,Email,8,False,5,0,Loisirs,9,1,2,83.67,5,2,3,523,2,Potentiel
CLIENT_2554,35,Leconte-sur-Masson,M,2023-04-07,2024-09-23,32.3,2,16.15,Direct,0,True,3,440,Alimentation,8,443,2,32.3,2,2,1,221,4,Dormant
CLIENT_2555,49,Sainte Genevièvenec,F,2024-03-14,2024-06-06,132.18,4,33.05,Email,8,True,3,546,Alimentation,6,552,4,132.18,2,4,4,244,1,A risque
CLIENT_2556,54,Perret,F,2023-05-22,2023-09-01,199.01,3,66.34,Social,15,True,5,821,Loisirs,3,831,3,199.01,1,3,4,134,1,A risque
CLIENT_2557,36,Techer-la-Forêt,F,2023-04-26,2024-02-21,6029.08,7,861.3,Email,8,True,5,647,Alimentation,7,658,7,6029.08,1,5,5,155,0,A risque
CLIENT_2558,51,Peronnec,M,2023-10-27,2023-11-07,408.37,5,81.67,Reference,5,True,5,756,Maison,1,764,5,408.37,1,5,5,155,1,A risque
CLIENT_2559,41,Delorme,F,2024-11-21,2025-01-18,115.65,1,115.65,Email,8,True,5,300,Alimentation,7,326,1,115.65,3,1,3,313,4,Dormant
CLIENT_2560,18,BonninVille,F,2023-07-20,2024-12-30,117.86,4,29.46,Social,15,True,3,343,Mode,10,345,4,117.86,3,4,3,343,1,A risque
CLIENT_2561,31,Leconte-sur-Masson,F,2025-08-08,2025-09-20,45.49,3,15.16,Social,15,True,4,55,Alimentation,8,81,3,45.49,4,3,2,432,1,A risque
CLIENT_2562,43,Sanchez,M,2024-06-21,2024-09-18,69.1,4,17.27,Reference,5,True,3,428,Alimentation,8,448,4,69.1,2,4,3,243,1,A risque
CLIENT_2563,39,Deschamps,M,2023-10-08,2024-09-03,374.16,6,62.36,Email,8,False,4,442,Électronique,3,463,6,374.16,2,5,5,255,1,A risque
CLIENT_2564,18,Techer-la-Forêt,F,2023-03-25,2023-05-24,2049.71,3,683.24,SEA,25,True,5,911,Électronique,8,931,3,2049.71,1,3,5,135,0,A risque
CLIENT_2565,42,Perret,F,2023-03-09,2023-03-12,89.14,5,17.83,Email,8,True,2,999,Électronique,1,1004,5,89.14,1,5,3,153,1,A risque
CLIENT_2566,37,Delorme,M,2025-04-28,2025-12-09,71.21,1,71.21,SEA,25,True,1,0,Alimentation,9,1,1,71.21,5,1,3,513,2,Potentiel
CLIENT_2567,49,Perret,F,2024-10-26,2025-01-02,57.86,3,19.29,SEA,25,True,4,337,Électronique,5,342,3,57.86,3,3,2,332,1,A risque
CLIENT_2568,50,Sanchez,M,2024-06-12,2024-11-20,1853.52,5,370.7,Direct,0,False,5,362,Mode,1,385,5,1853.52,3,5,5,355,0,A risque
CLIENT_2569,36,Barbenec,F,2025-01-09,2025-12-09,1775.22,4,443.81,SEA,25,False,5,0,Électronique,7,1,4,1775.22,5,4,5,545,0,A risque
CLIENT_2570,31,CaronBourg,M,2025-02-01,2025-12-09,55.3,2,27.65,Social,15,True,3,0,Électronique,1,1,2,55.3,5,2,2,522,2,Potentiel
CLIENT_2571,41,Sainte Christophe,M,2024-11-25,2025-12-06,109.26,5,21.85,Direct,0,True,3,0,Maison,3,4,5,109.26,4,5,3,453,3,Loyal
CLIENT_2572,35,Perret,F,2023-04-30,2023-11-04,1567.51,5,313.5,Direct,0,False,5,741,Électronique,1,767,5,1567.51,1,5,5,155,0,A risque
CLIENT_2573,35,Maillard,M,2024-11-30,2025-04-11,1862.47,8,232.81,Direct,0,True,5,229,Alimentation,2,243,8,1862.47,3,5,5,355,0,A risque
CLIENT_2574,52,Techer-la-Forêt,F,2025-02-02,2025-10-14,37.51,4,9.38,Email,8,True,5,55,Mode,4,57,4,37.51,4,4,1,441,1,A risque
CLIENT_2575,38,Peronnec,F,2023-04-15,2024-07-20,65.42,2,32.71,Email,8,True,4,488,Alimentation,9,508,2,65.42,2,2,2,222,4,Dormant
CLIENT_2576,34,Peronnec,F,2023-03-26,2023-04-11,136.6,1,136.6,Social,15,False,4,961,Alimentation,1,974,1,136.6,1,1,4,114,4,Dormant
CLIENT_2577,32,BonninVille,F,2025-05-03,2025-05-03,7514.71,1,7514.71,Social,15,True,5,197,Électronique,7,221,1,7514.71,3,1,5,315,0,A risque
CLIENT_2578,31,Sanchez,F,2024-05-13,2024-06-08,30.47,3,10.16,Direct,0,True,3,546,Alimentation,7,550,3,30.47,2,3,1,231,1,A risque
CLIENT_2579,18,Hubert,F,2024-07-05,2025-05-17,30.71,3,10.24,Social,15,False,4,197,Mode,7,207,3,30.71,3,3,1,331,1,A risque
CLIENT_2580,35,Grenier,F,2024-05-17,2024-11-22,694.54,2,347.27,Social,15,True,5,362,Alimentation,7,383,2,694.54,3,2,5,325,0,A risque
CLIENT_2581,52,Leconte-sur-Masson,M,2025-11-11,2025-12-09,46.95,1,46.95,Direct,0,True,4,0,Mode,4,1,1,46.95,5,1,2,512,2,Potentiel
CLIENT_2582,33,Delorme,F,2024-01-04,2024-06-17,484.52,4,121.13,Email,8,True,4,531,Électronique,4,541,4,484.52,2,4,5,245,1,A risque
CLIENT_2583,40,Baudry,M,2025-09-25,2025-12-06,60.15,4,15.04,Reference,5,False,4,3,Maison,5,4,4,60.15,4,4,2,442,3,Loyal
CLIENT_2584,64,Sainte Genevièvenec,F,2023-11-16,2023-11-23,68.43,1,68.43,Social,15,True,4,737,Maison,1,748,1,68.43,1,1,2,112,4,Dormant
CLIENT_2585,42,Sanchez,F,2024-10-11,2025-10-26,442.64,2,221.32,SEA,25,False,3,25,Maison,1,45,2,442.64,4,2,5,425,4,Dormant
CLIENT_2586,42,Deschamps,M,2024-05-26,2025-12-09,206.74,1,206.74,Direct,0,False,5,0,Maison,6,1,1,206.74,5,1,4,514,2,Potentiel
CLIENT_2587,32,Sanchez,F,2023-05-16,2024-01-29,33.22,3,11.07,Social,15,False,3,674,Alimentation,6,681,3,33.22,1,3,1,131,1,A risque
CLIENT_2588,27,Delorme,F,2022-12-24,2023-02-21,32.74,5,6.55,SEA,25,True,4,995,Maison,9,1023,5,32.74,1,5,1,151,1,A risque
CLIENT_2589,53,Sanchez,F,2025-06-15,2025-12-09,2684.39,3,894.8,Direct,0,False,4,0,Maison,4,1,3,2684.39,5,3,5,535,0,A risque
CLIENT_2590,41,Sainte Margotboeuf,F,2025-11-12,2025-12-07,171.92,1,171.92,SEA,25,True,5,0,Électronique,7,3,1,171.92,4,1,4,414,2,Potentiel
CLIENT_2591,45,Grenier,F,2024-08-19,2025-02-24,370.8,3,123.6,SEA,25,True,3,279,Électronique,9,289,3,370.8,3,3,4,334,1,A risque
CLIENT_2592,39,Deschamps,F,2024-08-24,2025-07-29,118.71,6,19.79,Social,15,True,4,126,Alimentation,9,134,6,118.71,4,5,3,453,1,A risque
CLIENT_2593,36,Barbenec,F,2025-10-03,2025-12-09,154.02,3,51.34,Social,15,False,2,0,Mode,4,1,3,154.02,5,3,4,534,3,Loyal
CLIENT_2594,28,Sanchez,M,2024-06-12,2025-12-08,108.98,3,36.33,Email,8,True,3,0,Alimentation,10,2,3,108.98,4,3,3,433,3,Loyal
CLIENT_2595,41,Meunier,F,2023-12-21,2025-02-09,531.57,5,106.31,SEA,25,True,5,303,Alimentation,9,304,5,531.57,3,5,5,355,1,A risque
CLIENT_2596,48,Meunier,F,2024-06-19,2024-12-12,104.31,5,20.86,SEA,25,False,4,359,Alimentation,9,363,5,104.31,3,5,3,353,1,A risque
CLIENT_2597,36,Leconte-sur-Masson,M,2024-03-27,2024-10-30,46.16,2,23.08,SEA,25,False,4,401,Alimentation,4,406,2,46.16,2,2,2,222,4,Dormant
CLIENT_2598,44,Sainte Margotboeuf,F,2024-06-03,2025-05-29,7719.89,4,1929.97,SEA,25,False,5,182,Alimentation,10,195,4,7719.89,3,4,5,345,0,A risque
CLIENT_2599,58,Deschamps,F,2023-05-18,2023-07-11,46.53,5,9.31,Email,8,True,5,865,Mode,8,883,5,46.53,1,5,2,152,1,A risque
CLIENT_2600,51,Meunier,M,2025-10-21,2025-12-09,108.75,5,21.75,Reference,5,True,5,0,Électronique,6,1,5,108.75,5,5,3,553,3,Loyal
CLIENT_2601,46,Baudry,F,2023-06-17,2023-08-28,73.17,4,18.29,Email,8,False,4,822,Électronique,7,835,4,73.17,1,4,3,143,1,A risque
CLIENT_2602,46,Sainte Christophe,M,2025-06-07,2025-12-09,643.54,5,128.71,Direct,0,True,5,0,Alimentation,3,1,5,643.54,5,5,5,555,3,Loyal
CLIENT_2603,32,Leconte-sur-Masson,F,2023-10-11,2024-05-13,3759.41,3,1253.14,Reference,5,False,5,559,Maison,1,576,3,3759.41,2,3,5,235,0,A risque
CLIENT_2604,31,Meunier,M,2025-06-29,2025-12-09,1485.44,3,495.15,SEA,25,True,5,0,Mode,9,1,3,1485.44,5,3,5,535,0,A risque
CLIENT_2605,51,Delorme,F,2023-05-26,2024-02-24,2389.1,5,477.82,Direct,0,False,5,652,Électronique,4,655,5,2389.1,1,5,5,155,0,A risque
CLIENT_2606,75,Sainte Margotboeuf,M,2025-03-03,2025-12-09,178.95,4,44.74,Email,8,False,5,0,Électronique,4,1,4,178.95,5,4,4,544,3,Loyal
CLIENT_2607,50,Delorme,M,2023-11-20,2024-03-22,81.76,4,20.44,Social,15,True,5,614,Alimentation,9,628,4,81.76,2,4,3,243,1,A risque
CLIENT_2608,39,Gimenez,F,2024-09-25,2025-12-09,64.6,2,32.3,Email,8,True,5,0,Maison,10,1,2,64.6,5,2,2,522,2,Potentiel
CLIENT_2609,21,Sainte Genevièvenec,F,2024-06-28,2024-12-17,120.54,3,40.18,Reference,5,True,3,349,Alimentation,1,358,3,120.54,3,3,3,333,1,A risque
CLIENT_2610,62,Delorme,M,2025-08-01,2025-12-09,33.33,2,16.66,Social,15,False,3,0,Mode,1,1,2,33.33,5,2,1,521,2,Potentiel
CLIENT_2611,40,Barbenec,F,2025-01-04,2025-05-30,67.99,2,33.99,Direct,0,False,3,186,Électronique,5,194,2,67.99,3,2,2,322,4,Dormant
CLIENT_2612,38,Gimenez,F,2025-05-12,2025-05-28,153.81,4,38.45,Social,15,False,5,193,Alimentation,7,196,4,153.81,3,4,4,344,1,A risque
CLIENT_2613,18,Gimenez,F,2024-12-08,2025-05-06,78.26,4,19.57,Social,15,True,3,189,Maison,6,218,4,78.26,3,4,3,343,1,A risque
CLIENT_2614,27,Sainte Genevièvenec,F,2025-08-28,2025-12-09,51.56,3,17.19,Email,8,False,2,0,Électronique,1,1,3,51.56,5,3,2,532,3,Loyal
CLIENT_2615,42,Deschamps,F,2024-03-14,2024-09-12,30.58,2,15.29,Direct,0,False,4,433,Maison,10,454,2,30.58,2,2,1,221,4,Dormant
CLIENT_2616,37,Peronnec,F,2025-07-18,2025-12-09,51.28,3,17.09,SEA,25,True,4,0,Loisirs,2,1,3,51.28,5,3,2,532,3,Loyal
CLIENT_2617,29,Sanchez,M,2023-03-22,2025-12-09,99.03,1,99.03,Direct,0,True,4,0,Mode,9,1,1,99.03,5,1,3,513,2,Potentiel
CLIENT_2618,37,Baudry,M,2023-09-15,2024-03-25,4001.31,4,1000.33,SEA,25,True,5,620,Alimentation,10,625,4,4001.31,2,4,5,245,0,A risque
CLIENT_2619,27,Barbenec,M,2024-06-29,2024-12-12,109.06,2,54.53,Reference,5,True,4,332,Mode,5,363,2,109.06,3,2,3,323,4,Dormant
CLIENT_2620,46,Deschamps,F,2025-05-16,2025-06-25,47.53,1,47.53,Reference,5,True,3,162,Maison,9,168,1,47.53,3,1,2,312,4,Dormant
CLIENT_2621,20,Deschamps,F,2024-11-01,2024-12-18,1068.72,2,534.36,Social,15,True,5,334,Alimentation,1,357,2,1068.72,3,2,5,325,0,A risque
CLIENT_2622,50,Perret,F,2024-02-11,2024-08-11,279.06,5,55.81,Reference,5,False,5,457,Loisirs,4,486,5,279.06,2,5,4,254,1,A risque
CLIENT_2623,24,CaronBourg,F,2025-03-02,2025-03-21,79.56,1,79.56,Reference,5,True,3,253,Maison,9,264,1,79.56,3,1,3,313,4,Dormant
CLIENT_2624,60,Deschamps,M,2025-06-16,2025-09-12,39.88,2,19.94,Direct,0,False,1,84,Électronique,7,89,2,39.88,4,2,1,421,4,Dormant
CLIENT_2625,35,Barbenec,M,2024-08-01,2024-12-09,192.69,3,64.23,Direct,0,True,5,354,Maison,10,366,3,192.69,3,3,4,334,1,A risque
CLIENT_2626,48,Perret,M,2024-10-17,2025-02-18,272.94,2,136.47,SEA,25,False,4,284,Électronique,6,295,2,272.94,3,2,4,324,4,Dormant
CLIENT_2627,39,Baudry,M,2023-01-16,2024-09-22,4749.83,1,4749.83,Social,15,False,5,435,Loisirs,10,444,1,4749.83,2,1,5,215,0,A risque
CLIENT_2628,49,Hubert,F,2024-02-13,2024-11-27,95.31,4,23.83,Email,8,False,3,357,Maison,1,378,4,95.31,3,4,3,343,1,A risque
CLIENT_2629,61,Barbenec,M,2025-11-17,2025-12-09,582.25,1,582.25,SEA,25,True,3,0,Loisirs,8,1,1,582.25,5,1,5,515,2,Potentiel
CLIENT_2630,25,Techer-la-Forêt,M,2025-06-13,2025-12-09,53.37,2,26.68,Social,15,False,3,0,Maison,10,1,2,53.37,5,2,2,522,2,Potentiel
CLIENT_2631,32,Maillard,F,2024-02-22,2024-04-17,31.57,5,6.31,Direct,0,False,3,594,Maison,10,602,5,31.57,2,5,1,251,1,A risque
CLIENT_2632,39,Grenier,M,2022-12-11,2023-05-02,2217.95,5,443.59,Direct,0,True,5,942,Électronique,1,953,5,2217.95,1,5,5,155,0,A risque
CLIENT_2633,21,Deschamps,F,2025-07-17,2025-12-09,241.97,2,120.98,Reference,5,True,5,0,Électronique,1,1,2,241.97,5,2,4,524,2,Potentiel
CLIENT_2634,29,CaronBourg,M,2023-09-13,2024-07-04,42.12,3,14.04,Email,8,False,4,519,Maison,9,524,3,42.12,2,3,1,231,1,A risque
CLIENT_2635,37,Sanchez,M,2023-02-11,2023-08-01,147.31,3,49.1,Social,15,False,5,839,Loisirs,9,862,3,147.31,1,3,4,134,1,A risque
CLIENT_2636,39,Barbenec,F,2023-05-03,2024-10-08,95.6,3,31.87,Reference,5,True,3,408,Électronique,7,428,3,95.6,2,3,3,233,1,A risque
CLIENT_2637,57,Gimenez,M,2024-10-14,2025-07-19,694.07,3,231.36,Social,15,False,3,125,Loisirs,8,144,3,694.07,4,3,5,435,0,A risque
CLIENT_2638,18,Leconte-sur-Masson,F,2023-06-15,2023-06-21,81.37,2,40.69,Social,15,True,5,873,Électronique,5,903,2,81.37,1,2,3,123,4,Dormant
CLIENT_2639,30,BonninVille,F,2023-03-14,2024-11-03,105.94,4,26.48,Reference,5,True,3,395,Maison,10,402,4,105.94,2,4,3,243,1,A risque
CLIENT_2640,46,Baudry,M,2024-10-17,2025-05-12,138.37,5,27.67,Email,8,False,3,196,Électronique,8,212,5,138.37,3,5,4,354,1,A risque
CLIENT_2641,71,Deschamps,M,2024-06-26,2025-02-07,3333.88,3,1111.29,SEA,25,False,5,305,Mode,10,306,3,3333.88,3,3,5,335,0,A risque
CLIENT_2642,35,Barbenec,F,2023-06-29,2025-02-13,105.75,5,21.15,SEA,25,True,4,288,Électronique,3,300,5,105.75,3,5,3,353,1,A risque
CLIENT_2643,18,CaronBourg,F,2025-01-31,2025-06-07,160.17,1,160.17,Social,15,False,3,179,Alimentation,9,186,1,160.17,3,1,4,314,4,Dormant
CLIENT_2644,18,Sainte Genevièvenec,F,2024-11-12,2025-10-03,446.16,6,74.36,Direct,0,False,3,55,Mode,1,68,6,446.16,4,5,5,455,1,A risque
CLIENT_2645,44,Sainte Christophe,M,2024-09-18,2025-12-09,223.95,5,44.79,Reference,5,True,3,0,Mode,4,1,5,223.95,5,5,4,554,3,Loyal
CLIENT_2646,34,Sanchez,M,2023-05-01,2024-02-08,53.77,2,26.89,Social,15,True,3,653,Alimentation,3,671,2,53.77,1,2,2,122,4,Dormant
CLIENT_2647,33,Leconte-sur-Masson,M,2024-02-04,2024-06-27,37.74,3,12.58,SEA,25,True,4,508,Mode,7,531,3,37.74,2,3,1,231,1,A risque
CLIENT_2648,39,Sainte Margotboeuf,F,2024-10-29,2025-12-09,847.68,3,282.56,Email,8,False,5,0,Mode,3,1,3,847.68,5,3,5,535,3,Loyal
CLIENT_2649,27,Peronnec,F,2023-06-11,2023-07-28,271.46,3,90.49,Social,15,True,3,862,Alimentation,8,866,3,271.46,1,3,4,134,1,A risque
CLIENT_2650,30,Hubert,M,2024-03-23,2024-05-05,82.98,1,82.98,Email,8,True,4,561,Maison,5,584,1,82.98,2,1,3,213,4,Dormant
CLIENT_2651,37,Techer-la-Forêt,M,2025-06-19,2025-12-09,70.03,5,14.01,Social,15,False,5,0,Loisirs,6,1,5,70.03,5,5,3,553,3,Loyal
CLIENT_2652,52,Deschamps,M,2024-03-09,2024-10-15,50.14,5,10.03,Email,8,True,4,417,Alimentation,3,421,5,50.14,2,5,2,252,1,A risque
CLIENT_2653,42,Hubert,F,2025-05-19,2025-12-09,54.35,1,54.35,SEA,25,False,4,0,Loisirs,5,1,1,54.35,5,1,2,512,2,Potentiel
CLIENT_2654,25,Baudry,M,2023-08-06,2025-05-18,91.28,4,22.82,Reference,5,True,4,197,Mode,2,206,4,91.28,3,4,3,343,1,A risque
CLIENT_2655,19,Leconte-sur-Masson,F,2024-11-09,2025-02-19,119.27,1,119.27,SEA,25,False,4,282,Maison,5,294,1,119.27,3,1,3,313,4,Dormant
CLIENT_2656,33,Sainte Genevièvenec,M,2023-06-04,2023-11-17,574.56,1,574.56,Email,8,True,3,753,Loisirs,7,754,1,574.56,1,1,5,115,4,Dormant
CLIENT_2657,44,Barbenec,M,2023-11-16,2024-09-14,68.98,4,17.25,Email,8,False,3,429,Mode,1,452,4,68.98,2,4,3,243,1,A risque
CLIENT_2658,40,Maillard,F,2023-05-29,2023-08-17,83.71,8,10.46,Direct,0,False,5,820,Maison,10,846,8,83.71,1,5,3,153,1,A risque
CLIENT_2659,46,CaronBourg,M,2023-02-16,2023-07-21,41.45,5,8.29,Social,15,False,4,845,Maison,6,873,5,41.45,1,5,1,151,1,A risque
CLIENT_2660,21,Sainte Christophe,F,2023-02-25,2023-05-25,2410.35,1,2410.35,Direct,0,True,5,925,Électronique,3,930,1,2410.35,1,1,5,115,0,A risque
CLIENT_2661,21,Deschamps,F,2024-06-03,2025-08-28,77.46,1,77.46,Social,15,False,3,87,Loisirs,8,104,1,77.46,4,1,3,413,4,Dormant
CLIENT_2662,50,Hubert,F,2025-01-07,2025-07-22,220.63,2,110.31,Direct,0,True,5,123,Maison,4,141,2,220.63,4,2,4,424,4,Dormant
CLIENT_2663,49,Deschamps,F,2024-04-09,2025-12-09,35.77,3,11.92,Social,15,True,4,0,Électronique,5,1,3,35.77,5,3,1,531,3,Loyal
CLIENT_2664,61,Meunier,M,2025-08-02,2025-12-09,69.44,6,11.57,SEA,25,True,3,0,Maison,5,1,6,69.44,5,5,3,553,3,Loyal
CLIENT_2665,24,CaronBourg,F,2025-07-29,2025-12-09,215.6,3,71.87,Social,15,False,5,0,Alimentation,8,1,3,215.6,5,3,4,534,3,Loyal
CLIENT_2666,46,Maillard,F,2024-01-19,2024-06-02,42.4,2,21.2,Direct,0,False,4,534,Mode,2,556,2,42.4,2,2,1,221,4,Dormant
CLIENT_2667,36,Leconte-sur-Masson,M,2024-03-01,2025-10-27,8444.57,3,2814.86,Email,8,True,5,21,Électronique,2,44,3,8444.57,4,3,5,435,0,A risque
CLIENT_2668,36,CaronBourg,F,2023-07-22,2023-08-01,955.9,3,318.63,Reference,5,True,5,847,Mode,3,862,3,955.9,1,3,5,135,0,A risque
CLIENT_2669,33,Barbenec,F,2024-08-05,2024-10-05,30.39,1,30.39,SEA,25,True,3,417,Mode,1,431,1,30.39,2,1,1,211,4,Dormant
CLIENT_2670,29,Deschamps,M,2025-07-06,2025-12-02,120.86,1,120.86,SEA,25,True,4,0,Mode,5,8,1,120.86,4,1,3,413,2,Potentiel
CLIENT_2671,32,CaronBourg,M,2024-01-24,2024-04-22,353.46,1,353.46,Social,15,False,3,593,Mode,7,597,1,353.46,2,1,4,214,4,Dormant
CLIENT_2672,64,Grenier,F,2024-09-15,2024-11-18,800.7,1,800.7,Social,15,True,5,357,Loisirs,4,387,1,800.7,3,1,5,315,4,Dormant
CLIENT_2673,23,BonninVille,F,2024-10-17,2025-04-21,143.26,3,47.75,SEA,25,True,4,213,Alimentation,9,233,3,143.26,3,3,4,334,1,A risque
CLIENT_2674,42,Maillard,M,2024-08-24,2025-03-29,393.15,4,98.29,Direct,0,False,5,245,Mode,1,256,4,393.15,3,4,5,345,1,A risque
CLIENT_2675,46,Deschamps,F,2024-06-20,2024-09-21,124.84,2,62.42,Direct,0,True,5,431,Loisirs,6,445,2,124.84,2,2,3,223,4,Dormant
CLIENT_2676,23,Sanchez,F,2023-05-16,2023-08-22,43.86,5,8.77,Email,8,True,4,821,Mode,6,841,5,43.86,1,5,2,152,1,A risque
CLIENT_2677,50,Deschamps,M,2023-01-03,2024-10-13,71.2,3,23.73,Reference,5,False,4,418,Maison,4,423,3,71.2,2,3,3,233,1,A risque
CLIENT_2678,46,Peronnec,M,2023-09-30,2024-02-04,56.14,1,56.14,Email,8,True,3,672,Mode,2,675,1,56.14,1,1,2,112,4,Dormant
CLIENT_2679,55,Gimenez,M,2023-12-26,2024-06-25,67.04,5,13.41,SEA,25,False,4,527,Loisirs,9,533,5,67.04,2,5,2,252,1,A risque
CLIENT_2680,29,Delorme,M,2025-08-06,2025-08-17,1666.96,5,333.39,Social,15,True,5,91,Mode,3,115,5,1666.96,4,5,5,455,0,A risque
CLIENT_2681,41,Peronnec,M,2025-03-21,2025-06-27,95.26,3,31.75,Social,15,True,4,159,Alimentation,3,166,3,95.26,3,3,3,333,1,A risque
CLIENT_2682,42,Sainte Genevièvenec,F,2025-11-16,2025-12-09,2683.16,4,670.79,Email,8,True,5,0,Maison,8,1,4,2683.16,5,4,5,545,0,A risque
CLIENT_2683,18,Deschamps,F,2023-11-23,2025-01-18,11938.7,6,1989.78,Social,15,False,5,296,Maison,10,326,6,11938.7,3,5,5,355,0,A risque
CLIENT_2684,36,CaronBourg,F,2025-10-27,2025-12-09,36.11,1,36.11,Reference,5,True,3,0,Mode,6,1,1,36.11,5,1,1,511,2,Potentiel
CLIENT_2685,42,Hubert,M,2024-10-26,2025-05-07,57.54,1,57.54,Email,8,False,3,212,Alimentation,8,217,1,57.54,3,1,2,312,4,Dormant
CLIENT_2686,38,Grenier,M,2023-06-05,2024-03-17,202.81,3,67.6,Email,8,False,4,618,Maison,6,633,3,202.81,2,3,4,234,1,A risque
CLIENT_2687,36,Sainte Margotboeuf,F,2024-09-08,2025-08-12,37.2,3,12.4,Social,15,False,2,116,Alimentation,10,120,3,37.2,4,3,1,431,1,A risque
CLIENT_2688,22,Gimenez,F,2025-07-26,2025-12-09,38.8,2,19.4,Email,8,True,2,0,Électronique,8,1,2,38.8,5,2,1,521,2,Potentiel
CLIENT_2689,56,Gimenez,F,2025-08-13,2025-12-09,33.15,3,11.05,SEA,25,True,4,0,Mode,4,1,3,33.15,5,3,1,531,3,Loyal
CLIENT_2690,23,Delorme,M,2024-11-16,2025-07-14,37.51,3,12.5,Email,8,False,5,142,Mode,1,149,3,37.51,3,3,1,331,1,A risque
CLIENT_2691,38,Sainte Genevièvenec,F,2023-12-12,2025-10-13,70.4,1,70.4,Direct,0,True,4,39,Loisirs,7,58,1,70.4,4,1,3,413,4,Dormant
CLIENT_2692,31,Techer-la-Forêt,M,2025-02-05,2025-02-08,75.39,4,18.85,Email,8,True,3,275,Mode,10,305,4,75.39,3,4,3,343,1,A risque
CLIENT_2693,18,Deschamps,F,2023-01-12,2023-05-25,36.59,2,18.3,Reference,5,False,4,905,Alimentation,3,930,2,36.59,1,2,1,121,4,Dormant
CLIENT_2694,36,Grenier,F,2025-01-22,2025-02-21,46.94,6,7.82,Social,15,True,3,276,Maison,4,292,6,46.94,3,5,2,352,1,A risque
CLIENT_2695,36,Gimenez,F,2023-06-28,2024-03-30,5491.57,1,5491.57,Social,15,True,5,619,Mode,6,620,1,5491.57,2,1,5,215,0,A risque
CLIENT_2696,49,Leconte-sur-Masson,M,2023-11-22,2023-12-28,35.46,2,17.73,Reference,5,False,5,711,Loisirs,7,713,2,35.46,1,2,1,121,4,Dormant
CLIENT_2697,25,CaronBourg,M,2025-03-25,2025-12-09,32.61,1,32.61,Social,15,True,3,0,Maison,10,1,1,32.61,5,1,1,511,2,Potentiel
CLIENT_2698,52,Delorme,F,2025-03-09,2025-06-05,54.86,1,54.86,Email,8,True,4,165,Alimentation,9,188,1,54.86,3,1,2,312,4,Dormant
CLIENT_2699,18,Perret,F,2024-05-24,2024-08-11,43.69,6,7.28,Email,8,True,4,458,Électronique,8,486,6,43.69,2,5,2,252,1,A risque
CLIENT_2700,57,Delorme,M,2023-11-11,2024-07-14,5051.34,2,2525.67,SEA,25,True,4,489,Loisirs,10,514,2,5051.34,2,2,5,225,0,A risque
CLIENT_2701,29,Maillard,F,2023-12-31,2024-01-15,65.49,1,65.49,Social,15,False,3,668,Maison,5,695,1,65.49,1,1,2,112,4,Dormant
CLIENT_2702,47,Deschamps,M,2025-01-01,2025-12-09,393.78,3,131.26,Email,8,False,5,0,Électronique,9,1,3,393.78,5,3,5,535,3,Loyal
CLIENT_2703,24,Barbenec,M,2025-04-29,2025-12-09,661.65,2,330.82,Social,15,False,4,0,Maison,8,1,2,661.65,5,2,5,525,2,Potentiel
CLIENT_2704,32,Hubert,F,2023-03-18,2024-04-17,660.93,1,660.93,SEA,25,True,5,575,Mode,6,602,1,660.93,2,1,5,215,4,Dormant
CLIENT_2705,36,BonninVille,F,2023-02-06,2023-05-12,186.57,1,186.57,SEA,25,True,3,940,Mode,8,943,1,186.57,1,1,4,114,4,Dormant
CLIENT_2706,41,Techer-la-Forêt,F,2024-04-20,2025-02-07,51.8,2,25.9,Direct,0,False,3,303,Loisirs,5,306,2,51.8,3,2,2,322,4,Dormant
CLIENT_2707,40,Grenier,M,2024-07-10,2024-10-31,131.59,4,32.9,Social,15,False,5,391,Loisirs,9,405,4,131.59,2,4,4,244,1,A risque
CLIENT_2708,37,Deschamps,M,2025-03-18,2025-03-27,5891.63,2,2945.82,Social,15,True,5,237,Alimentation,2,258,2,5891.63,3,2,5,325,0,A risque
CLIENT_2709,45,Barbenec,F,2023-03-21,2023-11-12,36.04,2,18.02,SEA,25,True,4,756,Loisirs,6,759,2,36.04,1,2,1,121,4,Dormant
CLIENT_2710,18,Baudry,F,2024-03-17,2025-12-09,33.95,5,6.79,Email,8,False,2,0,Électronique,3,1,5,33.95,5,5,1,551,3,Loyal
CLIENT_2711,18,Gimenez,F,2024-01-26,2024-03-14,250.83,4,62.71,Social,15,False,5,628,Loisirs,1,636,4,250.83,2,4,4,244,1,A risque
CLIENT_2712,56,Leconte-sur-Masson,M,2025-07-01,2025-07-28,47.58,5,9.52,Social,15,False,3,114,Loisirs,7,135,5,47.58,4,5,2,452,1,A risque
CLIENT_2713,47,Sainte Genevièvenec,M,2023-06-28,2023-10-16,8886.92,1,8886.92,Direct,0,True,5,758,Loisirs,3,786,1,8886.92,1,1,5,115,0,A risque
CLIENT_2714,61,Delorme,M,2024-03-15,2024-09-28,351.51,3,117.17,Social,15,True,5,431,Alimentation,7,438,3,351.51,2,3,4,234,1,A risque
CLIENT_2715,36,Peronnec,F,2023-12-30,2024-03-21,66.69,3,22.23,Social,15,False,4,619,Maison,10,629,3,66.69,2,3,2,232,1,A risque
CLIENT_2716,55,Barbenec,M,2024-05-19,2024-10-15,388.18,5,77.64,Reference,5,True,5,418,Loisirs,8,421,5,388.18,2,5,5,255,1,A risque
CLIENT_2717,37,Grenier,F,2025-08-31,2025-12-09,75.19,5,15.04,Email,8,True,3,0,Loisirs,3,1,5,75.19,5,5,3,553,3,Loyal
CLIENT_2718,59,Delorme,F,2024-09-14,2025-01-26,40.84,4,10.21,Email,8,True,1,309,Électronique,4,318,4,40.84,3,4,1,341,1,A risque
CLIENT_2719,46,CaronBourg,F,2024-03-13,2025-12-09,602.1,5,120.42,Social,15,True,4,0,Maison,1,1,5,602.1,5,5,5,555,3,Loyal
CLIENT_2720,30,Maillard,M,2023-08-04,2024-02-01,65.93,6,10.99,Social,15,True,3,672,Alimentation,1,678,6,65.93,1,5,2,152,1,A risque
CLIENT_2721,35,Delorme,M,2023-07-23,2024-04-07,99.77,4,24.94,SEA,25,False,4,584,Mode,8,612,4,99.77,2,4,3,243,1,A risque
CLIENT_2722,27,Meunier,M,2024-12-19,2025-12-09,96.84,1,96.84,Email,8,False,3,0,Maison,3,1,1,96.84,5,1,3,513,2,Potentiel
CLIENT_2723,23,Leconte-sur-Masson,M,2024-05-09,2024-07-27,36.77,4,9.19,Email,8,True,2,493,Loisirs,3,501,4,36.77,2,4,1,241,1,A risque
CLIENT_2724,18,Baudry,F,2024-09-07,2024-10-04,135.77,1,135.77,SEA,25,True,5,406,Alimentation,7,432,1,135.77,2,1,4,214,4,Dormant
CLIENT_2725,46,Gimenez,M,2024-03-19,2024-09-15,150.73,2,75.36,Email,8,False,4,441,Mode,7,451,2,150.73,2,2,4,224,4,Dormant
CLIENT_2726,30,Baudry,F,2024-08-25,2025-01-30,116.98,1,116.98,Social,15,False,3,304,Loisirs,1,314,1,116.98,3,1,3,313,4,Dormant
CLIENT_2727,19,Gimenez,M,2024-07-06,2024-07-31,31.52,5,6.3,Social,15,True,2,481,Alimentation,5,497,5,31.52,2,5,1,251,1,A risque
CLIENT_2728,24,Perret,M,2023-01-30,2023-03-02,262.81,2,131.41,Email,8,True,5,988,Alimentation,2,1014,2,262.81,1,2,4,124,4,Dormant
CLIENT_2729,51,Meunier,F,2025-01-20,2025-12-09,100.03,3,33.34,Email,8,False,3,0,Maison,8,1,3,100.03,5,3,3,533,3,Loyal
CLIENT_2730,18,Perret,M,2025-01-19,2025-07-02,601.15,2,300.57,Email,8,False,5,153,Alimentation,7,161,2,601.15,3,2,5,325,0,A risque
CLIENT_2731,27,Sainte Genevièvenec,M,2025-02-25,2025-12-09,140.27,5,28.05,Direct,0,False,4,0,Alimentation,4,1,5,140.27,5,5,4,554,3,Loyal
CLIENT_2732,39,Techer-la-Forêt,F,2025-06-28,2025-10-15,35.49,1,35.49,Email,8,True,4,27,Alimentation,7,56,1,35.49,4,1,1,411,4,Dormant
CLIENT_2733,31,Hubert,F,2025-07-17,2025-08-20,110.94,2,55.47,Direct,0,True,2,102,Maison,9,112,2,110.94,4,2,3,423,4,Dormant
CLIENT_2734,18,Sainte Margotboeuf,F,2025-10-07,2025-12-09,39.28,1,39.28,Direct,0,True,4,0,Alimentation,3,1,1,39.28,5,1,1,511,2,Potentiel
CLIENT_2735,40,Deschamps,M,2024-12-18,2025-04-15,158.64,1,158.64,Email,8,True,5,220,Électronique,9,239,1,158.64,3,1,4,314,4,Dormant
CLIENT_2736,67,Leconte-sur-Masson,F,2023-01-29,2024-03-27,98.86,2,49.43,Social,15,True,5,615,Alimentation,5,623,2,98.86,2,2,3,223,4,Dormant
CLIENT_2737,29,Grenier,F,2023-06-16,2025-12-09,45.69,7,6.53,Direct,0,False,3,0,Électronique,1,1,7,45.69,5,5,2,552,3,Loyal
CLIENT_2738,23,Sainte Genevièvenec,M,2023-08-27,2023-10-05,36.21,1,36.21,Social,15,False,1,767,Mode,5,797,1,36.21,1,1,1,111,4,Dormant
CLIENT_2739,34,Deschamps,F,2024-11-19,2025-05-27,3880.09,10,388.01,Email,8,True,5,182,Maison,6,197,10,3880.09,3,5,5,355,0,A risque
CLIENT_2740,40,Deschamps,M,2025-11-08,2025-12-09,81.83,2,40.91,Direct,0,True,3,0,Maison,10,1,2,81.83,5,2,3,523,2,Potentiel
CLIENT_2741,25,BonninVille,M,2024-06-18,2024-12-08,326.81,1,326.81,Direct,0,True,3,344,Loisirs,10,367,1,326.81,3,1,4,314,4,Dormant
CLIENT_2742,24,CaronBourg,M,2024-04-17,2025-01-14,132.88,1,132.88,Email,8,False,3,315,Mode,8,330,1,132.88,3,1,4,314,4,Dormant
CLIENT_2743,35,Meunier,M,2024-07-28,2024-10-28,1578.04,2,789.02,SEA,25,True,5,403,Alimentation,1,408,2,1578.04,2,2,5,225,0,A risque
CLIENT_2744,59,Deschamps,M,2023-02-11,2023-08-30,690.76,1,690.76,Social,15,False,5,830,Mode,10,833,1,690.76,1,1,5,115,4,Dormant
CLIENT_2745,68,Baudry,F,2023-02-24,2023-11-18,54.44,2,27.22,Direct,0,True,3,741,Alimentation,7,753,2,54.44,1,2,2,122,4,Dormant
CLIENT_2746,39,Leconte-sur-Masson,F,2024-01-04,2024-08-03,160.28,2,80.14,Email,8,True,4,472,Loisirs,8,494,2,160.28,2,2,4,224,4,Dormant
CLIENT_2747,35,Leconte-sur-Masson,M,2025-12-01,2025-12-09,70.7,4,17.68,Direct,0,True,4,0,Loisirs,2,1,4,70.7,5,4,3,543,3,Loyal
CLIENT_2748,42,Deschamps,F,2023-04-17,2023-09-22,208.24,3,69.41,Social,15,False,4,805,Alimentation,4,810,3,208.24,1,3,4,134,1,A risque
CLIENT_2749,51,Meunier,M,2023-01-05,2024-04-08,41.14,3,13.71,SEA,25,False,3,602,Maison,6,611,3,41.14,2,3,1,231,1,A risque
CLIENT_2750,50,Sanchez,M,2024-03-25,2025-03-14,30.09,1,30.09,Social,15,True,4,257,Mode,8,271,1,30.09,3,1,1,311,4,Dormant
CLIENT_2751,47,Barbenec,M,2025-09-16,2025-12-09,87.04,3,29.01,Reference,5,True,5,0,Maison,6,1,3,87.04,5,3,3,533,3,Loyal
CLIENT_2752,37,BonninVille,M,2025-12-02,2025-12-09,37.08,1,37.08,Social,15,True,4,0,Loisirs,3,1,1,37.08,5,1,1,511,2,Potentiel
CLIENT_2753,22,Baudry,F,2025-04-04,2025-12-09,167.17,2,83.58,Social,15,False,3,0,Loisirs,7,1,2,167.17,5,2,4,524,2,Potentiel
CLIENT_2754,43,Meunier,F,2024-07-21,2025-12-09,44.86,3,14.95,SEA,25,False,3,0,Alimentation,5,1,3,44.86,5,3,2,532,3,Loyal
CLIENT_2755,42,Deschamps,M,2023-01-11,2023-05-01,78.06,2,39.03,Social,15,False,4,948,Électronique,9,954,2,78.06,1,2,3,123,4,Dormant
CLIENT_2756,62,Baudry,M,2023-06-16,2023-12-02,123.4,5,24.68,Direct,0,True,4,724,Maison,8,739,5,123.4,1,5,3,153,1,A risque
CLIENT_2757,50,BonninVille,F,2023-03-12,2025-04-08,30.69,2,15.35,Social,15,True,2,241,Maison,6,246,2,30.69,3,2,1,321,4,Dormant
CLIENT_2758,30,Deschamps,F,2024-12-27,2025-07-29,116.84,2,58.42,Reference,5,True,4,104,Électronique,1,134,2,116.84,4,2,3,423,4,Dormant
CLIENT_2759,33,Sainte Margotboeuf,F,2025-09-23,2025-12-09,133.34,1,133.34,Social,15,True,3,0,Loisirs,4,1,1,133.34,5,1,4,514,2,Potentiel
CLIENT_2760,43,Sainte Margotboeuf,F,2022-12-28,2023-12-05,62.62,3,20.87,Email,8,True,4,711,Loisirs,4,736,3,62.62,1,3,2,132,1,A risque
CLIENT_2761,18,Sainte Christophe,M,2025-05-25,2025-12-09,34.88,3,11.63,Social,15,True,2,0,Électronique,5,1,3,34.88,5,3,1,531,3,Loyal
CLIENT_2762,56,Meunier,M,2024-03-01,2024-04-09,39.86,3,13.29,Email,8,False,3,584,Électronique,8,610,3,39.86,2,3,1,231,1,A risque
CLIENT_2763,60,Grenier,F,2023-01-13,2023-06-29,69.32,1,69.32,Social,15,True,5,869,Alimentation,4,895,1,69.32,1,1,3,113,4,Dormant
CLIENT_2764,42,BonninVille,F,2024-08-24,2024-09-14,272.63,2,136.31,Email,8,True,5,437,Maison,4,452,2,272.63,2,2,4,224,4,Dormant
CLIENT_2765,18,Gimenez,F,2024-10-07,2025-07-01,63.51,2,31.75,Social,15,True,4,131,Loisirs,6,162,2,63.51,3,2,2,322,4,Dormant
CLIENT_2766,18,Meunier,M,2025-01-08,2025-07-21,31.63,1,31.63,Direct,0,True,3,129,Alimentation,3,142,1,31.63,4,1,1,411,4,Dormant
CLIENT_2767,40,Sainte Margotboeuf,M,2025-03-10,2025-06-09,269.13,2,134.56,SEA,25,True,3,159,Loisirs,3,184,2,269.13,3,2,4,324,4,Dormant
CLIENT_2768,18,BonninVille,F,2024-04-03,2025-02-06,38.06,1,38.06,Email,8,True,1,291,Alimentation,2,307,1,38.06,3,1,1,311,4,Dormant
CLIENT_2769,24,Baudry,M,2025-07-24,2025-12-09,104.79,2,52.4,Social,15,True,4,0,Électronique,3,1,2,104.79,5,2,3,523,2,Potentiel
CLIENT_2770,50,Techer-la-Forêt,M,2024-01-19,2024-07-23,31.9,3,10.63,Direct,0,False,2,477,Maison,1,505,3,31.9,2,3,1,231,1,A risque
CLIENT_2771,35,Hubert,M,2023-02-09,2025-12-09,352.64,2,176.32,Direct,0,False,3,0,Loisirs,7,1,2,352.64,5,2,4,524,2,Potentiel
CLIENT_2772,40,Gimenez,M,2025-08-15,2025-12-09,144.46,3,48.15,Reference,5,True,5,0,Électronique,7,1,3,144.46,5,3,4,534,3,Loyal
CLIENT_2773,44,Delorme,F,2025-07-17,2025-09-21,125.82,5,25.16,Social,15,False,4,54,Alimentation,8,80,5,125.82,4,5,3,453,1,A risque
CLIENT_2774,42,Delorme,M,2023-11-29,2025-12-09,410.18,7,58.6,SEA,25,True,4,0,Mode,10,1,7,410.18,5,5,5,555,3,Loyal
CLIENT_2775,43,Meunier,F,2023-11-09,2024-02-22,40.24,4,10.06,Reference,5,True,2,656,Mode,1,657,4,40.24,1,4,1,141,1,A risque
CLIENT_2776,57,CaronBourg,F,2024-10-26,2025-12-09,98.47,5,19.69,SEA,25,False,4,0,Mode,9,1,5,98.47,5,5,3,553,3,Loyal
CLIENT_2777,39,Deschamps,M,2024-12-22,2025-12-09,35.81,4,8.95,Social,15,False,3,0,Loisirs,9,1,4,35.81,5,4,1,541,3,Loyal
CLIENT_2778,43,Sainte Genevièvenec,F,2023-01-02,2024-03-02,44.46,4,11.12,Direct,0,True,4,632,Maison,1,648,4,44.46,1,4,2,142,1,A risque
CLIENT_2779,39,Delorme,M,2024-09-06,2025-01-23,51.04,1,51.04,Social,15,True,4,303,Loisirs,8,321,1,51.04,3,1,2,312,4,Dormant
CLIENT_2780,24,Hubert,F,2024-01-18,2025-12-09,32.18,1,32.18,Email,8,True,2,0,Maison,5,1,1,32.18,5,1,1,511,2,Potentiel
CLIENT_2781,52,Baudry,M,2024-01-18,2024-01-21,445.15,1,445.15,Social,15,False,5,661,Alimentation,10,689,1,445.15,1,1,5,115,4,Dormant
CLIENT_2782,26,Baudry,F,2023-06-20,2024-12-14,817.64,1,817.64,Email,8,False,5,336,Mode,5,361,1,817.64,3,1,5,315,4,Dormant
CLIENT_2783,44,Sanchez,F,2024-10-16,2024-10-19,31.35,1,31.35,SEA,25,True,4,402,Maison,1,417,1,31.35,2,1,1,211,4,Dormant
CLIENT_2784,45,Delorme,M,2025-04-18,2025-12-09,97.99,3,32.66,Social,15,False,3,0,Électronique,2,1,3,97.99,5,3,3,533,3,Loyal
CLIENT_2785,44,Barbenec,M,2025-02-10,2025-06-30,36.02,5,7.2,Social,15,False,4,138,Électronique,5,163,5,36.02,3,5,1,351,1,A risque
CLIENT_2786,19,Grenier,F,2025-10-04,2025-12-09,51.25,2,25.62,Reference,5,False,2,0,Loisirs,2,1,2,51.25,5,2,2,522,2,Potentiel
CLIENT_2787,19,Sainte Genevièvenec,M,2023-05-26,2023-09-15,1088.52,2,544.26,Email,8,True,5,787,Maison,9,817,2,1088.52,1,2,5,125,0,A risque
CLIENT_2788,46,Baudry,M,2024-07-22,2024-07-31,77.47,3,25.82,Social,15,False,3,471,Alimentation,10,497,3,77.47,2,3,3,233,1,A risque
CLIENT_2789,29,Deschamps,F,2023-10-25,2024-07-25,36.05,1,36.05,SEA,25,True,2,474,Mode,8,503,1,36.05,2,1,1,211,4,Dormant
CLIENT_2790,35,CaronBourg,F,2025-03-29,2025-12-09,50.33,7,7.19,Reference,5,False,3,0,Maison,9,1,7,50.33,5,5,2,552,3,Loyal
CLIENT_2791,47,Sainte Christophe,M,2023-07-07,2025-12-09,897.57,6,149.59,Email,8,False,4,0,Alimentation,9,1,6,897.57,5,5,5,555,3,Loyal
CLIENT_2792,36,Techer-la-Forêt,M,2024-10-24,2025-01-16,30.17,2,15.09,Social,15,True,4,300,Électronique,7,328,2,30.17,3,2,1,321,4,Dormant
CLIENT_2793,56,Grenier,M,2024-01-11,2025-01-10,2058.45,3,686.15,Direct,0,True,4,321,Loisirs,4,334,3,2058.45,3,3,5,335,0,A risque
CLIENT_2794,45,Hubert,F,2024-12-21,2025-06-03,2598.33,2,1299.16,Email,8,False,5,160,Maison,2,190,2,2598.33,3,2,5,325,0,A risque
CLIENT_2795,29,Barbenec,F,2023-09-21,2023-11-19,72.52,2,36.26,SEA,25,False,4,744,Mode,9,752,2,72.52,1,2,3,123,4,Dormant
CLIENT_2796,62,Sainte Margotboeuf,F,2024-04-06,2024-06-20,79.66,6,13.28,Social,15,False,4,515,Électronique,6,538,6,79.66,2,5,3,253,1,A risque
CLIENT_2797,35,Deschamps,F,2025-03-02,2025-09-29,68.57,3,22.86,Social,15,True,5,44,Loisirs,10,72,3,68.57,4,3,3,433,1,A risque
CLIENT_2798,49,Maillard,F,2024-07-23,2025-05-22,1017.43,2,508.71,Email,8,True,5,195,Loisirs,5,202,2,1017.43,3,2,5,325,0,A risque
CLIENT_2799,47,Delorme,F,2024-12-22,2025-12-09,183.17,4,45.79,Reference,5,True,3,0,Alimentation,1,1,4,183.17,5,4,4,544,3,Loyal
CLIENT_2800,59,Grenier,F,2024-10-30,2025-08-24,94.95,4,23.74,Direct,0,False,2,106,Électronique,10,108,4,94.95,4,4,3,443,1,A risque
CLIENT_2801,37,Barbenec,F,2025-07-13,2025-12-09,44.43,2,22.21,Email,8,False,4,0,Loisirs,8,1,2,44.43,5,2,2,522,2,Potentiel
CLIENT_2802,30,Gimenez,F,2025-08-01,2025-08-03,55.12,4,13.78,Social,15,True,4,112,Loisirs,4,129,4,55.12,4,4,2,442,1,A risque
CLIENT_2803,18,Techer-la-Forêt,F,2023-06-08,2023-09-04,73.76,3,24.59,Social,15,True,3,818,Maison,9,828,3,73.76,1,3,3,133,1,A risque
CLIENT_2804,34,Grenier,F,2025-08-02,2025-11-22,98.22,3,32.74,Social,15,False,4,0,Loisirs,3,18,3,98.22,4,3,3,433,3,Loyal
CLIENT_2805,41,BonninVille,F,2025-05-11,2025-07-31,6037.82,1,6037.82,Email,8,True,5,119,Maison,3,132,1,6037.82,4,1,5,415,0,A risque
CLIENT_2806,18,Deschamps,F,2025-01-29,2025-02-23,43.9,3,14.63,Direct,0,False,4,280,Alimentation,4,290,3,43.9,3,3,2,332,1,A risque
CLIENT_2807,21,Baudry,M,2023-02-24,2023-03-23,439.53,1,439.53,Direct,0,False,5,973,Loisirs,6,993,1,439.53,1,1,5,115,4,Dormant
CLIENT_2808,73,Sanchez,M,2022-12-31,2023-08-24,1331.55,2,665.77,Social,15,True,4,820,Loisirs,3,839,2,1331.55,1,2,5,125,0,A risque
CLIENT_2809,34,BonninVille,F,2024-01-23,2024-02-16,130.85,2,65.42,Reference,5,False,3,639,Mode,7,663,2,130.85,1,2,4,124,4,Dormant
CLIENT_2810,40,Grenier,F,2023-02-11,2023-07-01,153.4,1,153.4,Social,15,True,5,864,Alimentation,3,893,1,153.4,1,1,4,114,4,Dormant
CLIENT_2811,47,Meunier,M,2023-03-06,2023-04-11,2620.86,2,1310.43,Email,8,False,5,958,Loisirs,3,974,2,2620.86,1,2,5,125,0,A risque
CLIENT_2812,36,Deschamps,F,2023-10-03,2023-10-19,51.32,4,12.83,SEA,25,True,3,755,Loisirs,3,783,4,51.32,1,4,2,142,1,A risque
CLIENT_2813,60,BonninVille,M,2023-04-05,2023-05-26,321.99,2,161.0,Social,15,True,4,926,Mode,2,929,2,321.99,1,2,4,124,4,Dormant
CLIENT_2814,31,Maillard,F,2024-12-04,2025-08-25,121.37,3,40.46,Email,8,True,4,102,Mode,1,107,3,121.37,4,3,3,433,1,A risque
CLIENT_2815,27,Sainte Christophe,M,2023-12-21,2024-09-26,162.12,4,40.53,Social,15,True,4,411,Électronique,1,440,4,162.12,2,4,4,244,1,A risque
CLIENT_2816,18,Grenier,F,2025-06-02,2025-12-09,75.29,2,37.65,Direct,0,True,1,0,Alimentation,8,1,2,75.29,5,2,3,523,2,Potentiel
CLIENT_2817,51,Barbenec,M,2023-09-08,2025-06-11,125.6,1,125.6,Direct,0,True,4,161,Électronique,8,182,1,125.6,3,1,3,313,4,Dormant
CLIENT_2818,75,Leconte-sur-Masson,F,2023-09-21,2025-02-17,32.19,5,6.44,Social,15,True,2,290,Loisirs,8,296,5,32.19,3,5,1,351,1,A risque
CLIENT_2819,18,Sainte Christophe,M,2024-03-09,2024-05-16,97.17,5,19.43,SEA,25,True,5,545,Alimentation,6,573,5,97.17,2,5,3,253,1,A risque
CLIENT_2820,18,Perret,M,2023-12-03,2024-09-08,80.49,4,20.12,Direct,0,True,2,453,Loisirs,3,458,4,80.49,2,4,3,243,1,A risque
CLIENT_2821,31,Sainte Genevièvenec,F,2025-04-12,2025-05-02,360.41,2,180.21,SEA,25,False,5,199,Électronique,2,222,2,360.41,3,2,4,324,4,Dormant
CLIENT_2822,42,Delorme,F,2023-04-03,2023-06-22,49.86,4,12.46,Reference,5,True,3,877,Mode,7,902,4,49.86,1,4,2,142,1,A risque
CLIENT_2823,43,Deschamps,M,2025-02-12,2025-07-07,40.71,1,40.71,Direct,0,True,3,134,Alimentation,9,156,1,40.71,3,1,1,311,4,Dormant
CLIENT_2824,63,BonninVille,M,2025-07-20,2025-10-13,74.25,4,18.56,Email,8,False,5,46,Alimentation,7,58,4,74.25,4,4,3,443,1,A risque
CLIENT_2825,26,Sainte Genevièvenec,F,2023-11-17,2023-12-30,36.85,8,4.61,Direct,0,True,3,688,Maison,3,711,8,36.85,1,5,1,151,1,A risque
CLIENT_2826,40,Barbenec,F,2024-09-18,2024-12-10,43.15,5,8.63,SEA,25,True,2,341,Mode,5,365,5,43.15,3,5,2,352,1,A risque
CLIENT_2827,51,Sainte Margotboeuf,F,2025-11-07,2025-12-09,52.03,11,4.73,Direct,0,False,2,0,Loisirs,1,1,11,52.03,5,5,2,552,3,Loyal
CLIENT_2828,22,Deschamps,M,2023-01-08,2023-10-31,230.63,3,76.88,SEA,25,True,3,764,Mode,7,771,3,230.63,1,3,4,134,1,A risque
CLIENT_2829,49,Sainte Genevièvenec,M,2025-09-21,2025-12-09,30.02,4,7.5,Social,15,False,4,0,Mode,3,1,4,30.02,5,4,1,541,3,Loyal
CLIENT_2830,52,Techer-la-Forêt,M,2024-04-02,2025-02-03,240.93,4,60.23,SEA,25,True,4,297,Loisirs,10,310,4,240.93,3,4,4,344,1,A risque
CLIENT_2831,51,Techer-la-Forêt,M,2023-11-19,2024-05-10,47.25,5,9.45,SEA,25,True,3,573,Mode,1,579,5,47.25,2,5,2,252,1,A risque
CLIENT_2832,51,Barbenec,M,2025-01-04,2025-12-09,13545.8,2,6772.9,Direct,0,False,5,0,Électronique,2,1,2,13545.8,5,2,5,525,0,A risque
CLIENT_2833,21,Peronnec,F,2025-03-27,2025-04-02,166.91,5,33.38,Direct,0,False,5,243,Loisirs,1,252,5,166.91,3,5,4,354,1,A risque
CLIENT_2834,19,Leconte-sur-Masson,F,2025-11-28,2025-12-09,2285.11,1,2285.11,SEA,25,False,5,0,Mode,5,1,1,2285.11,5,1,5,515,2,Potentiel
CLIENT_2835,39,BonninVille,M,2025-11-02,2025-12-09,100.46,8,12.56,Email,8,False,3,0,Alimentation,6,1,8,100.46,5,5,3,553,3,Loyal
CLIENT_2836,50,Sainte Genevièvenec,M,2024-10-26,2024-12-01,532.18,3,177.39,Reference,5,True,5,344,Alimentation,8,374,3,532.18,3,3,5,335,0,A risque
CLIENT_2837,35,Sainte Margotboeuf,M,2023-12-06,2024-03-25,461.6,5,92.32,Social,15,False,4,595,Loisirs,3,625,5,461.6,2,5,5,255,1,A risque
CLIENT_2838,49,Grenier,F,2024-07-12,2025-12-09,186.62,2,93.31,SEA,25,False,5,0,Électronique,6,1,2,186.62,5,2,4,524,2,Potentiel
CLIENT_2839,58,Gimenez,M,2024-09-05,2025-02-16,124.57,3,41.52,SEA,25,True,5,284,Maison,8,297,3,124.57,3,3,3,333,1,A risque
CLIENT_2840,74,Leconte-sur-Masson,M,2024-10-25,2024-12-30,456.39,6,76.06,Social,15,True,5,323,Loisirs,4,345,6,456.39,3,5,5,355,1,A risque
CLIENT_2841,57,Delorme,F,2025-06-03,2025-10-19,40.26,4,10.06,SEA,25,True,4,32,Mode,3,52,4,40.26,4,4,1,441,1,A risque
CLIENT_2842,63,Sainte Margotboeuf,M,2023-04-20,2024-02-25,50.76,2,25.38,Direct,0,True,2,645,Maison,9,654,2,50.76,1,2,2,122,4,Dormant
CLIENT_2843,61,Sainte Margotboeuf,M,2023-06-30,2023-12-16,1755.17,3,585.06,Email,8,True,5,723,Loisirs,8,725,3,1755.17,1,3,5,135,0,A risque
CLIENT_2844,44,Grenier,M,2024-08-24,2024-09-10,298.68,3,99.56,Email,8,False,5,430,Mode,3,456,3,298.68,2,3,4,234,1,A risque
CLIENT_2845,22,Maillard,M,2025-07-08,2025-12-09,30.24,3,10.08,SEA,25,True,5,0,Mode,6,1,3,30.24,5,3,1,531,3,Loyal
CLIENT_2846,39,Barbenec,M,2025-04-28,2025-12-09,30.54,6,5.09,Social,15,True,1,0,Loisirs,5,1,6,30.54,5,5,1,551,3,Loyal
CLIENT_2847,21,Hubert,M,2024-07-10,2025-12-09,52.14,3,17.38,Email,8,False,4,0,Loisirs,5,1,3,52.14,5,3,2,532,3,Loyal
CLIENT_2848,29,Peronnec,M,2023-12-01,2024-03-10,12542.63,5,2508.53,Email,8,True,5,622,Mode,5,640,5,12542.63,2,5,5,255,0,A risque
CLIENT_2849,39,Meunier,F,2025-10-14,2025-11-24,35.51,1,35.51,Email,8,True,4,0,Électronique,6,16,1,35.51,4,1,1,411,2,Potentiel
CLIENT_2850,45,Gimenez,F,2024-09-28,2024-10-10,64.79,2,32.4,Social,15,True,5,412,Électronique,9,426,2,64.79,2,2,2,222,4,Dormant
CLIENT_2851,38,Sainte Genevièvenec,M,2024-03-24,2025-03-11,32.0,6,5.33,SEA,25,True,4,250,Alimentation,5,274,6,32.0,3,5,1,351,1,A risque
CLIENT_2852,54,Baudry,F,2023-12-31,2024-07-10,45.18,1,45.18,Social,15,True,5,497,Loisirs,4,518,1,45.18,2,1,2,212,4,Dormant
CLIENT_2853,60,Baudry,F,2023-07-27,2023-11-06,47.95,2,23.98,Social,15,True,3,738,Électronique,8,765,2,47.95,1,2,2,122,4,Dormant
CLIENT_2854,47,Grenier,M,2022-12-17,2024-08-23,38.08,4,9.52,Social,15,True,1,463,Maison,6,474,4,38.08,2,4,1,241,1,A risque
CLIENT_2855,63,Perret,M,2023-10-02,2024-01-06,850.91,3,283.64,Social,15,True,4,690,Loisirs,1,704,3,850.91,1,3,5,135,0,A risque
CLIENT_2856,18,Barbenec,F,2024-04-14,2025-04-03,298.29,3,99.43,Reference,5,True,4,240,Mode,9,251,3,298.29,3,3,4,334,1,A risque
CLIENT_2857,25,Maillard,M,2024-05-04,2025-12-09,156.1,2,78.05,Email,8,True,5,0,Électronique,2,1,2,156.1,5,2,4,524,2,Potentiel
CLIENT_2858,39,Barbenec,F,2025-09-24,2025-10-09,37.27,3,12.42,Email,8,False,4,43,Mode,8,62,3,37.27,4,3,1,431,1,A risque
CLIENT_2859,71,Sainte Genevièvenec,F,2023-09-08,2024-09-30,1721.42,6,286.9,Social,15,False,5,409,Électronique,1,436,6,1721.42,2,5,5,255,0,A risque
CLIENT_2860,21,Baudry,F,2023-12-13,2025-12-09,69.81,5,13.96,Email,8,True,5,0,Loisirs,8,1,5,69.81,5,5,3,553,3,Loyal
CLIENT_2861,43,Hubert,M,2024-01-09,2024-07-23,40.28,2,20.14,Reference,5,True,5,484,Loisirs,5,505,2,40.28,2,2,1,221,4,Dormant
CLIENT_2862,32,Baudry,F,2024-11-13,2025-02-26,104.72,7,14.96,Social,15,True,4,277,Mode,9,287,7,104.72,3,5,3,353,1,A risque
CLIENT_2863,36,Deschamps,M,2023-04-10,2023-09-04,38.38,1,38.38,Direct,0,True,2,799,Maison,5,828,1,38.38,1,1,1,111,4,Dormant
CLIENT_2864,41,Hubert,M,2024-10-05,2025-06-07,15720.31,2,7860.15,Direct,0,False,5,164,Électronique,2,186,2,15720.31,3,2,5,325,0,A risque
CLIENT_2865,31,Techer-la-Forêt,M,2025-03-20,2025-10-07,42.6,5,8.52,Email,8,False,5,51,Maison,2,64,5,42.6,4,5,1,451,1,A risque
CLIENT_2866,32,Delorme,M,2025-03-10,2025-05-15,44.78,2,22.39,Social,15,True,3,199,Mode,9,209,2,44.78,3,2,2,322,4,Dormant
CLIENT_2867,35,Grenier,F,2023-09-10,2025-08-23,44.55,3,14.85,Reference,5,False,3,99,Mode,5,109,3,44.55,4,3,2,432,1,A risque
CLIENT_2868,28,Sainte Margotboeuf,M,2024-06-20,2025-11-01,53.98,4,13.49,Direct,0,True,4,9,Maison,1,39,4,53.98,4,4,2,442,1,A risque
CLIENT_2869,36,Grenier,M,2025-09-17,2025-10-14,91.82,5,18.36,Email,8,True,4,45,Loisirs,9,57,5,91.82,4,5,3,453,1,A risque
CLIENT_2870,42,Sainte Margotboeuf,M,2025-05-27,2025-08-14,30.86,1,30.86,Social,15,True,3,98,Électronique,6,118,1,30.86,4,1,1,411,4,Dormant
CLIENT_2871,39,Meunier,F,2025-05-23,2025-12-09,230.01,4,57.5,SEA,25,True,4,0,Alimentation,8,1,4,230.01,5,4,4,544,3,Loyal
CLIENT_2872,44,Delorme,M,2023-04-24,2023-05-16,141.49,5,28.3,Social,15,False,3,929,Alimentation,4,939,5,141.49,1,5,4,154,1,A risque
CLIENT_2873,59,Perret,F,2024-07-11,2024-11-14,36.22,4,9.05,Email,8,True,1,389,Mode,8,391,4,36.22,2,4,1,241,1,A risque
CLIENT_2874,63,Sainte Margotboeuf,M,2024-02-04,2024-03-25,91.39,4,22.85,Reference,5,True,3,604,Mode,8,625,4,91.39,2,4,3,243,1,A risque
CLIENT_2875,32,Peronnec,F,2023-07-20,2024-02-19,33.21,7,4.74,Social,15,True,3,655,Mode,7,660,7,33.21,1,5,1,151,1,A risque
CLIENT_2876,55,Sanchez,F,2024-10-14,2025-01-29,99.59,4,24.9,Email,8,False,3,294,Maison,1,315,4,99.59,3,4,3,343,1,A risque
CLIENT_2877,67,Sainte Margotboeuf,M,2022-12-15,2023-02-26,74.74,1,74.74,SEA,25,False,3,1012,Maison,6,1018,1,74.74,1,1,3,113,4,Dormant
CLIENT_2878,47,Sainte Christophe,F,2023-03-20,2023-11-24,33.85,1,33.85,Reference,5,False,3,736,Maison,10,747,1,33.85,1,1,1,111,4,Dormant
CLIENT_2879,50,Baudry,M,2025-05-25,2025-11-22,236.96,1,236.96,Direct,0,True,5,0,Électronique,4,18,1,236.96,4,1,4,414,2,Potentiel
CLIENT_2880,18,Maillard,M,2025-06-01,2025-12-09,599.45,3,199.82,Email,8,False,5,0,Mode,5,1,3,599.45,5,3,5,535,3,Loyal
CLIENT_2881,37,Techer-la-Forêt,F,2024-08-01,2024-08-17,342.93,9,38.1,Social,15,False,4,465,Maison,7,480,9,342.93,2,5,4,254,1,A risque
CLIENT_2882,51,Baudry,F,2023-01-03,2023-09-25,117.63,2,58.81,Reference,5,True,2,798,Alimentation,7,807,2,117.63,1,2,3,123,4,Dormant
CLIENT_2883,37,Gimenez,M,2025-01-14,2025-12-09,128.52,3,42.84,Social,15,False,5,0,Électronique,2,1,3,128.52,5,3,3,533,3,Loyal
CLIENT_2884,18,Sainte Margotboeuf,F,2024-04-01,2025-02-14,38.01,1,38.01,Social,15,False,2,270,Alimentation,9,299,1,38.01,3,1,1,311,4,Dormant
CLIENT_2885,32,Perret,M,2024-03-21,2024-11-18,39.92,2,19.96,SEA,25,False,4,382,Mode,3,387,2,39.92,2,2,1,221,4,Dormant
CLIENT_2886,66,Peronnec,M,2025-08-10,2025-08-19,140.67,1,140.67,Direct,0,False,4,106,Alimentation,6,113,1,140.67,4,1,4,414,4,Dormant
CLIENT_2887,24,Sainte Margotboeuf,F,2024-05-10,2025-01-22,129.48,5,25.9,SEA,25,True,2,315,Alimentation,1,322,5,129.48,3,5,4,354,1,A risque
CLIENT_2888,32,Deschamps,M,2024-05-25,2024-06-27,562.47,4,140.62,Social,15,True,5,502,Loisirs,7,531,4,562.47,2,4,5,245,1,A risque
CLIENT_2889,38,Delorme,F,2024-01-15,2025-06-10,182.58,3,60.86,Social,15,True,3,170,Maison,4,183,3,182.58,3,3,4,334,1,A risque
CLIENT_2890,57,Barbenec,M,2025-02-09,2025-04-14,219.81,1,219.81,Direct,0,True,5,234,Électronique,3,240,1,219.81,3,1,4,314,4,Dormant
CLIENT_2891,21,Gimenez,F,2025-11-29,2025-12-09,1078.19,1,1078.19,SEA,25,True,4,0,Maison,3,1,1,1078.19,5,1,5,515,2,Potentiel
CLIENT_2892,26,CaronBourg,F,2025-04-27,2025-07-09,2419.4,4,604.85,SEA,25,False,4,152,Électronique,1,154,4,2419.4,3,4,5,345,0,A risque
CLIENT_2893,48,Deschamps,M,2023-10-29,2023-12-23,48.08,4,12.02,Reference,5,True,3,711,Électronique,10,718,4,48.08,1,4,2,142,1,A risque
CLIENT_2894,42,Delorme,M,2025-11-17,2025-12-09,106.05,3,35.35,Direct,0,True,5,0,Loisirs,10,1,3,106.05,5,3,3,533,3,Loyal
CLIENT_2895,33,Deschamps,M,2023-09-09,2025-12-09,78.3,2,39.15,SEA,25,False,1,0,Alimentation,8,1,2,78.3,5,2,3,523,2,Potentiel
CLIENT_2896,29,Deschamps,M,2025-03-30,2025-10-15,39.04,2,19.52,Email,8,True,3,25,Électronique,6,56,2,39.04,4,2,1,421,4,Dormant
CLIENT_2897,54,Maillard,M,2023-10-30,2024-05-30,42.53,3,14.18,Email,8,True,3,535,Électronique,7,559,3,42.53,2,3,1,231,1,A risque
CLIENT_2898,24,Baudry,F,2023-04-29,2024-03-25,37.2,4,9.3,SEA,25,False,3,596,Électronique,1,625,4,37.2,2,4,1,241,1,A risque
CLIENT_2899,45,Deschamps,M,2023-02-08,2024-09-23,844.26,1,844.26,Email,8,False,5,416,Loisirs,7,443,1,844.26,2,1,5,215,4,Dormant
CLIENT_2900,53,Delorme,F,2024-11-21,2024-12-19,39.69,4,9.92,Reference,5,False,1,342,Mode,2,356,4,39.69,3,4,1,341,1,A risque
CLIENT_2901,44,Baudry,M,2024-09-19,2025-11-06,30.19,2,15.1,Social,15,False,4,26,Maison,3,34,2,30.19,4,2,1,421,4,Dormant
CLIENT_2902,75,Baudry,F,2023-12-29,2025-05-27,96.9,4,24.23,Reference,5,True,4,167,Alimentation,1,197,4,96.9,3,4,3,343,1,A risque
CLIENT_2903,43,Deschamps,F,2025-02-06,2025-06-07,52.43,2,26.21,Social,15,True,3,167,Alimentation,5,186,2,52.43,3,2,2,322,4,Dormant
CLIENT_2904,43,Gimenez,M,2024-11-18,2025-06-18,65.2,5,13.04,Direct,0,False,5,164,Électronique,5,175,5,65.2,3,5,2,352,1,A risque
CLIENT_2905,45,Techer-la-Forêt,M,2023-10-23,2024-11-12,157.49,1,157.49,SEA,25,False,5,380,Électronique,3,393,1,157.49,2,1,4,214,4,Dormant
CLIENT_2906,33,Deschamps,M,2024-10-19,2025-01-09,277.57,5,55.51,Social,15,False,3,319,Mode,6,335,5,277.57,3,5,4,354,1,A risque
CLIENT_2907,19,Baudry,M,2023-06-06,2023-07-14,487.64,2,243.82,Direct,0,False,5,874,Électronique,5,880,2,487.64,1,2,5,125,4,Dormant
CLIENT_2908,50,Deschamps,F,2023-04-22,2024-08-06,213.26,3,71.09,SEA,25,True,5,483,Alimentation,6,491,3,213.26,2,3,4,234,1,A risque
CLIENT_2909,75,Maillard,F,2024-05-03,2024-05-19,238.28,3,79.43,Email,8,False,5,547,Maison,7,570,3,238.28,2,3,4,234,1,A risque
CLIENT_2910,55,Gimenez,M,2023-03-09,2023-09-13,397.39,1,397.39,Direct,0,True,5,810,Mode,8,819,1,397.39,1,1,5,115,4,Dormant
CLIENT_2911,18,Meunier,M,2024-08-20,2025-12-09,39.16,2,19.58,Social,15,True,5,0,Loisirs,2,1,2,39.16,5,2,1,521,2,Potentiel
CLIENT_2912,41,Barbenec,F,2025-01-21,2025-11-03,344.67,2,172.34,Email,8,False,5,30,Alimentation,6,37,2,344.67,4,2,4,424,4,Dormant
CLIENT_2913,56,Deschamps,M,2025-10-08,2025-12-09,619.38,3,206.46,Email,8,False,4,0,Maison,2,1,3,619.38,5,3,5,535,3,Loyal
CLIENT_2914,26,Delorme,M,2023-11-05,2025-06-25,993.34,5,198.67,Social,15,False,5,167,Électronique,6,168,5,993.34,3,5,5,355,0,A risque
CLIENT_2915,31,Gimenez,M,2023-08-16,2023-10-24,60.98,2,30.49,Social,15,False,4,757,Loisirs,7,778,2,60.98,1,2,2,122,4,Dormant
CLIENT_2916,36,Barbenec,M,2025-02-16,2025-04-05,90.78,5,18.16,Reference,5,True,4,248,Alimentation,5,249,5,90.78,3,5,3,353,1,A risque
CLIENT_2917,24,Grenier,M,2024-09-21,2025-12-09,39.77,3,13.26,Email,8,False,3,0,Alimentation,7,1,3,39.77,5,3,1,531,3,Loyal
CLIENT_2918,46,Maillard,F,2023-01-07,2023-05-28,46.36,3,15.45,SEA,25,True,3,909,Loisirs,6,927,3,46.36,1,3,2,132,1,A risque
CLIENT_2919,46,Delorme,F,2025-07-18,2025-12-09,236.22,1,236.22,Email,8,False,4,0,Alimentation,3,1,1,236.22,5,1,4,514,2,Potentiel
CLIENT_2920,24,Delorme,M,2023-09-22,2025-03-19,77.86,4,19.46,Direct,0,True,5,246,Maison,9,266,4,77.86,3,4,3,343,1,A risque
CLIENT_2921,43,Gimenez,F,2023-10-21,2024-05-03,73.89,1,73.89,Social,15,False,5,562,Mode,9,586,1,73.89,2,1,3,213,4,Dormant
CLIENT_2922,38,Peronnec,F,2025-07-17,2025-12-09,31.69,2,15.85,Direct,0,True,3,0,Mode,8,1,2,31.69,5,2,1,521,2,Potentiel
CLIENT_2923,35,Sainte Genevièvenec,M,2024-06-28,2024-09-06,59.02,2,29.51,Email,8,True,4,451,Mode,1,460,2,59.02,2,2,2,222,4,Dormant
CLIENT_2924,46,CaronBourg,M,2023-06-15,2025-05-21,54.3,2,27.15,Social,15,True,3,178,Électronique,6,203,2,54.3,3,2,2,322,4,Dormant
CLIENT_2925,47,Sainte Christophe,M,2023-07-10,2025-06-04,94.42,6,15.74,Direct,0,True,4,185,Mode,3,189,6,94.42,3,5,3,353,1,A risque
CLIENT_2926,45,Techer-la-Forêt,F,2023-07-14,2023-11-02,31.8,1,31.8,Direct,0,False,3,753,Alimentation,4,769,1,31.8,1,1,1,111,4,Dormant
CLIENT_2927,30,Sainte Genevièvenec,F,2025-12-08,2025-12-09,34.91,2,17.45,Direct,0,True,3,0,Alimentation,1,1,2,34.91,5,2,1,521,2,Potentiel
CLIENT_2928,30,Sainte Margotboeuf,F,2023-06-01,2024-11-18,38.76,1,38.76,SEA,25,True,5,370,Maison,1,387,1,38.76,2,1,1,211,4,Dormant
CLIENT_2929,48,Perret,M,2024-02-27,2024-05-25,326.95,1,326.95,Email,8,True,4,543,Électronique,1,564,1,326.95,2,1,4,214,4,Dormant
CLIENT_2930,50,Perret,M,2024-01-05,2024-04-21,103.12,1,103.12,Direct,0,False,5,575,Maison,2,598,1,103.12,2,1,3,213,4,Dormant
CLIENT_2931,53,BonninVille,F,2025-07-29,2025-08-03,268.97,2,134.49,Social,15,True,5,106,Alimentation,3,129,2,268.97,4,2,4,424,4,Dormant
CLIENT_2932,30,Sainte Christophe,F,2022-12-25,2023-04-26,231.37,4,57.84,Social,15,True,5,945,Électronique,9,959,4,231.37,1,4,4,144,1,A risque
CLIENT_2933,42,Hubert,M,2024-12-29,2025-12-09,275.76,1,275.76,SEA,25,False,4,0,Électronique,3,1,1,275.76,5,1,4,514,2,Potentiel
CLIENT_2934,18,Perret,M,2025-05-25,2025-11-05,2209.2,1,2209.2,Direct,0,True,5,26,Alimentation,8,35,1,2209.2,4,1,5,415,0,A risque
CLIENT_2935,63,Deschamps,M,2024-06-08,2025-03-15,193.1,2,96.55,Direct,0,True,4,265,Loisirs,4,270,2,193.1,3,2,4,324,4,Dormant
CLIENT_2936,53,Deschamps,F,2025-04-28,2025-12-09,43.4,1,43.4,Email,8,True,4,0,Maison,3,1,1,43.4,5,1,2,512,2,Potentiel
CLIENT_2937,59,Sainte Christophe,F,2025-03-14,2025-12-09,44.76,4,11.19,Reference,5,True,5,0,Électronique,9,1,4,44.76,5,4,2,542,3,Loyal
CLIENT_2938,34,Sainte Christophe,M,2024-10-13,2024-11-27,33.54,6,5.59,Social,15,True,4,365,Mode,10,378,6,33.54,3,5,1,351,1,A risque
CLIENT_2939,62,Sainte Christophe,F,2023-03-02,2023-09-19,531.05,3,177.02,Social,15,False,4,794,Alimentation,7,813,3,531.05,1,3,5,135,0,A risque
CLIENT_2940,36,Sainte Christophe,M,2025-06-20,2025-12-09,1597.76,2,798.88,SEA,25,True,5,0,Loisirs,6,1,2,1597.76,5,2,5,525,0,A risque
CLIENT_2941,67,Deschamps,F,2022-12-18,2023-08-01,125.07,4,31.27,Direct,0,True,4,842,Alimentation,4,862,4,125.07,1,4,3,143,1,A risque
CLIENT_2942,29,BonninVille,F,2025-12-08,2025-12-09,84.32,3,28.11,Email,8,False,3,0,Maison,6,1,3,84.32,5,3,3,533,3,Loyal
CLIENT_2943,55,CaronBourg,M,2025-06-22,2025-12-09,1227.49,4,306.87,Email,8,True,5,0,Électronique,10,1,4,1227.49,5,4,5,545,3,Loyal
CLIENT_2944,28,Hubert,F,2023-12-29,2024-08-02,195.31,5,39.06,Direct,0,True,5,479,Mode,8,495,5,195.31,2,5,4,254,1,A risque
CLIENT_2945,26,Grenier,F,2024-04-06,2025-04-09,3360.08,4,840.02,SEA,25,False,4,226,Maison,1,245,4,3360.08,3,4,5,345,0,A risque
CLIENT_2946,38,Techer-la-Forêt,M,2024-07-21,2025-09-23,10446.41,3,3482.14,Social,15,True,5,49,Maison,7,78,3,10446.41,4,3,5,435,0,A risque
CLIENT_2947,35,BonninVille,F,2024-03-27,2025-12-09,75.1,2,37.55,Email,8,False,3,0,Maison,10,1,2,75.1,5,2,3,523,2,Potentiel
CLIENT_2948,44,Deschamps,M,2025-08-12,2025-12-09,101.25,4,25.31,Direct,0,True,5,0,Loisirs,7,1,4,101.25,5,4,3,543,3,Loyal
CLIENT_2949,50,CaronBourg,M,2024-05-15,2024-09-03,525.47,1,525.47,Email,8,False,3,462,Alimentation,9,463,1,525.47,2,1,5,215,4,Dormant
CLIENT_2950,53,Delorme,F,2024-05-07,2024-05-27,1614.51,5,322.9,Email,8,True,5,547,Loisirs,8,562,5,1614.51,2,5,5,255,0,A risque
CLIENT_2951,45,Baudry,F,2024-05-06,2024-07-31,81.35,3,27.12,SEA,25,False,2,478,Électronique,4,497,3,81.35,2,3,3,233,1,A risque
CLIENT_2952,63,BonninVille,F,2023-04-28,2025-10-25,60.65,3,20.22,SEA,25,True,5,16,Maison,1,46,3,60.65,4,3,2,432,1,A risque
CLIENT_2953,31,Sainte Genevièvenec,M,2023-03-20,2024-02-08,78.72,7,11.25,Direct,0,True,3,670,Maison,1,671,7,78.72,1,5,3,153,1,A risque
CLIENT_2954,31,Sainte Genevièvenec,M,2024-06-28,2025-05-14,6707.13,1,6707.13,Social,15,False,5,195,Électronique,2,210,1,6707.13,3,1,5,315,0,A risque
CLIENT_2955,55,Techer-la-Forêt,F,2025-04-16,2025-10-02,51.25,1,51.25,Email,8,False,2,53,Loisirs,5,69,1,51.25,4,1,2,412,4,Dormant
CLIENT_2956,33,Grenier,M,2024-11-09,2025-02-01,3510.47,1,3510.47,Social,15,True,5,308,Électronique,7,312,1,3510.47,3,1,5,315,0,A risque
CLIENT_2957,30,Maillard,M,2024-10-03,2025-09-19,68.18,2,34.09,Direct,0,True,3,58,Alimentation,4,82,2,68.18,4,2,2,422,4,Dormant
CLIENT_2958,40,Deschamps,M,2023-03-29,2023-06-06,30.48,2,15.24,Social,15,True,4,910,Loisirs,1,918,2,30.48,1,2,1,121,4,Dormant
CLIENT_2959,20,Leconte-sur-Masson,F,2024-05-12,2025-01-14,115.37,3,38.46,Reference,5,False,5,324,Maison,2,330,3,115.37,3,3,3,333,1,A risque
CLIENT_2960,75,Techer-la-Forêt,M,2025-10-22,2025-12-09,306.4,2,153.2,Reference,5,False,4,0,Loisirs,8,1,2,306.4,5,2,4,524,2,Potentiel
CLIENT_2961,52,Hubert,M,2023-02-22,2024-04-10,81.96,3,27.32,Email,8,True,3,598,Loisirs,6,609,3,81.96,2,3,3,233,1,A risque
CLIENT_2962,31,Techer-la-Forêt,M,2024-04-10,2025-12-09,53.73,2,26.86,Social,15,True,4,0,Loisirs,1,1,2,53.73,5,2,2,522,2,Potentiel
CLIENT_2963,50,Grenier,M,2023-09-14,2024-02-21,126.03,6,21.0,Reference,5,True,3,638,Mode,10,658,6,126.03,1,5,3,153,1,A risque
CLIENT_2964,18,Sanchez,M,2023-01-11,2024-07-10,36.64,4,9.16,Social,15,True,3,497,Maison,5,518,4,36.64,2,4,1,241,1,A risque
CLIENT_2965,23,Techer-la-Forêt,F,2025-10-20,2025-12-09,33.72,1,33.72,SEA,25,True,3,0,Mode,2,1,1,33.72,5,1,1,511,2,Potentiel
CLIENT_2966,30,Deschamps,F,2023-09-01,2024-09-21,32.34,3,10.78,Reference,5,False,2,418,Électronique,2,445,3,32.34,2,3,1,231,1,A risque
CLIENT_2967,23,Baudry,F,2023-01-01,2025-12-09,48.35,2,24.18,SEA,25,False,4,0,Mode,5,1,2,48.35,5,2,2,522,2,Potentiel
CLIENT_2968,34,Techer-la-Forêt,F,2025-07-10,2025-10-26,4457.38,5,891.48,Direct,0,False,5,27,Maison,5,45,5,4457.38,4,5,5,455,0,A risque
CLIENT_2969,52,Sainte Margotboeuf,F,2025-10-16,2025-11-30,78.22,3,26.07,SEA,25,True,4,0,Maison,4,10,3,78.22,4,3,3,433,3,Loyal
CLIENT_2970,38,Sainte Christophe,M,2023-03-08,2024-04-24,650.89,4,162.72,Email,8,False,3,585,Loisirs,1,595,4,650.89,2,4,5,245,0,A risque
CLIENT_2971,37,Baudry,F,2025-09-21,2025-10-21,52.16,3,17.39,Direct,0,True,3,42,Loisirs,9,50,3,52.16,4,3,2,432,1,A risque
CLIENT_2972,18,Delorme,M,2024-01-30,2024-11-22,102.98,6,17.16,Email,8,True,5,378,Mode,6,383,6,102.98,3,5,3,353,1,A risque
CLIENT_2973,55,Sainte Christophe,F,2023-02-16,2023-04-06,39.23,4,9.81,Social,15,True,2,975,Maison,10,979,4,39.23,1,4,1,141,1,A risque
CLIENT_2974,18,Delorme,F,2025-05-27,2025-12-09,51.31,4,12.83,Social,15,True,3,0,Mode,9,1,4,51.31,5,4,2,542,3,Loyal
CLIENT_2975,24,CaronBourg,F,2023-11-25,2024-07-25,116.38,2,58.19,Social,15,True,4,474,Loisirs,10,503,2,116.38,2,2,3,223,4,Dormant
CLIENT_2976,25,Barbenec,M,2023-08-19,2024-08-08,129.53,5,25.91,Social,15,False,4,482,Électronique,1,489,5,129.53,2,5,4,254,1,A risque
CLIENT_2977,59,Meunier,F,2024-10-03,2024-12-30,74.81,1,74.81,SEA,25,True,3,318,Mode,1,345,1,74.81,3,1,3,313,4,Dormant
CLIENT_2978,46,BonninVille,F,2023-07-04,2023-11-29,47.32,3,15.77,Social,15,False,4,724,Alimentation,9,742,3,47.32,1,3,2,132,1,A risque
CLIENT_2979,18,Meunier,M,2023-09-20,2023-11-12,184.99,1,184.99,SEA,25,True,4,735,Électronique,8,759,1,184.99,1,1,4,114,4,Dormant
CLIENT_2980,47,Maillard,F,2023-09-26,2025-04-03,84.42,3,28.14,Direct,0,False,5,226,Loisirs,9,251,3,84.42,3,3,3,333,1,A risque
CLIENT_2981,34,BonninVille,F,2023-09-30,2025-12-09,43.02,3,14.34,SEA,25,True,4,0,Électronique,5,1,3,43.02,5,3,2,532,3,Loyal
CLIENT_2982,40,Peronnec,M,2023-07-03,2024-04-21,118.42,5,23.68,Social,15,True,4,593,Alimentation,3,598,5,118.42,2,5,3,253,1,A risque
CLIENT_2983,39,Delorme,M,2024-08-08,2024-11-26,41.85,2,20.93,Social,15,True,1,352,Mode,3,379,2,41.85,3,2,1,321,4,Dormant
CLIENT_2984,39,Perret,F,2022-12-30,2024-05-20,118.81,4,29.7,Reference,5,True,2,544,Mode,4,569,4,118.81,2,4,3,243,1,A risque
CLIENT_2985,27,Maillard,M,2023-10-15,2025-01-15,135.03,1,135.03,Social,15,True,3,327,Loisirs,7,329,1,135.03,3,1,4,314,4,Dormant
CLIENT_2986,45,Sainte Christophe,M,2023-10-29,2024-12-07,43.4,1,43.4,Email,8,False,4,357,Loisirs,1,368,1,43.4,3,1,2,312,4,Dormant
CLIENT_2987,27,Barbenec,F,2025-08-26,2025-11-24,114.68,2,57.34,Social,15,False,3,0,Mode,10,16,2,114.68,4,2,3,423,2,Potentiel
CLIENT_2988,46,Sainte Christophe,M,2025-04-01,2025-06-21,280.75,3,93.58,Reference,5,False,3,161,Maison,10,172,3,280.75,3,3,4,334,1,A risque
CLIENT_2989,54,Perret,M,2023-12-08,2024-11-01,31.18,4,7.79,Email,8,False,3,380,Mode,1,404,4,31.18,2,4,1,241,1,A risque
CLIENT_2990,20,Gimenez,M,2025-04-16,2025-12-09,83.95,1,83.95,SEA,25,True,3,0,Alimentation,3,1,1,83.95,5,1,3,513,2,Potentiel
CLIENT_2991,52,Hubert,F,2024-10-20,2025-12-09,1288.2,4,322.05,Social,15,True,5,0,Mode,9,1,4,1288.2,5,4,5,545,3,Loyal
CLIENT_2992,54,Sainte Margotboeuf,F,2025-06-04,2025-11-02,476.24,1,476.24,Reference,5,True,4,17,Maison,6,38,1,476.24,4,1,5,415,4,Dormant
CLIENT_2993,59,Sainte Christophe,F,2023-08-07,2023-11-01,95.73,2,47.87,Email,8,True,2,752,Mode,4,770,2,95.73,1,2,3,123,4,Dormant
CLIENT_2994,27,Sainte Christophe,M,2025-11-06,2025-12-09,252.58,4,63.15,Email,8,True,5,0,Mode,1,1,4,252.58,5,4,4,544,3,Loyal
CLIENT_2995,56,Meunier,F,2023-06-10,2024-09-01,271.45,5,54.29,Email,8,False,5,448,Loisirs,2,465,5,271.45,2,5,4,254,1,A risque
CLIENT_2996,18,Hubert,F,2025-10-12,2025-12-09,58.55,5,11.71,Social,15,False,3,0,Électronique,3,1,5,58.55,5,5,2,552,3,Loyal
CLIENT_2997,18,Gimenez,F,2025-10-02,2025-12-09,32.44,6,5.41,Email,8,True,3,0,Alimentation,9,1,6,32.44,5,5,1,551,3,Loyal
CLIENT_2998,46,Maillard,F,2024-05-02,2025-12-09,39.77,4,9.94,SEA,25,True,3,0,Électronique,2,1,4,39.77,5,4,1,541,3,Loyal
CLIENT_2999,70,Baudry,F,2024-12-31,2025-12-09,32.54,2,16.27,Email,8,True,3,0,Alimentation,7,1,2,32.54,5,2,1,521,2,Potentiel
CLIENT_3000,55,BonninVille,F,2025-08-28,2025-12-09,73.16,6,12.19,Social,15,True,3,0,Électronique,2,1,6,73.16,5,5,3,553,3,Loyal
CLIENT_3001,31,Grenier,M,2024-02-29,2025-10-25,80.89,4,20.22,Social,15,False,3,18,Maison,2,46,4,80.89,4,4,3,443,1,A risque
CLIENT_3002,43,BonninVille,F,2024-11-09,2024-12-16,248.05,3,82.68,SEA,25,False,4,355,Mode,5,359,3,248.05,3,3,4,334,1,A risque
CLIENT_3003,53,Maillard,F,2025-01-22,2025-02-16,70.19,4,17.55,SEA,25,True,4,290,Loisirs,6,297,4,70.19,3,4,3,343,1,A risque
CLIENT_3004,20,BonninVille,M,2025-08-10,2025-12-09,32.17,1,32.17,Social,15,False,2,0,Mode,9,1,1,32.17,5,1,1,511,2,Potentiel
CLIENT_3005,32,Perret,M,2025-02-23,2025-10-15,72.58,3,24.19,Reference,5,False,3,27,Alimentation,2,56,3,72.58,4,3,3,433,1,A risque
CLIENT_3006,46,Grenier,M,2025-08-30,2025-12-09,109.74,3,36.58,SEA,25,True,5,0,Maison,2,1,3,109.74,5,3,3,533,3,Loyal
CLIENT_3007,18,CaronBourg,M,2023-05-06,2024-10-14,112.32,7,16.05,Direct,0,True,1,413,Électronique,6,422,7,112.32,2,5,3,253,1,A risque
CLIENT_3008,20,Sainte Christophe,M,2023-06-07,2024-03-09,132.91,5,26.58,Email,8,True,3,623,Mode,1,641,5,132.91,2,5,4,254,1,A risque
CLIENT_3009,47,Deschamps,F,2023-07-15,2025-03-11,32.57,6,5.43,Email,8,False,4,266,Électronique,2,274,6,32.57,3,5,1,351,1,A risque
CLIENT_3010,45,Deschamps,M,2024-01-09,2025-12-09,54.87,2,27.43,Email,8,False,3,0,Électronique,6,1,2,54.87,5,2,2,522,2,Potentiel
CLIENT_3011,20,Deschamps,F,2024-05-30,2024-06-09,32.98,2,16.49,Email,8,True,2,530,Alimentation,7,549,2,32.98,2,2,1,221,4,Dormant
CLIENT_3012,18,BonninVille,M,2024-02-20,2024-10-10,33.11,3,11.04,Social,15,False,5,399,Loisirs,5,426,3,33.11,2,3,1,231,1,A risque
CLIENT_3013,18,Meunier,F,2024-10-02,2025-04-17,37.7,2,18.85,SEA,25,True,3,232,Loisirs,6,237,2,37.7,3,2,1,321,4,Dormant
CLIENT_3014,32,Leconte-sur-Masson,M,2025-07-06,2025-07-29,2828.59,1,2828.59,Reference,5,False,5,116,Alimentation,6,134,1,2828.59,4,1,5,415,0,A risque
CLIENT_3015,41,Deschamps,M,2024-04-30,2025-01-10,39.53,4,9.88,SEA,25,False,4,327,Alimentation,9,334,4,39.53,3,4,1,341,1,A risque
CLIENT_3016,24,Deschamps,M,2025-11-11,2025-11-20,61.69,2,30.84,Email,8,False,4,8,Maison,2,20,2,61.69,4,2,2,422,2,Potentiel
CLIENT_3017,50,Baudry,M,2025-04-28,2025-06-26,47.13,2,23.57,Social,15,True,3,156,Loisirs,10,167,2,47.13,3,2,2,322,4,Dormant
CLIENT_3018,22,Peronnec,M,2025-08-20,2025-12-09,168.65,3,56.22,Social,15,True,4,0,Maison,2,1,3,168.65,5,3,4,534,3,Loyal
CLIENT_3019,18,Techer-la-Forêt,M,2024-09-03,2025-12-09,7787.28,2,3893.64,Email,8,True,5,0,Loisirs,5,1,2,7787.28,5,2,5,525,0,A risque
CLIENT_3020,29,Peronnec,M,2025-09-05,2025-12-09,39.28,4,9.82,Reference,5,True,2,0,Loisirs,10,1,4,39.28,5,4,1,541,3,Loyal
CLIENT_3021,29,Deschamps,M,2025-06-23,2025-09-08,98.17,2,49.09,Social,15,True,5,70,Loisirs,1,93,2,98.17,4,2,3,423,4,Dormant
CLIENT_3022,21,CaronBourg,M,2023-08-18,2024-06-23,123.23,5,24.65,Social,15,False,4,525,Loisirs,10,535,5,123.23,2,5,3,253,1,A risque
CLIENT_3023,52,BonninVille,M,2024-07-31,2024-09-25,45.64,2,22.82,Social,15,False,3,420,Alimentation,2,441,2,45.64,2,2,2,222,4,Dormant
CLIENT_3024,44,Deschamps,F,2024-04-28,2025-08-14,30.96,4,7.74,Social,15,False,4,96,Alimentation,3,118,4,30.96,4,4,1,441,1,A risque
CLIENT_3025,52,Sainte Christophe,M,2024-05-11,2025-10-16,44.55,2,22.27,Direct,0,True,2,49,Alimentation,8,55,2,44.55,4,2,2,422,4,Dormant
CLIENT_3026,37,Gimenez,M,2023-09-26,2025-07-15,31.8,3,10.6,Reference,5,False,3,123,Alimentation,3,148,3,31.8,3,3,1,331,1,A risque
CLIENT_3027,22,CaronBourg,F,2024-01-19,2025-06-12,377.0,4,94.25,Direct,0,True,4,151,Alimentation,3,181,4,377.0,3,4,5,345,1,A risque
CLIENT_3028,47,Sainte Christophe,F,2024-04-15,2025-12-09,93.09,2,46.55,Email,8,False,5,0,Loisirs,9,1,2,93.09,5,2,3,523,2,Potentiel
CLIENT_3029,43,Sainte Christophe,F,2024-01-25,2025-05-01,37.86,6,6.31,Direct,0,True,3,203,Électronique,1,223,6,37.86,3,5,1,351,1,A risque
CLIENT_3030,55,Deschamps,F,2023-01-08,2023-07-29,172.7,2,86.35,Social,15,False,4,857,Mode,8,865,2,172.7,1,2,4,124,4,Dormant
CLIENT_3031,39,Leconte-sur-Masson,F,2025-05-02,2025-12-09,208.89,5,41.78,Reference,5,True,5,0,Maison,6,1,5,208.89,5,5,4,554,3,Loyal
CLIENT_3032,42,Techer-la-Forêt,M,2025-04-02,2025-12-09,457.32,2,228.66,Email,8,False,4,0,Électronique,3,1,2,457.32,5,2,5,525,2,Potentiel
CLIENT_3033,58,Meunier,F,2022-12-19,2023-03-11,64.97,2,32.48,Direct,0,True,4,989,Alimentation,9,1005,2,64.97,1,2,2,122,4,Dormant
CLIENT_3034,32,Sanchez,M,2023-03-19,2023-08-12,30.44,5,6.09,Social,15,False,3,845,Mode,8,851,5,30.44,1,5,1,151,1,A risque
CLIENT_3035,50,Baudry,M,2024-09-25,2025-09-25,105.05,3,35.02,Email,8,True,3,53,Électronique,10,76,3,105.05,4,3,3,433,1,A risque
CLIENT_3036,18,Hubert,F,2023-04-30,2023-10-14,2571.23,4,642.81,Social,15,True,3,781,Loisirs,7,788,4,2571.23,1,4,5,145,0,A risque
CLIENT_3037,50,Peronnec,F,2023-03-31,2025-12-09,230.98,4,57.74,Reference,5,False,4,0,Électronique,7,1,4,230.98,5,4,4,544,3,Loyal
CLIENT_3038,37,Delorme,M,2023-01-04,2023-02-13,59.06,2,29.53,Direct,0,True,3,1020,Mode,9,1031,2,59.06,1,2,2,122,4,Dormant
CLIENT_3039,38,Sainte Genevièvenec,F,2023-04-02,2023-07-29,99.04,2,49.52,Email,8,True,5,835,Loisirs,9,865,2,99.04,1,2,3,123,4,Dormant
CLIENT_3040,37,Grenier,F,2024-02-10,2024-09-06,47.42,1,47.42,Social,15,True,5,456,Loisirs,4,460,1,47.42,2,1,2,212,4,Dormant
CLIENT_3041,30,BonninVille,F,2023-04-17,2023-11-28,69.14,1,69.14,Direct,0,True,4,736,Alimentation,3,743,1,69.14,1,1,3,113,4,Dormant
CLIENT_3042,41,Perret,M,2025-05-01,2025-12-09,120.91,1,120.91,Email,8,False,5,0,Loisirs,4,1,1,120.91,5,1,3,513,2,Potentiel
CLIENT_3043,68,BonninVille,M,2023-04-20,2025-12-09,40.21,1,40.21,Email,8,True,4,0,Loisirs,5,1,1,40.21,5,1,1,511,2,Potentiel
CLIENT_3044,52,Sainte Margotboeuf,F,2024-04-28,2024-08-04,36.64,1,36.64,Email,8,False,4,465,Électronique,7,493,1,36.64,2,1,1,211,4,Dormant
CLIENT_3045,62,Gimenez,F,2023-08-02,2024-06-27,56.78,2,28.39,SEA,25,True,4,526,Maison,9,531,2,56.78,2,2,2,222,4,Dormant
CLIENT_3046,37,BonninVille,F,2023-11-15,2024-07-11,407.54,1,407.54,Social,15,True,5,516,Maison,3,517,1,407.54,2,1,5,215,4,Dormant
CLIENT_3047,36,Sainte Christophe,M,2025-01-27,2025-05-06,45.86,2,22.93,SEA,25,True,3,194,Mode,3,218,2,45.86,3,2,2,322,4,Dormant
CLIENT_3048,26,Meunier,F,2025-11-30,2025-12-09,85.48,3,28.49,Direct,0,True,4,0,Alimentation,4,1,3,85.48,5,3,3,533,3,Loyal
CLIENT_3049,18,Deschamps,M,2024-08-16,2025-02-24,147.9,1,147.9,Email,8,False,5,270,Loisirs,4,289,1,147.9,3,1,4,314,4,Dormant
CLIENT_3050,40,Leconte-sur-Masson,F,2024-09-21,2024-10-27,59.2,3,19.73,Email,8,True,4,385,Loisirs,8,409,3,59.2,2,3,2,232,1,A risque
CLIENT_3051,36,Maillard,F,2024-12-26,2025-03-11,34.54,1,34.54,SEA,25,False,4,247,Maison,5,274,1,34.54,3,1,1,311,4,Dormant
CLIENT_3052,18,Sanchez,F,2023-01-03,2024-02-04,480.69,2,240.34,Email,8,True,5,657,Alimentation,8,675,2,480.69,1,2,5,125,4,Dormant
CLIENT_3053,25,Techer-la-Forêt,M,2023-10-06,2024-05-18,67.61,9,7.51,Social,15,True,3,544,Maison,9,571,9,67.61,2,5,2,252,1,A risque
CLIENT_3054,46,Techer-la-Forêt,M,2023-10-16,2024-10-16,39.98,2,19.99,Direct,0,True,3,414,Loisirs,8,420,2,39.98,2,2,1,221,4,Dormant
CLIENT_3055,30,BonninVille,M,2024-09-12,2024-11-11,396.04,2,198.02,Email,8,False,4,393,Loisirs,5,394,2,396.04,2,2,5,225,4,Dormant
CLIENT_3056,19,Techer-la-Forêt,F,2023-06-18,2023-06-30,210.11,2,105.06,Social,15,False,5,886,Alimentation,6,894,2,210.11,1,2,4,124,4,Dormant
CLIENT_3057,43,BonninVille,M,2024-07-10,2025-05-30,1000.6,1,1000.6,Social,15,False,5,172,Loisirs,10,194,1,1000.6,3,1,5,315,0,A risque
CLIENT_3058,29,Sainte Genevièvenec,F,2023-11-02,2025-09-23,104.79,4,26.2,Social,15,False,4,67,Loisirs,9,78,4,104.79,4,4,3,443,1,A risque
CLIENT_3059,42,Perret,M,2024-03-09,2024-08-06,77.88,2,38.94,Social,15,False,3,475,Maison,8,491,2,77.88,2,2,3,223,4,Dormant
CLIENT_3060,34,BonninVille,M,2025-01-31,2025-12-09,154.55,4,38.64,Social,15,True,4,0,Électronique,4,1,4,154.55,5,4,4,544,3,Loyal
CLIENT_3061,46,Sainte Christophe,M,2023-12-17,2025-12-09,148.93,4,37.23,Social,15,True,3,0,Maison,7,1,4,148.93,5,4,4,544,3,Loyal
CLIENT_3062,41,Grenier,F,2025-01-18,2025-09-03,79.89,2,39.95,Social,15,True,4,77,Alimentation,8,98,2,79.89,4,2,3,423,4,Dormant
CLIENT_3063,36,Meunier,M,2023-03-01,2023-05-20,94.99,3,31.66,Direct,0,False,5,929,Maison,8,935,3,94.99,1,3,3,133,1,A risque
CLIENT_3064,41,Barbenec,M,2024-03-29,2024-05-31,560.9,2,280.45,SEA,25,False,5,554,Électronique,1,558,2,560.9,2,2,5,225,0,A risque
CLIENT_3065,54,Sainte Christophe,F,2024-08-30,2025-05-22,2126.09,2,1063.05,Reference,5,True,5,199,Loisirs,10,202,2,2126.09,3,2,5,325,0,A risque
CLIENT_3066,59,Hubert,M,2024-01-10,2024-05-23,107.1,4,26.77,Social,15,False,5,551,Mode,7,566,4,107.1,2,4,3,243,1,A risque
CLIENT_3067,63,Meunier,M,2024-01-18,2025-02-07,216.25,2,108.12,Direct,0,True,4,294,Mode,3,306,2,216.25,3,2,4,324,4,Dormant
CLIENT_3068,22,Deschamps,M,2023-08-26,2025-09-18,221.71,1,221.71,Reference,5,False,4,82,Alimentation,1,83,1,221.71,4,1,4,414,4,Dormant
CLIENT_3069,34,Sainte Christophe,M,2023-08-20,2023-09-15,85.98,2,42.99,Social,15,True,5,787,Mode,1,817,2,85.98,1,2,3,123,4,Dormant
CLIENT_3070,49,Perret,M,2024-12-11,2025-12-09,229.89,1,229.89,SEA,25,True,5,0,Maison,3,1,1,229.89,5,1,4,514,2,Potentiel
CLIENT_3071,30,Gimenez,M,2023-02-20,2024-07-23,52.1,1,52.1,SEA,25,True,5,493,Électronique,10,505,1,52.1,2,1,2,212,4,Dormant
CLIENT_3072,58,Peronnec,F,2025-10-06,2025-12-09,698.21,3,232.74,Social,15,True,5,0,Alimentation,10,1,3,698.21,5,3,5,535,3,Loyal
CLIENT_3073,41,CaronBourg,M,2024-03-18,2025-03-29,72.59,2,36.3,Social,15,True,3,235,Mode,5,256,2,72.59,3,2,3,323,4,Dormant
CLIENT_3074,34,BonninVille,F,2024-07-02,2025-12-09,172.59,2,86.3,Social,15,True,5,0,Alimentation,4,1,2,172.59,5,2,4,524,2,Potentiel
CLIENT_3075,53,Hubert,M,2024-05-20,2025-03-14,34.19,1,34.19,SEA,25,False,3,247,Maison,8,271,1,34.19,3,1,1,311,4,Dormant
CLIENT_3076,61,Gimenez,F,2024-02-02,2024-06-23,122.77,1,122.77,Reference,5,True,5,534,Maison,2,535,1,122.77,2,1,3,213,4,Dormant
CLIENT_3077,47,Sainte Margotboeuf,M,2023-01-18,2023-04-26,44.17,1,44.17,Direct,0,False,4,942,Mode,8,959,1,44.17,1,1,2,112,4,Dormant
CLIENT_3078,27,Deschamps,F,2024-06-18,2024-06-28,1277.94,2,638.97,Social,15,True,5,515,Mode,7,530,2,1277.94,2,2,5,225,0,A risque
CLIENT_3079,22,Grenier,M,2023-12-19,2025-04-17,40.83,2,20.41,SEA,25,True,2,213,Maison,7,237,2,40.83,3,2,1,321,4,Dormant
CLIENT_3080,46,Peronnec,F,2024-05-08,2024-07-28,148.5,1,148.5,SEA,25,True,1,482,Électronique,10,500,1,148.5,2,1,4,214,4,Dormant
CLIENT_3081,18,Gimenez,M,2025-04-25,2025-08-25,76.83,5,15.37,Email,8,False,2,104,Mode,1,107,5,76.83,4,5,3,453,1,A risque
CLIENT_3082,45,Maillard,F,2023-04-20,2023-06-13,37.57,3,12.52,Social,15,True,4,895,Alimentation,9,911,3,37.57,1,3,1,131,1,A risque
CLIENT_3083,35,Maillard,F,2024-11-16,2025-12-09,33.33,3,11.11,Social,15,True,3,0,Alimentation,3,1,3,33.33,5,3,1,531,3,Loyal
CLIENT_3084,34,Baudry,M,2023-07-03,2025-11-22,31.64,3,10.55,Social,15,False,5,0,Électronique,8,18,3,31.64,4,3,1,431,3,Loyal
CLIENT_3085,27,CaronBourg,F,2023-03-18,2024-09-01,278.68,3,92.89,Direct,0,True,5,438,Électronique,5,465,3,278.68,2,3,4,234,1,A risque
CLIENT_3086,61,Meunier,M,2025-07-13,2025-12-09,256.18,1,256.18,Email,8,True,5,0,Loisirs,7,1,1,256.18,5,1,4,514,2,Potentiel
CLIENT_3087,23,Sainte Genevièvenec,F,2024-12-29,2025-06-12,292.62,2,146.31,Email,8,True,5,165,Alimentation,5,181,2,292.62,3,2,4,324,4,Dormant
CLIENT_3088,32,Sainte Genevièvenec,M,2024-10-19,2024-11-21,93.28,4,23.32,SEA,25,False,5,374,Alimentation,4,384,4,93.28,3,4,3,343,1,A risque
CLIENT_3089,25,Baudry,M,2023-02-20,2023-02-25,67.92,4,16.98,Direct,0,True,3,1013,Loisirs,1,1019,4,67.92,1,4,2,142,1,A risque
CLIENT_3090,55,Sainte Margotboeuf,F,2024-01-17,2024-02-15,185.8,7,26.54,Email,8,True,3,663,Alimentation,4,664,7,185.8,1,5,4,154,1,A risque
CLIENT_3091,45,Barbenec,M,2022-12-12,2023-02-27,43.75,6,7.29,Email,8,False,3,987,Mode,9,1017,6,43.75,1,5,2,152,1,A risque
CLIENT_3092,39,Sainte Genevièvenec,F,2023-04-04,2023-12-27,122.33,3,40.78,SEA,25,True,2,691,Loisirs,8,714,3,122.33,1,3,3,133,1,A risque
CLIENT_3093,45,Sanchez,F,2025-01-31,2025-12-09,174.66,3,58.22,Social,15,False,3,0,Mode,5,1,3,174.66,5,3,4,534,3,Loyal
CLIENT_3094,50,Grenier,F,2025-01-27,2025-12-09,73.4,1,73.4,Email,8,True,4,0,Loisirs,6,1,1,73.4,5,1,3,513,2,Potentiel
CLIENT_3095,40,Hubert,M,2025-04-17,2025-12-09,68.39,1,68.39,Social,15,True,3,0,Loisirs,4,1,1,68.39,5,1,2,512,2,Potentiel
CLIENT_3096,18,Sanchez,M,2023-12-01,2025-12-09,48.18,3,16.06,Social,15,True,4,0,Loisirs,2,1,3,48.18,5,3,2,532,3,Loyal
CLIENT_3097,57,Perret,F,2023-11-26,2025-06-04,43.65,4,10.91,Social,15,True,3,184,Électronique,2,189,4,43.65,3,4,2,342,1,A risque
CLIENT_3098,63,Peronnec,M,2023-03-29,2023-06-28,252.92,4,63.23,Direct,0,True,4,877,Mode,2,896,4,252.92,1,4,4,144,1,A risque
CLIENT_3099,18,Barbenec,F,2024-04-12,2024-10-17,473.23,2,236.62,Email,8,False,5,412,Alimentation,3,419,2,473.23,2,2,5,225,4,Dormant
CLIENT_3100,68,Techer-la-Forêt,F,2024-11-22,2025-12-09,31.17,1,31.17,SEA,25,False,4,0,Mode,6,1,1,31.17,5,1,1,511,2,Potentiel
CLIENT_3101,75,Delorme,M,2024-06-28,2025-11-07,447.15,6,74.52,Social,15,True,5,21,Mode,10,33,6,447.15,4,5,5,455,3,Loyal
CLIENT_3102,38,Baudry,F,2025-05-23,2025-08-22,54.72,2,27.36,Social,15,True,3,91,Alimentation,4,110,2,54.72,4,2,2,422,4,Dormant
CLIENT_3103,42,Deschamps,F,2024-09-10,2025-07-05,37.25,2,18.62,Direct,0,True,4,157,Loisirs,10,158,2,37.25,3,2,1,321,4,Dormant
CLIENT_3104,27,Baudry,M,2024-09-17,2024-12-14,7753.98,6,1292.33,Email,8,True,5,345,Loisirs,3,361,6,7753.98,3,5,5,355,0,A risque
CLIENT_3105,59,BonninVille,F,2024-07-17,2025-12-09,119.96,5,23.99,Social,15,True,2,0,Maison,7,1,5,119.96,5,5,3,553,3,Loyal
CLIENT_3106,57,Grenier,M,2023-09-08,2025-10-09,57.65,2,28.82,Email,8,True,5,51,Maison,5,62,2,57.65,4,2,2,422,4,Dormant
CLIENT_3107,35,Techer-la-Forêt,M,2025-03-22,2025-12-09,39.6,3,13.2,Social,15,True,3,0,Mode,4,1,3,39.6,5,3,1,531,3,Loyal
CLIENT_3108,38,Peronnec,F,2024-01-30,2024-04-02,450.97,1,450.97,Email,8,True,5,591,Mode,7,617,1,450.97,2,1,5,215,4,Dormant
CLIENT_3109,23,Sainte Margotboeuf,F,2025-05-19,2025-07-05,158.24,2,79.12,SEA,25,True,3,137,Maison,8,158,2,158.24,3,2,4,324,4,Dormant
CLIENT_3110,18,BonninVille,F,2023-11-19,2025-06-08,266.52,4,66.63,Direct,0,True,4,180,Alimentation,10,185,4,266.52,3,4,4,344,1,A risque
CLIENT_3111,18,Baudry,M,2024-06-12,2025-10-04,33.13,1,33.13,SEA,25,True,2,54,Électronique,6,67,1,33.13,4,1,1,411,4,Dormant
CLIENT_3112,42,Sainte Genevièvenec,M,2023-04-21,2023-12-28,96.11,2,48.05,SEA,25,False,4,707,Maison,5,713,2,96.11,1,2,3,123,4,Dormant
CLIENT_3113,47,Delorme,F,2025-09-18,2025-11-04,839.51,5,167.9,SEA,25,True,5,8,Alimentation,5,36,5,839.51,4,5,5,455,0,A risque
CLIENT_3114,38,BonninVille,M,2024-10-14,2025-12-09,74.14,4,18.54,SEA,25,True,3,0,Mode,3,1,4,74.14,5,4,3,543,3,Loyal
CLIENT_3115,22,Gimenez,F,2023-11-04,2023-12-04,4986.34,3,1662.11,SEA,25,False,5,727,Mode,8,737,3,4986.34,1,3,5,135,0,A risque
CLIENT_3116,53,Barbenec,F,2024-10-26,2024-11-21,76.23,6,12.71,SEA,25,False,4,375,Alimentation,1,384,6,76.23,3,5,3,353,1,A risque
CLIENT_3117,46,Grenier,F,2023-07-21,2024-03-26,48.08,4,12.02,Social,15,True,3,618,Alimentation,5,624,4,48.08,2,4,2,242,1,A risque
CLIENT_3118,18,Gimenez,F,2025-05-24,2025-09-03,2026.35,6,337.72,Social,15,True,5,96,Alimentation,10,98,6,2026.35,4,5,5,455,0,A risque
CLIENT_3119,36,Maillard,F,2024-02-16,2025-12-09,46.11,3,15.37,Email,8,True,1,0,Mode,5,1,3,46.11,5,3,2,532,3,Loyal
CLIENT_3120,44,Gimenez,M,2025-03-28,2025-07-27,885.95,4,221.49,SEA,25,True,3,131,Maison,2,136,4,885.95,4,4,5,445,0,A risque
CLIENT_3121,49,Sainte Genevièvenec,M,2025-02-04,2025-08-28,40.96,2,20.48,Social,15,False,1,82,Alimentation,5,104,2,40.96,4,2,1,421,4,Dormant
CLIENT_3122,50,Barbenec,M,2024-07-05,2025-12-09,103.53,4,25.88,Social,15,True,3,0,Électronique,6,1,4,103.53,5,4,3,543,3,Loyal
CLIENT_3123,32,Meunier,M,2024-05-31,2024-11-14,58.1,3,19.37,Email,8,False,3,383,Maison,2,391,3,58.1,2,3,2,232,1,A risque
CLIENT_3124,48,Peronnec,M,2025-03-09,2025-06-09,35.7,5,7.14,Social,15,True,2,160,Alimentation,7,184,5,35.7,3,5,1,351,1,A risque
CLIENT_3125,32,Meunier,F,2023-05-25,2023-09-02,332.2,4,83.05,SEA,25,True,5,808,Maison,10,830,4,332.2,1,4,4,144,1,A risque
CLIENT_3126,34,Techer-la-Forêt,F,2024-10-13,2025-12-09,126.08,3,42.03,Reference,5,True,5,0,Loisirs,5,1,3,126.08,5,3,3,533,3,Loyal
CLIENT_3127,62,Perret,F,2023-08-08,2023-12-24,156.48,4,39.12,Social,15,False,4,714,Mode,7,717,4,156.48,1,4,4,144,1,A risque
CLIENT_3128,38,Techer-la-Forêt,M,2024-12-11,2024-12-14,40.89,2,20.45,Email,8,False,5,333,Électronique,2,361,2,40.89,3,2,1,321,4,Dormant
CLIENT_3129,53,Delorme,M,2025-02-19,2025-12-09,33.49,5,6.7,SEA,25,False,3,0,Maison,10,1,5,33.49,5,5,1,551,3,Loyal
CLIENT_3130,33,Sainte Christophe,M,2024-12-09,2025-09-29,250.39,1,250.39,Social,15,False,4,60,Maison,2,72,1,250.39,4,1,4,414,4,Dormant
CLIENT_3131,57,Sainte Margotboeuf,F,2023-07-11,2023-09-06,74.98,4,18.75,SEA,25,True,4,823,Maison,2,826,4,74.98,1,4,3,143,1,A risque
CLIENT_3132,32,Deschamps,F,2023-07-20,2024-09-07,34.54,2,17.27,Social,15,False,3,453,Maison,8,459,2,34.54,2,2,1,221,4,Dormant
CLIENT_3133,34,CaronBourg,M,2023-01-11,2023-02-05,52.63,3,17.54,Email,8,True,4,1036,Alimentation,4,1039,3,52.63,1,3,2,132,1,A risque
CLIENT_3134,30,Deschamps,F,2024-11-28,2024-12-07,56.35,2,28.18,Social,15,True,3,367,Alimentation,3,368,2,56.35,3,2,2,322,4,Dormant
CLIENT_3135,45,Sanchez,F,2024-07-07,2025-12-09,39.26,4,9.81,Social,15,False,3,0,Loisirs,6,1,4,39.26,5,4,1,541,3,Loyal
CLIENT_3136,21,Sainte Christophe,F,2025-07-20,2025-10-04,34.7,2,17.35,Email,8,True,3,59,Loisirs,4,67,2,34.7,4,2,1,421,4,Dormant
CLIENT_3137,53,Maillard,F,2023-04-14,2024-01-11,52.75,8,6.59,Email,8,True,3,670,Loisirs,2,699,8,52.75,1,5,2,152,1,A risque
CLIENT_3138,49,Gimenez,F,2023-10-29,2024-08-19,51.41,2,25.7,Social,15,True,5,460,Électronique,8,478,2,51.41,2,2,2,222,4,Dormant
CLIENT_3139,46,Grenier,M,2023-12-01,2024-03-20,56.3,3,18.77,Social,15,True,3,607,Électronique,1,630,3,56.3,2,3,2,232,1,A risque
CLIENT_3140,50,Barbenec,M,2025-10-14,2025-12-09,407.7,3,135.9,Direct,0,True,5,0,Loisirs,6,1,3,407.7,5,3,5,535,3,Loyal
CLIENT_3141,52,Sanchez,M,2024-06-14,2024-07-29,538.34,5,107.67,Email,8,False,4,497,Mode,8,499,5,538.34,2,5,5,255,1,A risque
CLIENT_3142,40,Techer-la-Forêt,F,2025-03-29,2025-08-14,34.67,5,6.93,Direct,0,True,2,108,Maison,10,118,5,34.67,4,5,1,451,1,A risque
CLIENT_3143,18,Maillard,M,2025-08-30,2025-12-09,54.39,5,10.88,Social,15,True,3,0,Électronique,9,1,5,54.39,5,5,2,552,3,Loyal
CLIENT_3144,46,Sainte Genevièvenec,F,2024-05-26,2025-12-09,31.09,1,31.09,Email,8,True,3,0,Maison,1,1,1,31.09,5,1,1,511,2,Potentiel
CLIENT_3145,40,BonninVille,M,2023-03-31,2024-06-11,30.83,3,10.28,SEA,25,True,3,524,Loisirs,5,547,3,30.83,2,3,1,231,1,A risque
CLIENT_3146,54,Barbenec,F,2024-09-14,2025-12-09,151.23,3,50.41,Email,8,True,4,0,Alimentation,6,1,3,151.23,5,3,4,534,3,Loyal
CLIENT_3147,35,BonninVille,F,2024-01-29,2024-06-12,86.05,3,28.68,Social,15,True,3,518,Électronique,8,546,3,86.05,2,3,3,233,1,A risque
CLIENT_3148,21,Sainte Margotboeuf,F,2024-12-12,2025-02-06,231.53,1,231.53,SEA,25,False,2,292,Loisirs,7,307,1,231.53,3,1,4,314,4,Dormant
CLIENT_3149,18,CaronBourg,F,2024-06-28,2024-08-25,37.84,2,18.92,Social,15,True,3,449,Électronique,1,472,2,37.84,2,2,1,221,4,Dormant
CLIENT_3150,35,Perret,M,2023-11-17,2024-06-21,38.97,4,9.74,Email,8,True,3,516,Alimentation,1,537,4,38.97,2,4,1,241,1,A risque
CLIENT_3151,66,Baudry,F,2024-10-02,2025-12-09,713.45,4,178.36,Social,15,False,5,0,Mode,3,1,4,713.45,5,4,5,545,3,Loyal
CLIENT_3152,65,Perret,M,2025-08-30,2025-09-06,62.92,7,8.99,Reference,5,True,4,79,Alimentation,3,95,7,62.92,4,5,2,452,1,A risque
CLIENT_3153,19,Baudry,F,2024-12-22,2025-12-09,35.61,5,7.12,SEA,25,False,4,0,Maison,10,1,5,35.61,5,5,1,551,3,Loyal
CLIENT_3154,35,Perret,F,2025-01-31,2025-09-05,58.4,1,58.4,Social,15,True,4,80,Loisirs,4,96,1,58.4,4,1,2,412,4,Dormant
CLIENT_3155,38,Baudry,F,2024-12-15,2025-12-09,70.54,2,35.27,Direct,0,True,4,0,Loisirs,3,1,2,70.54,5,2,3,523,2,Potentiel
CLIENT_3156,37,Delorme,M,2024-01-28,2024-05-31,64.13,2,32.06,Social,15,False,1,533,Maison,8,558,2,64.13,2,2,2,222,4,Dormant
CLIENT_3157,35,Grenier,F,2025-07-06,2025-11-12,60.96,4,15.24,Direct,0,True,3,22,Maison,10,28,4,60.96,4,4,2,442,1,A risque
CLIENT_3158,29,Perret,M,2023-03-02,2025-07-19,92.32,6,15.39,Social,15,True,4,118,Mode,6,144,6,92.32,3,5,3,353,1,A risque
CLIENT_3159,27,Deschamps,F,2024-06-22,2025-03-01,39.64,1,39.64,Direct,0,True,5,260,Mode,1,284,1,39.64,3,1,1,311,4,Dormant
CLIENT_3160,50,Deschamps,F,2023-05-24,2023-08-16,233.58,1,233.58,Social,15,True,4,837,Électronique,3,847,1,233.58,1,1,4,114,4,Dormant
CLIENT_3161,39,Sainte Genevièvenec,M,2023-07-10,2023-11-21,182.87,4,45.72,Social,15,True,4,727,Électronique,10,750,4,182.87,1,4,4,144,1,A risque
CLIENT_3162,56,Peronnec,F,2023-04-15,2024-03-20,49.2,4,12.3,Social,15,True,3,613,Loisirs,2,630,4,49.2,2,4,2,242,1,A risque
CLIENT_3163,21,Deschamps,F,2024-10-15,2025-08-28,41.66,3,13.89,Email,8,False,3,102,Alimentation,3,104,3,41.66,4,3,1,431,1,A risque
CLIENT_3164,44,Grenier,F,2023-10-06,2024-05-26,504.4,3,168.13,SEA,25,False,5,545,Alimentation,7,563,3,504.4,2,3,5,235,0,A risque
CLIENT_3165,19,Deschamps,F,2024-01-07,2024-06-21,54.73,6,9.12,SEA,25,True,5,536,Maison,4,537,6,54.73,2,5,2,252,1,A risque
CLIENT_3166,18,Meunier,F,2023-09-03,2023-09-26,456.94,1,456.94,SEA,25,True,5,782,Maison,8,806,1,456.94,1,1,5,115,4,Dormant
CLIENT_3167,37,Techer-la-Forêt,M,2023-10-27,2025-03-02,148.4,3,49.47,SEA,25,False,3,264,Alimentation,3,283,3,148.4,3,3,4,334,1,A risque
CLIENT_3168,75,Meunier,F,2024-07-03,2024-12-18,52.88,1,52.88,Direct,0,True,4,337,Électronique,5,357,1,52.88,3,1,2,312,4,Dormant
CLIENT_3169,18,Sanchez,F,2024-05-07,2025-07-11,63.23,2,31.61,SEA,25,False,4,126,Électronique,5,152,2,63.23,3,2,2,322,4,Dormant
CLIENT_3170,35,Techer-la-Forêt,F,2024-03-02,2024-09-12,33.23,2,16.61,Email,8,False,4,423,Alimentation,2,454,2,33.23,2,2,1,221,4,Dormant
CLIENT_3171,28,Maillard,F,2023-10-29,2024-05-16,280.82,6,46.8,Email,8,True,4,555,Loisirs,5,573,6,280.82,2,5,4,254,1,A risque
CLIENT_3172,45,Hubert,M,2025-05-05,2025-11-16,39.85,4,9.96,Email,8,True,2,0,Électronique,4,24,4,39.85,4,4,1,441,3,Loyal
CLIENT_3173,38,Perret,F,2025-08-07,2025-12-09,88.22,2,44.11,Email,8,True,4,0,Alimentation,6,1,2,88.22,5,2,3,523,2,Potentiel
CLIENT_3174,35,Hubert,M,2023-06-12,2025-12-09,96.6,3,32.2,SEA,25,True,4,0,Maison,1,1,3,96.6,5,3,3,533,3,Loyal
CLIENT_3175,44,Hubert,M,2025-04-03,2025-08-04,32.97,7,4.71,Email,8,True,3,118,Loisirs,1,128,7,32.97,4,5,1,451,1,A risque
CLIENT_3176,29,Barbenec,M,2023-07-19,2023-09-01,208.24,5,41.65,Email,8,True,4,809,Mode,9,831,5,208.24,1,5,4,154,1,A risque
CLIENT_3177,47,Perret,F,2024-06-14,2024-10-12,75.87,3,25.29,Social,15,False,5,416,Mode,10,424,3,75.87,2,3,3,233,1,A risque
CLIENT_3178,45,BonninVille,M,2025-03-22,2025-12-09,38.93,5,7.79,Social,15,False,4,0,Mode,6,1,5,38.93,5,5,1,551,3,Loyal
CLIENT_3179,37,Hubert,M,2024-01-25,2024-12-11,218.81,5,43.76,Social,15,False,4,359,Électronique,5,364,5,218.81,3,5,4,354,1,A risque
CLIENT_3180,35,Techer-la-Forêt,F,2025-08-17,2025-12-09,44.04,3,14.68,Direct,0,True,3,0,Mode,9,1,3,44.04,5,3,2,532,3,Loyal
CLIENT_3181,20,Leconte-sur-Masson,M,2023-04-25,2025-07-21,35.07,2,17.54,Social,15,False,2,117,Maison,8,142,2,35.07,4,2,1,421,4,Dormant
CLIENT_3182,61,BonninVille,F,2024-10-25,2025-07-14,48.74,5,9.75,SEA,25,True,4,125,Maison,9,149,5,48.74,3,5,2,352,1,A risque
CLIENT_3183,32,Grenier,M,2025-10-14,2025-12-09,93.41,3,31.14,Email,8,True,4,0,Alimentation,3,1,3,93.41,5,3,3,533,3,Loyal
CLIENT_3184,18,Leconte-sur-Masson,F,2024-01-15,2025-04-03,30.9,3,10.3,Email,8,True,3,242,Alimentation,1,251,3,30.9,3,3,1,331,1,A risque
CLIENT_3185,37,Sanchez,F,2025-01-23,2025-12-09,178.84,2,89.42,Social,15,False,4,0,Mode,6,1,2,178.84,5,2,4,524,2,Potentiel
CLIENT_3186,52,Barbenec,F,2024-06-23,2025-11-17,31.89,2,15.95,SEA,25,True,3,12,Maison,10,23,2,31.89,4,2,1,421,2,Potentiel
CLIENT_3187,75,Deschamps,F,2025-08-08,2025-12-09,93.51,5,18.7,Reference,5,True,3,0,Mode,1,1,5,93.51,5,5,3,553,3,Loyal
CLIENT_3188,18,Barbenec,F,2023-11-22,2023-12-26,49.08,4,12.27,Email,8,True,5,700,Électronique,6,715,4,49.08,1,4,2,142,1,A risque
CLIENT_3189,24,Deschamps,M,2025-10-01,2025-12-09,223.36,4,55.84,Direct,0,True,5,0,Électronique,5,1,4,223.36,5,4,4,544,3,Loyal
CLIENT_3190,47,Gimenez,F,2025-10-19,2025-12-09,79.89,2,39.95,SEA,25,True,3,0,Mode,8,1,2,79.89,5,2,3,523,2,Potentiel
CLIENT_3191,32,Sainte Margotboeuf,M,2025-03-18,2025-06-03,103.99,2,51.99,SEA,25,True,3,188,Alimentation,1,190,2,103.99,3,2,3,323,4,Dormant
CLIENT_3192,23,Sanchez,M,2025-05-08,2025-06-14,63.02,2,31.51,Direct,0,True,5,162,Loisirs,2,179,2,63.02,3,2,2,322,4,Dormant
CLIENT_3193,58,Sanchez,F,2024-11-06,2025-02-07,49.49,2,24.75,Email,8,True,4,295,Maison,5,306,2,49.49,3,2,2,322,4,Dormant
CLIENT_3194,18,Sainte Genevièvenec,F,2025-01-17,2025-06-04,34.56,3,11.52,Email,8,True,3,178,Électronique,1,189,3,34.56,3,3,1,331,1,A risque
CLIENT_3195,33,Deschamps,F,2024-10-08,2025-12-09,42.77,4,10.69,Social,15,False,4,0,Alimentation,4,1,4,42.77,5,4,2,542,3,Loyal
CLIENT_3196,29,Sainte Margotboeuf,M,2024-04-13,2024-07-22,42.88,1,42.88,Social,15,False,4,487,Maison,7,506,1,42.88,2,1,2,212,4,Dormant
CLIENT_3197,43,Sainte Genevièvenec,F,2023-07-02,2023-10-30,688.65,1,688.65,Social,15,True,5,769,Mode,1,772,1,688.65,1,1,5,115,4,Dormant
CLIENT_3198,26,Gimenez,M,2023-08-24,2023-11-11,5006.93,3,1668.98,Direct,0,False,5,754,Loisirs,8,760,3,5006.93,1,3,5,135,0,A risque
CLIENT_3199,63,Deschamps,M,2023-03-21,2023-06-02,27711.64,4,6927.91,Email,8,True,4,914,Mode,9,922,4,27711.64,1,4,5,145,0,A risque
CLIENT_3200,43,Perret,M,2023-02-28,2024-04-20,47.73,4,11.93,Reference,5,False,3,588,Maison,1,599,4,47.73,2,4,2,242,1,A risque
CLIENT_3201,45,Maillard,M,2023-06-16,2024-01-15,62.67,2,31.34,SEA,25,True,5,665,Électronique,4,695,2,62.67,1,2,2,122,4,Dormant
CLIENT_3202,36,Sainte Genevièvenec,F,2025-05-04,2025-09-30,92.01,5,18.4,Social,15,False,3,47,Électronique,6,71,5,92.01,4,5,3,453,1,A risque
CLIENT_3203,75,Peronnec,M,2023-06-01,2024-03-24,44.01,7,6.29,Email,8,False,4,616,Électronique,10,626,7,44.01,2,5,2,252,1,A risque
CLIENT_3204,18,Sainte Margotboeuf,M,2024-12-06,2024-12-21,98.45,1,98.45,Direct,0,False,4,338,Loisirs,10,354,1,98.45,3,1,3,313,4,Dormant
CLIENT_3205,29,Peronnec,F,2022-12-26,2024-04-16,400.97,1,400.97,Social,15,True,5,586,Alimentation,10,603,1,400.97,2,1,5,215,4,Dormant
CLIENT_3206,18,Baudry,M,2023-04-13,2025-12-09,63.99,4,16.0,Reference,5,True,3,0,Maison,2,1,4,63.99,5,4,2,542,3,Loyal
CLIENT_3207,50,Gimenez,M,2023-11-09,2023-12-06,86.11,4,21.53,Social,15,True,5,732,Alimentation,9,735,4,86.11,1,4,3,143,1,A risque
CLIENT_3208,42,Maillard,M,2025-11-09,2025-12-09,45.24,3,15.08,Email,8,True,4,0,Électronique,3,1,3,45.24,5,3,2,532,3,Loyal
CLIENT_3209,31,Perret,M,2025-11-29,2025-12-09,40.03,1,40.03,Direct,0,True,1,0,Mode,1,1,1,40.03,5,1,1,511,2,Potentiel
CLIENT_3210,53,Peronnec,F,2023-07-29,2023-10-15,122.01,4,30.5,Social,15,True,4,772,Mode,2,787,4,122.01,1,4,3,143,1,A risque
CLIENT_3211,36,Hubert,M,2023-09-05,2023-12-31,306.47,2,153.24,SEA,25,False,5,693,Loisirs,2,710,2,306.47,1,2,4,124,4,Dormant
CLIENT_3212,18,Delorme,M,2024-03-22,2025-11-25,31.15,2,15.57,Direct,0,True,3,11,Alimentation,4,15,2,31.15,4,2,1,421,2,Potentiel
CLIENT_3213,40,Leconte-sur-Masson,M,2025-02-11,2025-04-12,46.66,2,23.33,SEA,25,False,3,223,Loisirs,4,242,2,46.66,3,2,2,322,4,Dormant
CLIENT_3214,29,Sanchez,F,2023-05-13,2023-09-25,45.25,1,45.25,Social,15,False,2,794,Alimentation,7,807,1,45.25,1,1,2,112,4,Dormant
CLIENT_3215,18,BonninVille,M,2023-07-13,2023-08-22,111.62,1,111.62,Reference,5,True,5,840,Mode,8,841,1,111.62,1,1,3,113,4,Dormant
CLIENT_3216,18,Hubert,M,2024-02-28,2024-05-31,31.46,1,31.46,Direct,0,True,3,555,Électronique,5,558,1,31.46,2,1,1,211,4,Dormant
CLIENT_3217,42,Leconte-sur-Masson,F,2023-01-16,2024-02-12,104.74,2,52.37,SEA,25,True,2,647,Loisirs,3,667,2,104.74,1,2,3,123,4,Dormant
CLIENT_3218,26,Techer-la-Forêt,F,2023-12-05,2024-01-31,52.2,2,26.1,SEA,25,True,4,662,Maison,7,679,2,52.2,1,2,2,122,4,Dormant
CLIENT_3219,25,Barbenec,F,2024-10-13,2025-05-26,91.71,6,15.28,Reference,5,True,4,191,Alimentation,6,198,6,91.71,3,5,3,353,1,A risque
CLIENT_3220,27,Sainte Christophe,M,2024-04-25,2025-09-15,53.15,4,13.29,SEA,25,True,3,66,Loisirs,8,86,4,53.15,4,4,2,442,1,A risque
CLIENT_3221,52,Grenier,F,2025-04-09,2025-12-09,67.18,2,33.59,Direct,0,False,4,0,Maison,8,1,2,67.18,5,2,2,522,2,Potentiel
CLIENT_3222,19,Sainte Christophe,F,2024-07-08,2024-08-07,155.2,2,77.6,SEA,25,True,5,476,Alimentation,6,490,2,155.2,2,2,4,224,4,Dormant
CLIENT_3223,33,Sainte Margotboeuf,F,2024-11-09,2025-12-09,179.92,3,59.97,Email,8,False,3,0,Alimentation,4,1,3,179.92,5,3,4,534,3,Loyal
CLIENT_3224,48,Sanchez,M,2025-09-09,2025-12-09,91.09,2,45.55,Email,8,True,4,0,Loisirs,5,1,2,91.09,5,2,3,523,2,Potentiel
CLIENT_3225,54,Baudry,M,2024-11-12,2025-01-04,3114.26,4,778.57,Email,8,True,4,314,Alimentation,8,340,4,3114.26,3,4,5,345,0,A risque
CLIENT_3226,29,Grenier,F,2023-10-02,2023-10-03,84.96,8,10.62,Social,15,True,4,790,Loisirs,5,799,8,84.96,1,5,3,153,1,A risque
CLIENT_3227,18,Barbenec,M,2025-11-27,2025-12-09,227.69,2,113.84,Reference,5,True,5,0,Maison,3,1,2,227.69,5,2,4,524,2,Potentiel
CLIENT_3228,75,Deschamps,F,2023-09-29,2025-01-11,90.09,5,18.02,SEA,25,False,3,310,Électronique,5,333,5,90.09,3,5,3,353,1,A risque
CLIENT_3229,55,Maillard,M,2023-07-04,2023-07-31,65.17,3,21.72,Reference,5,True,5,837,Alimentation,1,863,3,65.17,1,3,2,132,1,A risque
CLIENT_3230,34,Sainte Margotboeuf,M,2025-01-30,2025-08-16,231.97,3,77.32,Social,15,False,3,114,Loisirs,5,116,3,231.97,4,3,4,434,1,A risque
CLIENT_3231,18,Barbenec,F,2025-02-05,2025-12-09,141.15,5,28.23,SEA,25,False,4,0,Maison,9,1,5,141.15,5,5,4,554,3,Loyal
CLIENT_3232,31,BonninVille,F,2023-05-08,2023-09-18,42.82,4,10.71,Social,15,False,3,802,Loisirs,5,814,4,42.82,1,4,2,142,1,A risque
CLIENT_3233,28,CaronBourg,F,2022-12-25,2023-02-19,54.34,5,10.87,SEA,25,False,5,1022,Électronique,8,1025,5,54.34,1,5,2,152,1,A risque
CLIENT_3234,52,Baudry,M,2025-05-11,2025-12-09,7960.98,1,7960.98,Social,15,True,5,0,Mode,1,1,1,7960.98,5,1,5,515,0,A risque
CLIENT_3235,49,Baudry,M,2023-01-20,2023-04-26,365.32,3,121.77,Social,15,False,5,954,Loisirs,2,959,3,365.32,1,3,4,134,1,A risque
CLIENT_3236,26,Sanchez,M,2024-09-05,2025-12-09,1111.53,6,185.25,SEA,25,True,5,0,Maison,9,1,6,1111.53,5,5,5,555,3,Loyal
CLIENT_3237,26,Techer-la-Forêt,M,2025-05-17,2025-06-01,30505.69,2,15252.84,Email,8,True,5,190,Alimentation,6,192,2,30505.69,3,2,5,325,0,A risque
CLIENT_3238,32,Meunier,F,2024-03-24,2024-08-22,47.13,2,23.57,Social,15,False,3,451,Mode,2,475,2,47.13,2,2,2,222,4,Dormant
CLIENT_3239,26,Delorme,M,2025-05-20,2025-06-11,50.07,4,12.52,Reference,5,False,4,170,Alimentation,1,182,4,50.07,3,4,2,342,1,A risque
CLIENT_3240,66,Perret,F,2025-09-11,2025-12-09,47.33,4,11.83,Email,8,False,1,0,Mode,8,1,4,47.33,5,4,2,542,3,Loyal
CLIENT_3241,35,Grenier,F,2024-05-11,2025-05-08,193.88,5,38.78,Reference,5,True,2,205,Électronique,6,216,5,193.88,3,5,4,354,1,A risque
CLIENT_3242,35,Hubert,F,2025-10-23,2025-10-27,91.56,3,30.52,Social,15,False,3,34,Électronique,1,44,3,91.56,4,3,3,433,1,A risque
CLIENT_3243,44,Meunier,M,2024-01-17,2024-03-23,277.08,4,69.27,Reference,5,True,4,611,Loisirs,3,627,4,277.08,2,4,4,244,1,A risque
CLIENT_3244,51,Gimenez,M,2023-07-03,2023-07-14,283.8,6,47.3,SEA,25,False,5,870,Alimentation,1,880,6,283.8,1,5,4,154,1,A risque
CLIENT_3245,42,CaronBourg,F,2024-12-31,2025-12-09,80.14,6,13.36,SEA,25,True,4,0,Maison,6,1,6,80.14,5,5,3,553,3,Loyal
CLIENT_3246,31,Maillard,M,2025-09-27,2025-12-09,34.58,1,34.58,Social,15,False,2,0,Maison,7,1,1,34.58,5,1,1,511,2,Potentiel
CLIENT_3247,68,CaronBourg,M,2023-01-22,2023-01-29,40.42,3,13.47,SEA,25,True,4,1036,Loisirs,8,1046,3,40.42,1,3,1,131,1,A risque
CLIENT_3248,18,Maillard,F,2023-10-14,2024-10-28,34.81,3,11.6,Direct,0,False,3,405,Électronique,4,408,3,34.81,2,3,1,231,1,A risque
CLIENT_3249,38,Meunier,M,2024-11-19,2025-08-21,14915.11,2,7457.56,Email,8,True,5,109,Alimentation,10,111,2,14915.11,4,2,5,425,0,A risque
CLIENT_3250,34,Delorme,F,2025-03-24,2025-12-09,38.52,3,12.84,Direct,0,True,3,0,Maison,5,1,3,38.52,5,3,1,531,3,Loyal
CLIENT_3251,54,Gimenez,F,2025-08-07,2025-11-14,89.63,1,89.63,Social,15,True,3,23,Loisirs,7,26,1,89.63,4,1,3,413,2,Potentiel
CLIENT_3252,34,Baudry,F,2025-09-01,2025-12-09,90.84,4,22.71,Social,15,True,4,0,Loisirs,9,1,4,90.84,5,4,3,543,3,Loyal
CLIENT_3253,61,BonninVille,M,2025-05-26,2025-12-09,40.23,2,20.11,Direct,0,True,4,0,Électronique,9,1,2,40.23,5,2,1,521,2,Potentiel
CLIENT_3254,36,Leconte-sur-Masson,F,2025-08-12,2025-09-27,168.54,7,24.08,Social,15,True,3,47,Alimentation,2,74,7,168.54,4,5,4,454,1,A risque
CLIENT_3255,30,Baudry,F,2023-02-09,2024-09-25,98.23,1,98.23,Email,8,True,5,414,Maison,2,441,1,98.23,2,1,3,213,4,Dormant
CLIENT_3256,30,Maillard,F,2024-01-16,2025-03-25,42.11,3,14.04,Email,8,True,4,243,Loisirs,6,260,3,42.11,3,3,1,331,1,A risque
CLIENT_3257,22,Deschamps,F,2022-12-23,2023-04-09,43.55,2,21.77,SEA,25,True,3,974,Mode,8,976,2,43.55,1,2,2,122,4,Dormant
CLIENT_3258,32,Delorme,F,2025-07-19,2025-12-09,209.92,1,209.92,Social,15,False,4,0,Mode,9,1,1,209.92,5,1,4,514,2,Potentiel
CLIENT_3259,34,Sainte Margotboeuf,M,2024-12-08,2025-12-09,46.9,4,11.72,Reference,5,True,4,0,Loisirs,4,1,4,46.9,5,4,2,542,3,Loyal
CLIENT_3260,51,Hubert,M,2023-12-12,2025-03-06,80.56,1,80.56,Email,8,False,3,257,Loisirs,5,279,1,80.56,3,1,3,313,4,Dormant
CLIENT_3261,41,Maillard,M,2023-09-03,2025-12-09,134.44,5,26.89,Social,15,True,4,0,Électronique,2,1,5,134.44,5,5,4,554,3,Loyal
CLIENT_3262,35,Deschamps,M,2024-02-28,2024-09-24,37.84,4,9.46,Email,8,True,4,427,Loisirs,2,442,4,37.84,2,4,1,241,1,A risque
CLIENT_3263,31,Leconte-sur-Masson,F,2025-04-19,2025-09-08,17806.01,4,4451.5,Social,15,True,5,87,Loisirs,8,93,4,17806.01,4,4,5,445,0,A risque
CLIENT_3264,38,Deschamps,F,2025-03-03,2025-07-29,227.04,4,56.76,SEA,25,True,5,122,Maison,8,134,4,227.04,4,4,4,444,1,A risque
CLIENT_3265,51,CaronBourg,F,2025-05-09,2025-12-09,34.15,1,34.15,Email,8,False,3,0,Loisirs,3,1,1,34.15,5,1,1,511,2,Potentiel
CLIENT_3266,63,Sainte Margotboeuf,F,2023-03-09,2025-06-08,36.12,1,36.12,Social,15,True,1,173,Maison,2,185,1,36.12,3,1,1,311,4,Dormant
CLIENT_3267,57,Grenier,F,2025-11-17,2025-12-09,734.39,2,367.19,Direct,0,True,4,0,Électronique,6,1,2,734.39,5,2,5,525,2,Potentiel
CLIENT_3268,62,Sainte Genevièvenec,F,2023-05-25,2025-09-03,374.77,1,374.77,Social,15,False,3,70,Électronique,3,98,1,374.77,4,1,5,415,4,Dormant
CLIENT_3269,38,Baudry,F,2023-09-09,2023-12-15,166.0,5,33.2,Direct,0,True,4,723,Mode,8,726,5,166.0,1,5,4,154,1,A risque
CLIENT_3270,53,Techer-la-Forêt,M,2025-09-17,2025-10-08,144.68,5,28.94,Social,15,False,4,46,Maison,9,63,5,144.68,4,5,4,454,1,A risque
CLIENT_3271,35,Gimenez,F,2025-11-20,2025-12-09,36.17,1,36.17,Direct,0,True,2,0,Mode,8,1,1,36.17,5,1,1,511,2,Potentiel
CLIENT_3272,63,Sainte Margotboeuf,M,2023-07-24,2023-12-07,130.3,3,43.43,SEA,25,True,5,721,Loisirs,4,734,3,130.3,1,3,4,134,1,A risque
CLIENT_3273,60,Deschamps,M,2025-02-17,2025-10-20,32.29,4,8.07,Social,15,True,3,22,Loisirs,7,51,4,32.29,4,4,1,441,1,A risque
CLIENT_3274,52,Techer-la-Forêt,F,2024-09-06,2024-12-30,48.35,4,12.09,Social,15,True,3,320,Maison,3,345,4,48.35,3,4,2,342,1,A risque
CLIENT_3275,55,Baudry,M,2024-10-17,2025-12-09,115.68,5,23.14,Social,15,False,5,0,Mode,7,1,5,115.68,5,5,3,553,3,Loyal
CLIENT_3276,75,Barbenec,F,2024-09-22,2024-11-29,107.0,3,35.67,Social,15,True,4,354,Loisirs,4,376,3,107.0,3,3,3,333,1,A risque
CLIENT_3277,31,Deschamps,M,2024-02-16,2025-12-09,30.81,1,30.81,SEA,25,True,5,0,Loisirs,7,1,1,30.81,5,1,1,511,2,Potentiel
CLIENT_3278,45,Delorme,F,2023-03-07,2023-03-15,106.06,2,53.03,Email,8,True,3,980,Maison,9,1001,2,106.06,1,2,3,123,4,Dormant
CLIENT_3279,42,Barbenec,M,2023-02-25,2024-04-23,101.25,4,25.31,Reference,5,False,5,589,Alimentation,1,596,4,101.25,2,4,3,243,1,A risque
CLIENT_3280,18,Perret,F,2025-07-26,2025-08-23,60.96,2,30.48,Reference,5,True,5,81,Alimentation,7,109,2,60.96,4,2,2,422,4,Dormant
CLIENT_3281,38,Techer-la-Forêt,M,2024-06-05,2024-07-17,51.35,2,25.68,Direct,0,True,4,486,Mode,7,511,2,51.35,2,2,2,222,4,Dormant
CLIENT_3282,64,Sainte Christophe,M,2025-09-30,2025-12-09,140.49,7,20.07,Email,8,True,4,0,Électronique,4,1,7,140.49,5,5,4,554,3,Loyal
CLIENT_3283,22,Sainte Margotboeuf,F,2025-12-05,2025-12-09,94.79,5,18.96,Email,8,True,4,0,Loisirs,1,1,5,94.79,5,5,3,553,3,Loyal
CLIENT_3284,33,Deschamps,M,2023-07-10,2024-05-29,1252.72,4,313.18,Social,15,False,5,543,Maison,7,560,4,1252.72,2,4,5,245,0,A risque
CLIENT_3285,52,Baudry,F,2023-05-05,2023-05-21,39.65,1,39.65,Social,15,False,4,909,Électronique,1,934,1,39.65,1,1,1,111,4,Dormant
CLIENT_3286,53,Perret,F,2023-04-19,2023-09-06,94.84,5,18.97,Social,15,True,4,802,Loisirs,4,826,5,94.84,1,5,3,153,1,A risque
CLIENT_3287,34,Perret,M,2023-09-15,2023-11-08,6545.76,5,1309.15,Email,8,False,5,745,Alimentation,9,763,5,6545.76,1,5,5,155,0,A risque
CLIENT_3288,59,Maillard,M,2025-09-20,2025-12-09,152.04,4,38.01,SEA,25,False,4,0,Mode,4,1,4,152.04,5,4,4,544,3,Loyal
CLIENT_3289,50,CaronBourg,M,2025-01-22,2025-12-09,135.37,5,27.07,Social,15,False,3,0,Alimentation,9,1,5,135.37,5,5,4,554,3,Loyal
CLIENT_3290,64,Maillard,F,2025-10-06,2025-12-09,53.14,5,10.63,Social,15,False,3,0,Maison,2,1,5,53.14,5,5,2,552,3,Loyal
CLIENT_3291,27,Deschamps,F,2024-09-08,2025-09-27,94.72,2,47.36,Direct,0,False,3,53,Loisirs,3,74,2,94.72,4,2,3,423,4,Dormant
CLIENT_3292,24,Deschamps,M,2024-01-01,2024-08-07,47.45,3,15.82,SEA,25,False,4,472,Électronique,4,490,3,47.45,2,3,2,232,1,A risque
CLIENT_3293,18,Techer-la-Forêt,F,2023-05-04,2024-03-19,1076.68,2,538.34,Direct,0,False,5,600,Maison,4,631,2,1076.68,2,2,5,225,0,A risque
CLIENT_3294,40,Delorme,M,2024-01-01,2024-01-12,33.7,3,11.23,SEA,25,False,3,678,Maison,4,698,3,33.7,1,3,1,131,1,A risque
CLIENT_3295,35,Delorme,F,2025-07-26,2025-12-09,396.07,7,56.58,Email,8,False,5,0,Mode,6,1,7,396.07,5,5,5,555,3,Loyal
CLIENT_3296,35,Perret,M,2025-09-26,2025-12-09,1121.47,1,1121.47,Email,8,False,5,0,Alimentation,8,1,1,1121.47,5,1,5,515,2,Potentiel
CLIENT_3297,29,Meunier,F,2024-10-25,2025-10-21,171.48,2,85.74,Social,15,True,5,24,Alimentation,5,50,2,171.48,4,2,4,424,4,Dormant
CLIENT_3298,21,Peronnec,F,2024-09-20,2025-01-03,77.44,2,38.72,SEA,25,False,3,311,Maison,3,341,2,77.44,3,2,3,323,4,Dormant
CLIENT_3299,48,Peronnec,M,2025-08-06,2025-12-09,32.19,4,8.05,Direct,0,True,3,0,Loisirs,7,1,4,32.19,5,4,1,541,3,Loyal
CLIENT_3300,37,Grenier,F,2024-06-07,2025-01-15,34.23,4,8.56,Reference,5,False,2,324,Loisirs,7,329,4,34.23,3,4,1,341,1,A risque
CLIENT_3301,23,Grenier,M,2025-06-23,2025-12-09,99.41,3,33.14,SEA,25,False,3,0,Électronique,1,1,3,99.41,5,3,3,533,3,Loyal
CLIENT_3302,41,Sanchez,M,2024-12-01,2025-12-09,95.17,4,23.79,Social,15,False,5,0,Maison,6,1,4,95.17,5,4,3,543,3,Loyal
CLIENT_3303,66,Techer-la-Forêt,F,2022-12-23,2023-02-04,196.76,1,196.76,Email,8,True,4,1020,Électronique,10,1040,1,196.76,1,1,4,114,4,Dormant
CLIENT_3304,32,Perret,M,2024-08-28,2024-12-30,218.84,2,109.42,Social,15,True,5,325,Mode,2,345,2,218.84,3,2,4,324,4,Dormant
CLIENT_3305,34,Meunier,M,2024-12-18,2025-12-09,41.16,4,10.29,Direct,0,True,3,0,Alimentation,8,1,4,41.16,5,4,1,541,3,Loyal
CLIENT_3306,33,Sanchez,M,2025-09-15,2025-12-09,72.2,1,72.2,Reference,5,True,3,0,Loisirs,2,1,1,72.2,5,1,3,513,2,Potentiel
CLIENT_3307,20,Sainte Christophe,F,2024-02-13,2025-12-09,40.73,1,40.73,SEA,25,True,2,0,Électronique,5,1,1,40.73,5,1,1,511,2,Potentiel
CLIENT_3308,41,Meunier,F,2024-04-07,2025-12-09,90.9,1,90.9,Email,8,True,3,0,Mode,5,1,1,90.9,5,1,3,513,2,Potentiel
CLIENT_3309,65,Grenier,M,2022-12-22,2023-02-08,167.71,1,167.71,Email,8,True,4,1015,Maison,6,1036,1,167.71,1,1,4,114,4,Dormant
CLIENT_3310,21,Leconte-sur-Masson,F,2024-04-23,2024-07-25,42.21,3,14.07,Social,15,False,2,480,Loisirs,10,503,3,42.21,2,3,1,231,1,A risque
CLIENT_3311,34,Deschamps,M,2023-03-27,2024-04-09,76.68,4,19.17,Email,8,True,3,587,Maison,1,610,4,76.68,2,4,3,243,1,A risque
CLIENT_3312,18,Sainte Genevièvenec,M,2024-08-15,2025-01-18,6463.78,2,3231.89,Social,15,False,5,324,Alimentation,6,326,2,6463.78,3,2,5,325,0,A risque
CLIENT_3313,18,BonninVille,F,2025-11-03,2025-12-09,75.51,5,15.1,Email,8,True,4,0,Électronique,7,1,5,75.51,5,5,3,553,3,Loyal
CLIENT_3314,54,Sainte Genevièvenec,F,2024-03-04,2024-05-07,48.73,5,9.75,Email,8,True,4,575,Électronique,9,582,5,48.73,2,5,2,252,1,A risque
CLIENT_3315,27,Hubert,M,2023-06-10,2024-02-15,119.61,1,119.61,Reference,5,True,3,638,Alimentation,9,664,1,119.61,1,1,3,113,4,Dormant
CLIENT_3316,41,Hubert,F,2024-01-01,2024-08-31,340.82,1,340.82,Social,15,False,4,450,Loisirs,5,466,1,340.82,2,1,4,214,4,Dormant
CLIENT_3317,30,Techer-la-Forêt,M,2022-12-18,2023-01-27,41.0,4,10.25,Social,15,True,3,1031,Loisirs,9,1048,4,41.0,1,4,1,141,1,A risque
CLIENT_3318,21,Baudry,F,2024-06-16,2025-07-29,45.21,2,22.61,SEA,25,True,3,118,Électronique,10,134,2,45.21,4,2,2,422,4,Dormant
CLIENT_3319,55,Barbenec,F,2023-11-08,2024-12-31,1857.64,5,371.53,SEA,25,False,5,319,Mode,4,344,5,1857.64,3,5,5,355,0,A risque
CLIENT_3320,60,Sainte Margotboeuf,M,2025-08-13,2025-12-09,88.33,3,29.44,Direct,0,False,3,0,Maison,7,1,3,88.33,5,3,3,533,3,Loyal
CLIENT_3321,58,Sainte Margotboeuf,M,2023-07-11,2023-09-12,83.27,2,41.63,Social,15,True,2,807,Alimentation,10,820,2,83.27,1,2,3,123,4,Dormant
CLIENT_3322,32,Delorme,F,2023-08-25,2023-12-06,116.64,2,58.32,Social,15,True,4,715,Maison,2,735,2,116.64,1,2,3,123,4,Dormant
CLIENT_3323,43,Techer-la-Forêt,F,2023-05-15,2023-12-15,31.54,4,7.88,Email,8,True,4,706,Mode,2,726,4,31.54,1,4,1,141,1,A risque
CLIENT_3324,51,Meunier,M,2024-02-09,2025-06-16,110.44,3,36.81,SEA,25,True,4,161,Mode,7,177,3,110.44,3,3,3,333,1,A risque
CLIENT_3325,38,Hubert,F,2024-02-29,2024-11-23,2410.47,3,803.49,Email,8,False,5,354,Loisirs,7,382,3,2410.47,3,3,5,335,0,A risque
CLIENT_3326,45,Perret,M,2023-03-09,2023-07-17,35.87,2,17.93,Social,15,False,2,851,Mode,10,877,2,35.87,1,2,1,121,4,Dormant
CLIENT_3327,49,Maillard,M,2025-07-29,2025-12-09,532.41,2,266.2,Social,15,True,5,0,Mode,10,1,2,532.41,5,2,5,525,2,Potentiel
CLIENT_3328,31,Techer-la-Forêt,F,2024-09-19,2025-05-04,256.9,1,256.9,Reference,5,False,4,218,Électronique,3,220,1,256.9,3,1,4,314,4,Dormant
CLIENT_3329,58,Maillard,M,2025-01-21,2025-08-09,1285.82,5,257.16,Email,8,True,5,99,Loisirs,9,123,5,1285.82,4,5,5,455,0,A risque
CLIENT_3330,37,Peronnec,F,2024-12-12,2025-12-09,758.02,5,151.6,Social,15,True,5,0,Loisirs,4,1,5,758.02,5,5,5,555,3,Loyal
CLIENT_3331,36,Meunier,M,2023-03-02,2023-08-04,981.06,3,327.02,Social,15,True,5,834,Électronique,10,859,3,981.06,1,3,5,135,0,A risque
CLIENT_3332,46,Baudry,F,2025-09-13,2025-12-09,57.86,4,14.46,Social,15,True,5,0,Alimentation,4,1,4,57.86,5,4,2,542,3,Loyal
CLIENT_3333,52,Sainte Margotboeuf,F,2024-04-02,2024-05-04,73.36,4,18.34,Email,8,True,3,569,Électronique,3,585,4,73.36,2,4,3,243,1,A risque
CLIENT_3334,49,Techer-la-Forêt,M,2023-03-03,2023-09-23,88.18,1,88.18,Email,8,True,4,796,Mode,7,809,1,88.18,1,1,3,113,4,Dormant
CLIENT_3335,44,Deschamps,M,2023-08-12,2024-03-12,4427.7,2,2213.85,Direct,0,True,5,610,Électronique,7,638,2,4427.7,2,2,5,225,0,A risque
CLIENT_3336,26,Barbenec,M,2023-07-31,2024-07-19,36.62,3,12.21,Email,8,False,3,504,Alimentation,7,509,3,36.62,2,3,1,231,1,A risque
CLIENT_3337,60,Techer-la-Forêt,M,2023-08-28,2024-03-19,53.42,4,13.36,Reference,5,True,2,629,Maison,7,631,4,53.42,2,4,2,242,1,A risque
CLIENT_3338,45,Sainte Genevièvenec,M,2025-10-13,2025-12-09,71.83,4,17.96,SEA,25,True,4,0,Maison,6,1,4,71.83,5,4,3,543,3,Loyal
CLIENT_3339,29,Sainte Christophe,F,2023-01-18,2025-02-21,137.71,1,137.71,Social,15,True,4,284,Mode,1,292,1,137.71,3,1,4,314,4,Dormant
CLIENT_3340,32,Hubert,F,2023-10-17,2024-02-04,220.82,1,220.82,Social,15,True,5,659,Électronique,1,675,1,220.82,1,1,4,114,4,Dormant
CLIENT_3341,26,Barbenec,M,2024-03-19,2025-02-11,94.6,4,23.65,Email,8,False,5,284,Électronique,8,302,4,94.6,3,4,3,343,1,A risque
CLIENT_3342,49,Meunier,M,2024-06-24,2024-10-17,37.91,9,4.21,Email,8,False,4,408,Mode,9,419,9,37.91,2,5,1,251,1,A risque
CLIENT_3343,25,Sainte Margotboeuf,F,2024-03-04,2024-08-21,32.08,5,6.42,Social,15,True,3,468,Mode,10,476,5,32.08,2,5,1,251,1,A risque
CLIENT_3344,29,Maillard,M,2024-01-12,2024-03-18,1789.93,2,894.97,Email,8,True,5,620,Alimentation,7,632,2,1789.93,2,2,5,225,0,A risque
CLIENT_3345,56,Barbenec,F,2025-11-04,2025-12-09,57.41,5,11.48,SEA,25,True,5,0,Électronique,7,1,5,57.41,5,5,2,552,3,Loyal
CLIENT_3346,60,Hubert,M,2023-09-05,2024-02-02,37.75,1,37.75,Social,15,False,2,652,Maison,6,677,1,37.75,1,1,1,111,4,Dormant
CLIENT_3347,26,Barbenec,F,2024-09-05,2024-11-11,130.9,3,43.63,Email,8,True,4,383,Alimentation,1,394,3,130.9,2,3,4,234,1,A risque
CLIENT_3348,43,Deschamps,F,2023-02-24,2023-04-12,81.44,4,20.36,Social,15,False,4,972,Maison,3,973,4,81.44,1,4,3,143,1,A risque
CLIENT_3349,57,Hubert,F,2025-08-12,2025-12-09,39.81,3,13.27,Email,8,True,3,0,Électronique,5,1,3,39.81,5,3,1,531,3,Loyal
CLIENT_3350,75,Sanchez,F,2024-11-08,2025-08-12,147.91,2,73.95,SEA,25,True,5,118,Alimentation,4,120,2,147.91,4,2,4,424,4,Dormant
CLIENT_3351,18,Hubert,F,2023-08-31,2023-11-25,203.8,5,40.76,Social,15,True,5,722,Électronique,4,746,5,203.8,1,5,4,154,1,A risque
CLIENT_3352,26,Deschamps,M,2024-12-08,2025-12-09,77.11,2,38.55,Email,8,False,4,0,Maison,4,1,2,77.11,5,2,3,523,2,Potentiel
CLIENT_3353,18,Sainte Margotboeuf,F,2024-04-26,2024-06-26,62.38,6,10.4,Social,15,False,5,518,Maison,3,532,6,62.38,2,5,2,252,1,A risque
CLIENT_3354,52,Sainte Genevièvenec,F,2024-08-25,2025-08-25,69.34,5,13.87,Email,8,False,4,98,Loisirs,2,107,5,69.34,4,5,3,453,1,A risque
CLIENT_3355,50,Sanchez,F,2025-05-24,2025-12-09,503.39,6,83.9,Reference,5,True,4,0,Mode,7,1,6,503.39,5,5,5,555,3,Loyal
CLIENT_3356,18,Techer-la-Forêt,F,2025-01-24,2025-12-05,35.6,4,8.9,Social,15,False,2,0,Maison,4,5,4,35.6,4,4,1,441,3,Loyal
CLIENT_3357,43,Sainte Genevièvenec,F,2024-12-10,2025-01-08,734.47,2,367.24,Social,15,True,5,307,Loisirs,3,336,2,734.47,3,2,5,325,0,A risque
CLIENT_3358,69,Grenier,F,2025-06-22,2025-12-09,237.84,5,47.57,Social,15,True,4,0,Loisirs,3,1,5,237.84,5,5,4,554,3,Loyal
CLIENT_3359,28,Sanchez,F,2024-11-21,2025-12-09,3896.88,2,1948.44,Email,8,False,5,0,Loisirs,1,1,2,3896.88,5,2,5,525,0,A risque
CLIENT_3360,62,Deschamps,M,2025-04-22,2025-12-09,156.51,2,78.25,SEA,25,False,5,0,Maison,3,1,2,156.51,5,2,4,524,2,Potentiel
CLIENT_3361,41,Sanchez,F,2025-04-09,2025-05-09,4226.36,1,4226.36,Social,15,False,4,186,Alimentation,3,215,1,4226.36,3,1,5,315,0,A risque
CLIENT_3362,40,Peronnec,M,2023-01-21,2023-07-05,47.34,1,47.34,Email,8,True,4,885,Mode,3,889,1,47.34,1,1,2,112,4,Dormant
CLIENT_3363,18,BonninVille,M,2023-05-13,2023-09-05,81.12,1,81.12,Social,15,False,2,798,Électronique,7,827,1,81.12,1,1,3,113,4,Dormant
CLIENT_3364,43,Meunier,M,2025-07-05,2025-09-30,77.75,5,15.55,Email,8,True,4,66,Mode,3,71,5,77.75,4,5,3,453,1,A risque
CLIENT_3365,41,Sainte Margotboeuf,F,2025-10-03,2025-12-07,74.62,1,74.62,Social,15,True,4,0,Loisirs,2,3,1,74.62,4,1,3,413,2,Potentiel
CLIENT_3366,19,Hubert,M,2023-03-21,2023-07-17,48.09,6,8.02,Social,15,False,2,847,Alimentation,8,877,6,48.09,1,5,2,152,1,A risque
CLIENT_3367,48,Barbenec,F,2023-06-01,2024-01-09,673.41,5,134.68,SEA,25,True,4,671,Loisirs,1,701,5,673.41,1,5,5,155,1,A risque
CLIENT_3368,40,Meunier,M,2024-07-23,2025-02-05,50.54,3,16.85,Social,15,False,5,298,Électronique,4,308,3,50.54,3,3,2,332,1,A risque
CLIENT_3369,18,Leconte-sur-Masson,F,2025-04-08,2025-05-21,34.29,3,11.43,Reference,5,True,3,181,Maison,6,203,3,34.29,3,3,1,331,1,A risque
CLIENT_3370,28,Meunier,F,2023-03-28,2024-07-24,927.83,6,154.64,Social,15,True,2,492,Mode,7,504,6,927.83,2,5,5,255,0,A risque
CLIENT_3371,38,Techer-la-Forêt,M,2023-09-20,2024-01-08,251.49,1,251.49,Social,15,False,4,688,Loisirs,1,702,1,251.49,1,1,4,114,4,Dormant
CLIENT_3372,35,Perret,M,2025-06-22,2025-12-09,41.05,2,20.52,Social,15,True,3,0,Loisirs,10,1,2,41.05,5,2,1,521,2,Potentiel
CLIENT_3373,68,CaronBourg,F,2023-08-24,2023-10-06,77.37,2,38.69,Email,8,False,2,783,Loisirs,9,796,2,77.37,1,2,3,123,4,Dormant
CLIENT_3374,61,BonninVille,M,2025-08-16,2025-12-09,141.91,1,141.91,Social,15,True,4,0,Alimentation,10,1,1,141.91,5,1,4,514,2,Potentiel
CLIENT_3375,36,Hubert,M,2024-10-02,2025-04-29,31.32,5,6.26,Email,8,False,3,211,Loisirs,8,225,5,31.32,3,5,1,351,1,A risque
CLIENT_3376,59,Sainte Margotboeuf,M,2023-10-19,2024-02-02,108.17,5,21.63,SEA,25,False,5,648,Maison,8,677,5,108.17,1,5,3,153,1,A risque
CLIENT_3377,35,BonninVille,F,2024-06-04,2024-08-24,256.09,3,85.36,Social,15,False,5,444,Maison,3,473,3,256.09,2,3,4,234,1,A risque
CLIENT_3378,22,Barbenec,F,2024-02-19,2025-03-22,39.83,2,19.91,Social,15,True,3,238,Mode,9,263,2,39.83,3,2,1,321,4,Dormant
CLIENT_3379,44,Sainte Margotboeuf,M,2024-11-09,2025-12-09,82.96,3,27.65,Email,8,True,4,0,Alimentation,9,1,3,82.96,5,3,3,533,3,Loyal
CLIENT_3380,56,Deschamps,F,2025-06-23,2025-11-13,60.78,1,60.78,SEA,25,True,4,10,Maison,10,27,1,60.78,4,1,2,412,4,Dormant
CLIENT_3381,50,Leconte-sur-Masson,F,2024-11-24,2024-12-24,1112.66,3,370.89,Social,15,True,5,335,Alimentation,7,351,3,1112.66,3,3,5,335,0,A risque
CLIENT_3382,36,Baudry,M,2023-12-07,2024-07-13,130.11,4,32.53,SEA,25,True,5,493,Alimentation,10,515,4,130.11,2,4,4,244,1,A risque
CLIENT_3383,34,Deschamps,M,2025-06-11,2025-08-03,40.68,3,13.56,Email,8,True,3,112,Électronique,7,129,3,40.68,4,3,1,431,1,A risque
CLIENT_3384,28,Sainte Margotboeuf,M,2023-05-04,2025-06-09,9280.77,7,1325.82,Social,15,False,5,173,Maison,4,184,7,9280.77,3,5,5,355,0,A risque
CLIENT_3385,32,Meunier,M,2024-03-03,2024-07-01,712.06,2,356.03,Direct,0,False,5,503,Loisirs,8,527,2,712.06,2,2,5,225,0,A risque
CLIENT_3386,54,Gimenez,M,2024-01-21,2024-07-03,51.09,1,51.09,SEA,25,True,1,521,Loisirs,5,525,1,51.09,2,1,2,212,4,Dormant
CLIENT_3387,38,Hubert,M,2024-07-09,2024-10-19,298.17,5,59.63,Direct,0,True,5,397,Électronique,10,417,5,298.17,2,5,4,254,1,A risque
CLIENT_3388,42,Sainte Genevièvenec,F,2023-12-08,2024-02-15,33.81,2,16.91,Social,15,True,4,660,Mode,2,664,2,33.81,1,2,1,121,4,Dormant
CLIENT_3389,26,Grenier,M,2025-06-24,2025-12-09,53.61,1,53.61,Social,15,True,3,0,Alimentation,8,1,1,53.61,5,1,2,512,2,Potentiel
CLIENT_3390,28,Baudry,F,2023-10-05,2024-09-06,50.61,5,10.12,Social,15,True,5,453,Loisirs,10,460,5,50.61,2,5,2,252,1,A risque
CLIENT_3391,34,Grenier,M,2024-05-28,2025-04-07,63.58,4,15.89,Direct,0,False,3,228,Loisirs,10,247,4,63.58,3,4,2,342,1,A risque
CLIENT_3392,55,Techer-la-Forêt,F,2025-10-11,2025-12-09,41.44,4,10.36,Social,15,True,5,0,Alimentation,8,1,4,41.44,5,4,1,541,3,Loyal
CLIENT_3393,42,Techer-la-Forêt,F,2025-02-23,2025-07-13,171.48,8,21.43,SEA,25,True,4,125,Électronique,6,150,8,171.48,3,5,4,354,1,A risque
CLIENT_3394,52,Grenier,F,2024-08-23,2025-11-11,36.91,1,36.91,Direct,0,True,2,7,Loisirs,4,29,1,36.91,4,1,1,411,4,Dormant
CLIENT_3395,57,Hubert,F,2024-01-08,2025-02-14,407.77,3,135.92,Email,8,True,4,278,Maison,4,299,3,407.77,3,3,5,335,1,A risque
CLIENT_3396,69,Delorme,M,2025-02-27,2025-12-09,48.49,3,16.16,Email,8,False,2,0,Maison,5,1,3,48.49,5,3,2,532,3,Loyal
CLIENT_3397,60,Sainte Genevièvenec,F,2024-07-19,2025-02-23,375.05,3,125.02,Reference,5,True,5,277,Loisirs,7,290,3,375.05,3,3,5,335,1,A risque
CLIENT_3398,32,Meunier,M,2024-11-16,2025-06-30,47.1,2,23.55,Social,15,False,2,156,Maison,7,163,2,47.1,3,2,2,322,4,Dormant
CLIENT_3399,30,Techer-la-Forêt,M,2025-08-25,2025-11-28,65.5,1,65.5,Reference,5,False,4,10,Alimentation,1,12,1,65.5,4,1,2,412,2,Potentiel
CLIENT_3400,44,Meunier,F,2024-07-04,2025-05-14,474.69,2,237.34,Reference,5,True,5,187,Alimentation,3,210,2,474.69,3,2,5,325,4,Dormant
CLIENT_3401,65,Barbenec,M,2023-05-25,2024-08-05,39.61,3,13.2,Social,15,False,4,479,Loisirs,1,492,3,39.61,2,3,1,231,1,A risque
CLIENT_3402,49,Maillard,F,2023-07-23,2023-08-19,89.68,4,22.42,Social,15,True,3,822,Mode,9,844,4,89.68,1,4,3,143,1,A risque
CLIENT_3403,29,Perret,M,2025-03-07,2025-07-02,159.61,2,79.81,Reference,5,False,4,131,Maison,8,161,2,159.61,3,2,4,324,4,Dormant
CLIENT_3404,33,Perret,M,2023-07-19,2025-12-09,45.58,1,45.58,Direct,0,False,4,0,Maison,8,1,1,45.58,5,1,2,512,2,Potentiel
CLIENT_3405,18,Hubert,M,2024-11-19,2025-09-14,43.88,5,8.78,Direct,0,False,1,67,Maison,6,87,5,43.88,4,5,2,452,1,A risque
CLIENT_3406,59,Hubert,M,2024-01-01,2024-05-21,32.03,5,6.41,SEA,25,False,2,553,Mode,10,568,5,32.03,2,5,1,251,1,A risque
CLIENT_3407,48,BonninVille,F,2024-08-28,2025-07-10,228.84,4,57.21,Social,15,True,4,152,Maison,9,153,4,228.84,3,4,4,344,1,A risque
CLIENT_3408,31,Sainte Christophe,F,2025-11-13,2025-12-09,55.03,2,27.52,Social,15,True,3,0,Alimentation,6,1,2,55.03,5,2,2,522,2,Potentiel
CLIENT_3409,27,Deschamps,F,2023-09-12,2024-04-19,120.58,2,60.29,Email,8,False,5,599,Maison,10,600,2,120.58,2,2,3,223,4,Dormant
CLIENT_3410,24,Meunier,M,2023-02-14,2023-03-14,32.79,4,8.2,SEA,25,False,2,999,Mode,2,1002,4,32.79,1,4,1,141,1,A risque
CLIENT_3411,25,BonninVille,M,2025-07-15,2025-12-09,52.75,3,17.58,SEA,25,False,5,0,Électronique,5,1,3,52.75,5,3,2,532,3,Loyal
CLIENT_3412,66,Techer-la-Forêt,F,2024-12-09,2025-12-09,3029.33,4,757.33,Email,8,True,5,0,Maison,8,1,4,3029.33,5,4,5,545,0,A risque
CLIENT_3413,28,Delorme,F,2024-08-31,2024-10-13,38.08,3,12.69,Social,15,True,2,411,Alimentation,3,423,3,38.08,2,3,1,231,1,A risque
CLIENT_3414,19,Sanchez,F,2023-01-28,2024-02-12,212.87,3,70.96,Reference,5,True,5,656,Loisirs,9,667,3,212.87,1,3,4,134,1,A risque
CLIENT_3415,18,Deschamps,M,2025-11-30,2025-12-09,85.03,3,28.34,Direct,0,False,4,0,Alimentation,3,1,3,85.03,5,3,3,533,3,Loyal
CLIENT_3416,60,CaronBourg,F,2025-11-23,2025-12-09,96.08,3,32.03,Direct,0,False,3,0,Loisirs,1,1,3,96.08,5,3,3,533,3,Loyal
CLIENT_3417,59,Maillard,M,2023-05-31,2023-09-22,113.63,4,28.41,Email,8,False,5,793,Maison,1,810,4,113.63,1,4,3,143,1,A risque
CLIENT_3418,20,Perret,M,2023-07-23,2024-10-23,62.12,2,31.06,Reference,5,False,4,409,Loisirs,8,413,2,62.12,2,2,2,222,4,Dormant
CLIENT_3419,44,Techer-la-Forêt,M,2025-09-30,2025-10-09,1405.6,1,1405.6,SEA,25,False,4,56,Loisirs,3,62,1,1405.6,4,1,5,415,0,A risque
CLIENT_3420,22,Meunier,M,2024-02-19,2024-04-01,317.22,4,79.31,SEA,25,True,4,616,Électronique,6,618,4,317.22,2,4,4,244,1,A risque
CLIENT_3421,41,Deschamps,F,2025-03-22,2025-12-09,133.68,5,26.74,Email,8,False,4,0,Électronique,10,1,5,133.68,5,5,4,554,3,Loyal
CLIENT_3422,43,Leconte-sur-Masson,M,2023-04-01,2023-10-29,93.27,5,18.65,SEA,25,False,5,772,Maison,7,773,5,93.27,1,5,3,153,1,A risque
CLIENT_3423,38,Perret,F,2024-06-05,2024-11-26,178.16,3,59.39,Social,15,False,5,360,Loisirs,6,379,3,178.16,3,3,4,334,1,A risque
CLIENT_3424,18,Leconte-sur-Masson,M,2025-07-12,2025-12-09,677.64,3,225.88,Social,15,False,4,0,Mode,9,1,3,677.64,5,3,5,535,3,Loyal
CLIENT_3425,28,Delorme,M,2024-04-13,2024-12-06,128.97,7,18.42,Email,8,False,3,361,Loisirs,1,369,7,128.97,3,5,3,353,1,A risque
CLIENT_3426,57,Baudry,M,2023-10-24,2024-11-11,119.24,3,39.75,SEA,25,False,3,368,Alimentation,5,394,3,119.24,2,3,3,233,1,A risque
CLIENT_3427,70,Perret,F,2024-01-03,2024-02-26,4505.89,2,2252.95,Reference,5,True,5,624,Mode,9,653,2,4505.89,1,2,5,125,0,A risque
CLIENT_3428,48,Deschamps,F,2023-03-31,2024-11-04,66.11,4,16.53,Reference,5,True,4,376,Loisirs,4,401,4,66.11,2,4,2,242,1,A risque
CLIENT_3429,66,BonninVille,F,2024-04-28,2025-12-09,80.15,2,40.08,Direct,0,True,4,0,Mode,4,1,2,80.15,5,2,3,523,2,Potentiel
CLIENT_3430,21,Perret,M,2024-05-04,2024-07-04,107.1,3,35.7,Email,8,False,5,496,Alimentation,7,524,3,107.1,2,3,3,233,1,A risque
CLIENT_3431,53,Barbenec,F,2024-05-03,2024-06-08,176.52,1,176.52,Reference,5,False,5,549,Mode,6,550,1,176.52,2,1,4,214,4,Dormant
CLIENT_3432,23,Grenier,F,2023-11-04,2023-12-28,305.62,2,152.81,Reference,5,True,4,683,Maison,7,713,2,305.62,1,2,4,124,4,Dormant
CLIENT_3433,24,Grenier,M,2024-06-16,2025-09-03,43.96,6,7.33,Email,8,True,2,90,Mode,5,98,6,43.96,4,5,2,452,1,A risque
CLIENT_3434,53,Sainte Christophe,F,2023-01-20,2023-02-20,46.73,2,23.36,Email,8,True,4,998,Mode,8,1024,2,46.73,1,2,2,122,4,Dormant
CLIENT_3435,18,Barbenec,F,2023-12-27,2025-03-19,1199.5,5,239.9,Reference,5,True,5,250,Alimentation,3,266,5,1199.5,3,5,5,355,0,A risque
CLIENT_3436,47,Delorme,M,2025-03-25,2025-10-16,327.12,3,109.04,Reference,5,False,4,38,Maison,2,55,3,327.12,4,3,4,434,1,A risque
CLIENT_3437,60,Leconte-sur-Masson,F,2023-01-15,2023-01-19,64.45,1,64.45,Reference,5,False,4,1043,Alimentation,1,1056,1,64.45,1,1,2,112,4,Dormant
CLIENT_3438,53,Maillard,M,2025-12-06,2025-12-09,198.07,1,198.07,Email,8,True,5,0,Électronique,4,1,1,198.07,5,1,4,514,2,Potentiel
CLIENT_3439,24,Sainte Margotboeuf,M,2025-06-28,2025-06-30,36.28,5,7.26,Reference,5,True,3,136,Mode,3,163,5,36.28,3,5,1,351,1,A risque
CLIENT_3440,51,Delorme,M,2025-01-07,2025-12-09,67.12,5,13.42,Social,15,True,3,0,Électronique,7,1,5,67.12,5,5,2,552,3,Loyal
CLIENT_3441,49,Barbenec,M,2024-04-08,2025-12-09,36.47,3,12.16,Social,15,True,4,0,Mode,6,1,3,36.47,5,3,1,531,3,Loyal
CLIENT_3442,41,Sanchez,F,2023-03-29,2023-09-13,1404.76,1,1404.76,Social,15,False,5,797,Mode,7,819,1,1404.76,1,1,5,115,0,A risque
CLIENT_3443,26,BonninVille,F,2025-01-20,2025-12-09,50.44,4,12.61,Social,15,True,4,0,Mode,6,1,4,50.44,5,4,2,542,3,Loyal
CLIENT_3444,37,Baudry,M,2025-05-25,2025-05-27,24561.75,6,4093.62,SEA,25,False,5,194,Maison,8,197,6,24561.75,3,5,5,355,0,A risque
CLIENT_3445,68,Deschamps,M,2023-04-27,2023-07-18,291.59,3,97.2,Social,15,False,5,873,Mode,8,876,3,291.59,1,3,4,134,1,A risque
CLIENT_3446,33,CaronBourg,F,2023-01-22,2023-04-26,50.01,3,16.67,SEA,25,True,4,953,Électronique,3,959,3,50.01,1,3,2,132,1,A risque
CLIENT_3447,57,Deschamps,F,2023-06-12,2023-11-22,38.83,4,9.71,SEA,25,True,3,731,Maison,6,749,4,38.83,1,4,1,141,1,A risque
CLIENT_3448,35,Sainte Genevièvenec,M,2023-07-30,2024-03-29,177.79,6,29.63,SEA,25,False,3,608,Électronique,8,621,6,177.79,2,5,4,254,1,A risque
CLIENT_3449,27,Meunier,F,2024-08-23,2025-04-26,2637.53,3,879.18,Direct,0,False,5,222,Électronique,1,228,3,2637.53,3,3,5,335,0,A risque
CLIENT_3450,37,Delorme,F,2025-01-08,2025-08-09,285.58,4,71.39,Direct,0,True,4,101,Mode,10,123,4,285.58,4,4,4,444,1,A risque
CLIENT_3451,44,Sanchez,F,2024-08-19,2025-10-11,604.74,2,302.37,Email,8,False,5,39,Mode,7,60,2,604.74,4,2,5,425,0,A risque
CLIENT_3452,46,Sainte Margotboeuf,M,2025-11-04,2025-12-09,43.78,3,14.59,Email,8,False,4,0,Alimentation,6,1,3,43.78,5,3,2,532,3,Loyal
CLIENT_3453,29,Techer-la-Forêt,M,2023-02-18,2025-05-15,135.1,4,33.77,Social,15,False,4,186,Alimentation,10,209,4,135.1,3,4,4,344,1,A risque
CLIENT_3454,18,Baudry,F,2025-08-20,2025-12-09,47.01,7,6.72,Social,15,True,5,0,Loisirs,8,1,7,47.01,5,5,2,552,3,Loyal
CLIENT_3455,26,Meunier,F,2024-08-09,2024-10-30,449.12,4,112.28,Direct,0,True,5,392,Maison,5,406,4,449.12,2,4,5,245,1,A risque
CLIENT_3456,38,Deschamps,M,2025-10-10,2025-12-09,446.13,3,148.71,Social,15,True,5,0,Électronique,9,1,3,446.13,5,3,5,535,3,Loyal
CLIENT_3457,37,Barbenec,M,2024-02-03,2024-06-26,88.4,2,44.2,Email,8,False,3,528,Loisirs,8,532,2,88.4,2,2,3,223,4,Dormant
CLIENT_3458,31,BonninVille,F,2025-02-08,2025-12-09,173.81,1,173.81,Social,15,True,4,0,Loisirs,5,1,1,173.81,5,1,4,514,2,Potentiel
CLIENT_3459,61,Perret,M,2023-09-26,2024-08-22,351.31,2,175.66,Email,8,False,5,454,Maison,6,475,2,351.31,2,2,4,224,4,Dormant
CLIENT_3460,29,Baudry,M,2024-06-22,2024-12-09,1771.62,2,885.81,SEA,25,True,5,360,Alimentation,10,366,2,1771.62,3,2,5,325,0,A risque
CLIENT_3461,73,Techer-la-Forêt,F,2023-09-17,2025-06-27,40.25,7,5.75,Social,15,True,2,147,Alimentation,1,166,7,40.25,3,5,1,351,1,A risque
CLIENT_3462,43,Hubert,M,2023-05-07,2023-12-16,549.49,1,549.49,Direct,0,False,5,710,Maison,5,725,1,549.49,1,1,5,115,4,Dormant
CLIENT_3463,31,Sanchez,F,2024-08-03,2024-11-23,503.57,1,503.57,Social,15,True,2,377,Alimentation,6,382,1,503.57,3,1,5,315,4,Dormant
CLIENT_3464,28,Perret,F,2022-12-10,2025-09-11,37.6,4,9.4,Social,15,True,5,79,Électronique,6,90,4,37.6,4,4,1,441,1,A risque
CLIENT_3465,28,Baudry,F,2025-01-24,2025-09-08,173.65,4,43.41,SEA,25,False,5,92,Électronique,2,93,4,173.65,4,4,4,444,1,A risque
CLIENT_3466,65,Techer-la-Forêt,M,2024-12-31,2025-12-09,32.48,3,10.83,Email,8,False,4,0,Maison,10,1,3,32.48,5,3,1,531,3,Loyal
CLIENT_3467,57,Meunier,F,2023-08-04,2024-12-09,31.58,1,31.58,Direct,0,False,2,355,Maison,8,366,1,31.58,3,1,1,311,4,Dormant
CLIENT_3468,36,Meunier,M,2025-01-13,2025-03-27,103.89,3,34.63,Reference,5,True,5,246,Mode,9,258,3,103.89,3,3,3,333,1,A risque
CLIENT_3469,53,Deschamps,M,2024-04-12,2025-06-18,2070.93,1,2070.93,Email,8,True,5,150,Mode,7,175,1,2070.93,3,1,5,315,0,A risque
CLIENT_3470,41,BonninVille,F,2024-07-08,2024-12-09,162.7,6,27.12,Email,8,False,4,364,Mode,1,366,6,162.7,3,5,4,354,1,A risque
CLIENT_3471,32,BonninVille,M,2025-06-10,2025-12-09,195.05,6,32.51,SEA,25,False,4,0,Électronique,7,1,6,195.05,5,5,4,554,3,Loyal
CLIENT_3472,27,Sainte Genevièvenec,M,2025-06-16,2025-12-09,73.31,2,36.66,Email,8,True,3,0,Mode,6,1,2,73.31,5,2,3,523,2,Potentiel
CLIENT_3473,33,Deschamps,F,2025-01-08,2025-07-10,52.59,3,17.53,Email,8,True,3,125,Loisirs,2,153,3,52.59,3,3,2,332,1,A risque
CLIENT_3474,50,Hubert,F,2025-08-11,2025-12-09,79.2,2,39.6,Social,15,True,2,0,Maison,6,1,2,79.2,5,2,3,523,2,Potentiel
CLIENT_3475,52,BonninVille,F,2023-02-24,2024-03-11,73.43,1,73.43,SEA,25,True,4,635,Électronique,3,639,1,73.43,2,1,3,213,4,Dormant
CLIENT_3476,35,Gimenez,M,2025-04-26,2025-12-09,121.48,3,40.49,Email,8,True,3,0,Loisirs,5,1,3,121.48,5,3,3,533,3,Loyal
CLIENT_3477,50,Deschamps,M,2025-04-07,2025-05-22,38.31,7,5.47,Email,8,False,3,177,Loisirs,2,202,7,38.31,3,5,1,351,1,A risque
CLIENT_3478,53,Baudry,F,2025-09-15,2025-12-09,906.99,4,226.75,Social,15,True,5,0,Loisirs,8,1,4,906.99,5,4,5,545,3,Loyal
CLIENT_3479,39,Sanchez,M,2025-08-01,2025-12-09,37.54,1,37.54,Reference,5,True,3,0,Loisirs,2,1,1,37.54,5,1,1,511,2,Potentiel
CLIENT_3480,55,Perret,M,2024-01-24,2024-02-28,89.53,4,22.38,Social,15,True,2,629,Alimentation,6,651,4,89.53,1,4,3,143,1,A risque
CLIENT_3481,38,Maillard,F,2024-06-18,2024-10-28,34.33,4,8.58,Social,15,False,4,390,Électronique,2,408,4,34.33,2,4,1,241,1,A risque
CLIENT_3482,21,Peronnec,F,2025-08-29,2025-11-30,32.54,1,32.54,Social,15,True,4,4,Loisirs,7,10,1,32.54,4,1,1,411,2,Potentiel
CLIENT_3483,30,Peronnec,F,2024-05-05,2024-11-02,3412.9,5,682.58,Direct,0,False,5,392,Alimentation,1,403,5,3412.9,2,5,5,255,0,A risque
CLIENT_3484,65,Gimenez,F,2023-09-28,2024-05-04,289.43,3,96.48,Reference,5,True,5,562,Maison,8,585,3,289.43,2,3,4,234,1,A risque
CLIENT_3485,25,Baudry,M,2023-02-22,2024-10-25,278.91,5,55.78,SEA,25,False,5,390,Alimentation,9,411,5,278.91,2,5,4,254,1,A risque
CLIENT_3486,18,Barbenec,F,2024-02-16,2025-12-09,279.87,7,39.98,Direct,0,False,5,0,Électronique,8,1,7,279.87,5,5,4,554,3,Loyal
CLIENT_3487,18,Techer-la-Forêt,F,2024-12-22,2025-05-05,247.76,1,247.76,Direct,0,True,5,191,Alimentation,7,219,1,247.76,3,1,4,314,4,Dormant
CLIENT_3488,24,Perret,F,2025-08-28,2025-12-09,42.43,6,7.07,SEA,25,False,3,0,Loisirs,8,1,6,42.43,5,5,1,551,3,Loyal
CLIENT_3489,33,Techer-la-Forêt,F,2024-11-13,2025-12-09,111.08,3,37.03,Email,8,False,5,0,Électronique,9,1,3,111.08,5,3,3,533,3,Loyal
CLIENT_3490,21,Sainte Christophe,M,2022-12-10,2023-12-18,1152.68,1,1152.68,Reference,5,True,5,694,Loisirs,3,723,1,1152.68,1,1,5,115,0,A risque
CLIENT_3491,28,Grenier,M,2025-02-16,2025-12-09,44.72,1,44.72,Social,15,False,3,0,Alimentation,5,1,1,44.72,5,1,2,512,2,Potentiel
CLIENT_3492,45,Leconte-sur-Masson,M,2023-09-07,2023-12-19,36.94,2,18.47,Direct,0,True,1,693,Mode,10,722,2,36.94,1,2,1,121,4,Dormant
CLIENT_3493,18,Baudry,M,2024-05-22,2024-10-12,32.98,2,16.49,Email,8,True,5,417,Alimentation,1,424,2,32.98,2,2,1,221,4,Dormant
CLIENT_3494,33,BonninVille,M,2025-11-19,2025-12-09,149.59,5,29.92,Social,15,True,4,0,Maison,10,1,5,149.59,5,5,4,554,3,Loyal
CLIENT_3495,57,Deschamps,F,2025-03-27,2025-12-09,38.87,1,38.87,SEA,25,False,4,0,Alimentation,1,1,1,38.87,5,1,1,511,2,Potentiel
CLIENT_3496,18,Baudry,M,2024-10-14,2025-04-21,35.07,4,8.77,Social,15,True,3,231,Électronique,4,233,4,35.07,3,4,1,341,1,A risque
CLIENT_3497,44,Sainte Margotboeuf,F,2025-10-17,2025-12-09,150.28,3,50.09,Social,15,False,4,0,Loisirs,2,1,3,150.28,5,3,4,534,3,Loyal
CLIENT_3498,57,Delorme,F,2023-05-22,2023-05-24,51.37,2,25.68,Email,8,True,4,920,Maison,9,931,2,51.37,1,2,2,122,4,Dormant
CLIENT_3499,66,Sanchez,M,2024-04-20,2024-08-31,185.13,2,92.56,SEA,25,True,4,441,Maison,5,466,2,185.13,2,2,4,224,4,Dormant
CLIENT_3500,27,Deschamps,F,2023-08-25,2024-10-03,38.58,6,6.43,SEA,25,True,4,407,Maison,10,433,6,38.58,2,5,1,251,1,A risque
CLIENT_3501,40,Hubert,M,2025-04-29,2025-08-29,38.91,2,19.45,SEA,25,True,2,78,Alimentation,8,103,2,38.91,4,2,1,421,4,Dormant
CLIENT_3502,69,Grenier,M,2024-09-29,2025-12-09,35.81,1,35.81,Reference,5,True,3,0,Alimentation,1,1,1,35.81,5,1,1,511,2,Potentiel
CLIENT_3503,42,Deschamps,F,2023-11-29,2025-12-09,546.43,2,273.21,Direct,0,True,4,0,Loisirs,7,1,2,546.43,5,2,5,525,2,Potentiel
CLIENT_3504,37,Gimenez,F,2023-07-06,2025-05-12,89.86,4,22.46,Direct,0,False,3,210,Loisirs,4,212,4,89.86,3,4,3,343,1,A risque
CLIENT_3505,44,Deschamps,F,2025-05-08,2025-07-14,134.81,3,44.94,Email,8,False,4,147,Électronique,7,149,3,134.81,3,3,4,334,1,A risque
CLIENT_3506,35,CaronBourg,F,2024-06-23,2025-12-09,133.62,3,44.54,Social,15,True,2,0,Maison,7,1,3,133.62,5,3,4,534,3,Loyal
CLIENT_3507,32,Leconte-sur-Masson,M,2025-01-27,2025-02-02,116.82,4,29.2,Social,15,False,4,294,Électronique,4,311,4,116.82,3,4,3,343,1,A risque
CLIENT_3508,32,Sainte Genevièvenec,M,2023-02-28,2023-04-01,78.23,3,26.08,Email,8,False,3,959,Maison,6,984,3,78.23,1,3,3,133,1,A risque
CLIENT_3509,24,Sainte Margotboeuf,F,2023-11-02,2024-03-02,37.81,3,12.6,Social,15,False,2,633,Maison,10,648,3,37.81,1,3,1,131,1,A risque
CLIENT_3510,44,Peronnec,F,2024-06-25,2024-11-22,338.1,4,84.53,Social,15,False,5,370,Loisirs,6,383,4,338.1,3,4,4,344,1,A risque
CLIENT_3511,36,BonninVille,F,2024-02-16,2024-06-14,510.47,4,127.62,Reference,5,True,4,539,Loisirs,7,544,4,510.47,2,4,5,245,1,A risque
CLIENT_3512,20,Meunier,F,2025-03-07,2025-11-21,293.29,1,293.29,Reference,5,False,4,0,Mode,5,19,1,293.29,4,1,4,414,2,Potentiel
CLIENT_3513,55,Delorme,M,2023-03-14,2025-03-01,82.72,1,82.72,Social,15,True,4,255,Mode,7,284,1,82.72,3,1,3,313,4,Dormant
CLIENT_3514,18,Sainte Genevièvenec,F,2025-05-15,2025-12-09,109.11,4,27.28,Social,15,True,5,0,Alimentation,8,1,4,109.11,5,4,3,543,3,Loyal
CLIENT_3515,44,Barbenec,F,2024-08-19,2025-06-30,154.11,5,30.82,Social,15,True,3,158,Alimentation,6,163,5,154.11,3,5,4,354,1,A risque
CLIENT_3516,53,Sainte Margotboeuf,F,2024-04-16,2024-08-14,208.87,3,69.62,Email,8,True,5,481,Alimentation,4,483,3,208.87,2,3,4,234,1,A risque
CLIENT_3517,27,Leconte-sur-Masson,M,2023-12-09,2024-09-12,37.55,4,9.39,Social,15,False,4,441,Électronique,5,454,4,37.55,2,4,1,241,1,A risque
CLIENT_3518,55,Sainte Christophe,F,2023-01-20,2023-04-16,136.23,4,34.06,Social,15,True,4,954,Mode,5,969,4,136.23,1,4,4,144,1,A risque
CLIENT_3519,47,Meunier,F,2025-11-03,2025-12-09,12626.61,2,6313.31,Social,15,False,5,0,Électronique,5,1,2,12626.61,5,2,5,525,0,A risque
CLIENT_3520,49,Sanchez,F,2025-10-21,2025-12-09,33.24,1,33.24,Social,15,True,5,0,Électronique,8,1,1,33.24,5,1,1,511,2,Potentiel
CLIENT_3521,47,Techer-la-Forêt,F,2023-11-21,2023-12-12,43.23,4,10.81,Reference,5,False,4,716,Alimentation,9,729,4,43.23,1,4,2,142,1,A risque
CLIENT_3522,53,Baudry,F,2025-03-03,2025-12-09,124.05,1,124.05,Email,8,True,4,0,Maison,8,1,1,124.05,5,1,3,513,2,Potentiel
CLIENT_3523,36,Sanchez,F,2024-12-11,2025-06-24,31.45,3,10.48,Social,15,False,4,149,Électronique,4,169,3,31.45,3,3,1,331,1,A risque
CLIENT_3524,43,Meunier,F,2023-07-22,2024-04-11,43.18,6,7.2,Email,8,False,5,589,Électronique,7,608,6,43.18,2,5,2,252,1,A risque
CLIENT_3525,48,Peronnec,M,2024-01-09,2024-07-08,665.96,2,332.98,Social,15,True,5,510,Électronique,10,520,2,665.96,2,2,5,225,0,A risque
CLIENT_3526,57,Baudry,F,2025-05-08,2025-07-19,49.19,5,9.84,Email,8,False,3,124,Électronique,9,144,5,49.19,3,5,2,352,1,A risque
CLIENT_3527,44,Perret,F,2024-06-02,2025-10-19,411.81,3,137.27,Direct,0,True,5,34,Mode,7,52,3,411.81,4,3,5,435,0,A risque
CLIENT_3528,63,Sanchez,F,2023-07-10,2023-10-26,659.49,4,164.87,Email,8,True,5,766,Alimentation,2,776,4,659.49,1,4,5,145,0,A risque
CLIENT_3529,41,Sanchez,M,2024-03-21,2024-05-02,78.1,6,13.02,SEA,25,False,5,568,Loisirs,6,587,6,78.1,2,5,3,253,1,A risque
CLIENT_3530,65,Sanchez,F,2025-01-10,2025-12-09,81.26,3,27.09,Direct,0,True,4,0,Mode,3,1,3,81.26,5,3,3,533,3,Loyal
CLIENT_3531,28,BonninVille,M,2025-09-20,2025-12-09,104.37,3,34.79,SEA,25,False,5,0,Électronique,5,1,3,104.37,5,3,3,533,3,Loyal
CLIENT_3532,18,Sanchez,M,2024-08-22,2025-12-09,34.23,4,8.56,SEA,25,True,2,0,Loisirs,9,1,4,34.23,5,4,1,541,3,Loyal
CLIENT_3533,51,Grenier,F,2023-05-26,2023-11-16,30.67,1,30.67,Email,8,True,3,728,Électronique,9,755,1,30.67,1,1,1,111,4,Dormant
CLIENT_3534,40,Delorme,F,2024-08-21,2025-12-09,31.11,3,10.37,Social,15,True,4,0,Loisirs,1,1,3,31.11,5,3,1,531,3,Loyal
CLIENT_3535,33,Baudry,F,2023-10-27,2024-05-25,105.84,3,35.28,Email,8,False,3,549,Mode,9,564,3,105.84,2,3,3,233,1,A risque
CLIENT_3536,18,Barbenec,M,2025-11-05,2025-12-09,157.19,1,157.19,SEA,25,False,5,0,Alimentation,7,1,1,157.19,5,1,4,514,2,Potentiel
CLIENT_3537,34,Baudry,M,2023-08-16,2025-05-22,800.94,1,800.94,SEA,25,False,4,189,Électronique,3,202,1,800.94,3,1,5,315,4,Dormant
CLIENT_3538,63,Gimenez,M,2024-09-23,2025-07-10,44.09,4,11.02,Social,15,True,1,137,Électronique,6,153,4,44.09,3,4,2,342,1,A risque
CLIENT_3539,43,Leconte-sur-Masson,M,2025-11-16,2025-12-09,30.78,3,10.26,Email,8,True,4,0,Loisirs,9,1,3,30.78,5,3,1,531,3,Loyal
CLIENT_3540,51,Peronnec,M,2025-09-29,2025-12-09,41.57,2,20.79,Social,15,True,3,0,Loisirs,8,1,2,41.57,5,2,1,521,2,Potentiel
CLIENT_3541,18,Barbenec,M,2024-03-13,2024-03-19,49.26,3,16.42,Social,15,True,2,602,Alimentation,1,631,3,49.26,2,3,2,232,1,A risque
CLIENT_3542,51,Perret,M,2022-12-27,2024-12-14,134.37,2,67.19,Direct,0,True,4,344,Alimentation,3,361,2,134.37,3,2,4,324,4,Dormant
CLIENT_3543,55,Barbenec,M,2025-07-26,2025-12-09,183.56,1,183.56,Direct,0,True,3,0,Loisirs,4,1,1,183.56,5,1,4,514,2,Potentiel
CLIENT_3544,30,Sainte Margotboeuf,M,2025-06-25,2025-12-09,366.15,5,73.23,SEA,25,False,4,0,Électronique,10,1,5,366.15,5,5,4,554,3,Loyal
CLIENT_3545,52,Gimenez,M,2024-06-20,2025-12-09,116.34,5,23.27,Email,8,True,2,0,Loisirs,2,1,5,116.34,5,5,3,553,3,Loyal
CLIENT_3546,61,Barbenec,F,2025-02-01,2025-12-09,99.01,3,33.0,Social,15,False,3,0,Électronique,8,1,3,99.01,5,3,3,533,3,Loyal
CLIENT_3547,36,Sanchez,M,2024-04-20,2025-12-09,54.47,1,54.47,Email,8,False,5,0,Électronique,9,1,1,54.47,5,1,2,512,2,Potentiel
CLIENT_3548,31,Leconte-sur-Masson,M,2024-01-17,2024-02-18,161.26,3,53.75,Email,8,False,3,648,Loisirs,2,661,3,161.26,1,3,4,134,1,A risque
CLIENT_3549,28,Sainte Genevièvenec,M,2024-03-08,2024-04-12,70.81,5,14.16,Social,15,True,5,580,Loisirs,3,607,5,70.81,2,5,3,253,1,A risque
CLIENT_3550,56,Meunier,M,2024-02-26,2025-12-09,141.87,3,47.29,Social,15,False,4,0,Maison,7,1,3,141.87,5,3,4,534,3,Loyal
CLIENT_3551,40,Peronnec,M,2023-10-23,2024-03-21,131.68,4,32.92,Email,8,True,5,620,Alimentation,9,629,4,131.68,2,4,4,244,1,A risque
CLIENT_3552,43,Grenier,M,2023-08-11,2024-02-18,32.91,3,10.97,SEA,25,True,3,658,Maison,3,661,3,32.91,1,3,1,131,1,A risque
CLIENT_3553,75,Sanchez,M,2025-01-21,2025-02-21,44.29,4,11.07,Email,8,False,4,276,Mode,3,292,4,44.29,3,4,2,342,1,A risque
CLIENT_3554,40,Grenier,M,2024-07-01,2025-12-09,37.32,2,18.66,SEA,25,True,4,0,Loisirs,6,1,2,37.32,5,2,1,521,2,Potentiel
CLIENT_3555,31,Deschamps,F,2023-01-12,2023-01-24,94.26,8,11.78,Social,15,True,3,1021,Électronique,1,1051,8,94.26,1,5,3,153,1,A risque
CLIENT_3556,38,Perret,M,2024-09-21,2024-12-05,61.02,6,10.17,Reference,5,True,2,356,Maison,5,370,6,61.02,3,5,2,352,1,A risque
CLIENT_3557,26,Barbenec,M,2025-10-16,2025-12-09,106.65,4,26.66,Email,8,True,2,0,Maison,1,1,4,106.65,5,4,3,543,3,Loyal
CLIENT_3558,45,Sanchez,F,2024-01-12,2025-03-02,31.38,1,31.38,Social,15,True,4,256,Électronique,9,283,1,31.38,3,1,1,311,4,Dormant
CLIENT_3559,45,Hubert,F,2024-11-26,2025-12-09,220.16,6,36.69,SEA,25,True,3,0,Alimentation,9,1,6,220.16,5,5,4,554,3,Loyal
CLIENT_3560,75,Grenier,F,2023-01-31,2023-03-14,107.51,1,107.51,Direct,0,False,5,975,Maison,4,1002,1,107.51,1,1,3,113,4,Dormant
CLIENT_3561,49,Hubert,F,2025-03-26,2025-12-09,310.04,2,155.02,Social,15,True,5,0,Loisirs,7,1,2,310.04,5,2,4,524,2,Potentiel
CLIENT_3562,18,Sanchez,M,2024-04-30,2024-08-18,146.38,3,48.79,Email,8,True,3,470,Maison,6,479,3,146.38,2,3,4,234,1,A risque
CLIENT_3563,36,Deschamps,M,2024-07-23,2025-12-09,96.95,2,48.48,Email,8,False,3,0,Électronique,3,1,2,96.95,5,2,3,523,2,Potentiel
CLIENT_3564,32,Sainte Christophe,M,2023-03-29,2024-02-13,678.36,7,96.91,SEA,25,False,5,653,Maison,8,666,7,678.36,1,5,5,155,1,A risque
CLIENT_3565,39,Leconte-sur-Masson,F,2025-01-11,2025-12-09,42.18,3,14.06,Email,8,False,4,0,Alimentation,8,1,3,42.18,5,3,1,531,3,Loyal
CLIENT_3566,45,Sainte Christophe,F,2023-12-18,2025-01-11,2646.14,3,882.05,Email,8,True,5,322,Mode,6,333,3,2646.14,3,3,5,335,0,A risque
CLIENT_3567,45,Grenier,F,2024-10-12,2025-12-09,64.61,1,64.61,Social,15,False,3,0,Loisirs,4,1,1,64.61,5,1,2,512,2,Potentiel
CLIENT_3568,39,Sanchez,F,2023-06-09,2023-07-31,164.31,1,164.31,Email,8,False,3,835,Électronique,8,863,1,164.31,1,1,4,114,4,Dormant
CLIENT_3569,40,Baudry,F,2023-05-19,2025-07-28,40.22,4,10.05,Social,15,True,4,130,Mode,6,135,4,40.22,4,4,1,441,1,A risque
CLIENT_3570,43,BonninVille,M,2022-12-23,2023-02-18,38.06,4,9.52,SEA,25,True,4,998,Maison,7,1026,4,38.06,1,4,1,141,1,A risque
CLIENT_3571,46,Peronnec,M,2025-04-23,2025-12-09,79.85,2,39.92,Social,15,True,3,0,Électronique,2,1,2,79.85,5,2,3,523,2,Potentiel
CLIENT_3572,21,Delorme,M,2023-08-02,2023-08-25,77.26,4,19.32,SEA,25,False,4,821,Loisirs,5,838,4,77.26,1,4,3,143,1,A risque
CLIENT_3573,40,BonninVille,F,2024-11-14,2025-12-09,77.55,2,38.77,Social,15,False,4,0,Loisirs,5,1,2,77.55,5,2,3,523,2,Potentiel
CLIENT_3574,58,Gimenez,F,2025-10-26,2025-11-04,276.02,4,69.0,Social,15,True,4,19,Alimentation,9,36,4,276.02,4,4,4,444,1,A risque
CLIENT_3575,24,Deschamps,F,2023-10-14,2024-02-28,3373.66,1,3373.66,Email,8,False,5,625,Loisirs,7,651,1,3373.66,1,1,5,115,0,A risque
CLIENT_3576,44,Deschamps,M,2023-10-10,2024-06-07,34.62,4,8.65,Email,8,True,1,525,Loisirs,5,551,4,34.62,2,4,1,241,1,A risque
CLIENT_3577,45,Peronnec,M,2024-03-23,2024-12-08,54.66,4,13.66,SEA,25,True,3,343,Loisirs,8,367,4,54.66,3,4,2,342,1,A risque
CLIENT_3578,46,Sainte Margotboeuf,F,2024-02-16,2024-10-23,224.74,4,56.19,Reference,5,False,5,401,Mode,8,413,4,224.74,2,4,4,244,1,A risque
CLIENT_3579,42,Sainte Christophe,F,2024-08-25,2025-02-04,74.5,6,12.42,Social,15,True,3,282,Alimentation,8,309,6,74.5,3,5,3,353,1,A risque
CLIENT_3580,18,Sainte Christophe,F,2023-02-15,2024-04-06,40.75,2,20.38,Email,8,True,5,587,Maison,7,613,2,40.75,2,2,1,221,4,Dormant
CLIENT_3581,29,Deschamps,F,2023-12-19,2024-01-28,173.85,7,24.84,Social,15,True,5,679,Électronique,10,682,7,173.85,1,5,4,154,1,A risque
CLIENT_3582,44,CaronBourg,M,2024-08-10,2025-08-21,375.18,4,93.8,SEA,25,True,5,82,Loisirs,6,111,4,375.18,4,4,5,445,1,A risque
CLIENT_3583,52,Gimenez,F,2025-05-08,2025-12-09,41.56,1,41.56,Social,15,False,3,0,Maison,6,1,1,41.56,5,1,1,511,2,Potentiel
CLIENT_3584,28,Sainte Margotboeuf,F,2024-06-01,2025-12-09,341.37,2,170.69,Reference,5,False,5,0,Loisirs,2,1,2,341.37,5,2,4,524,2,Potentiel
CLIENT_3585,69,Leconte-sur-Masson,M,2024-09-08,2025-12-09,37.17,2,18.59,Social,15,False,2,0,Alimentation,9,1,2,37.17,5,2,1,521,2,Potentiel
CLIENT_3586,29,Hubert,M,2025-01-18,2025-06-23,72.93,6,12.16,Email,8,False,3,147,Loisirs,2,170,6,72.93,3,5,3,353,1,A risque
CLIENT_3587,35,Sainte Margotboeuf,M,2025-05-02,2025-10-10,129.25,1,129.25,Social,15,False,4,53,Mode,4,61,1,129.25,4,1,3,413,4,Dormant
CLIENT_3588,73,Techer-la-Forêt,M,2024-12-27,2025-10-21,51.95,4,12.99,Email,8,True,3,28,Loisirs,5,50,4,51.95,4,4,2,442,1,A risque
CLIENT_3589,22,Sainte Margotboeuf,F,2023-10-15,2025-08-21,764.51,2,382.25,Social,15,True,3,104,Électronique,4,111,2,764.51,4,2,5,425,0,A risque
CLIENT_3590,65,Grenier,F,2025-10-29,2025-12-09,57.64,1,57.64,Email,8,False,3,0,Alimentation,9,1,1,57.64,5,1,2,512,2,Potentiel
CLIENT_3591,59,Baudry,M,2025-08-15,2025-09-20,167.81,1,167.81,SEA,25,False,4,75,Électronique,8,81,1,167.81,4,1,4,414,4,Dormant
CLIENT_3592,27,Meunier,F,2024-02-09,2024-08-05,455.02,3,151.67,Email,8,True,5,487,Électronique,2,492,3,455.02,2,3,5,235,1,A risque
CLIENT_3593,64,Maillard,M,2025-11-24,2025-12-09,101.9,1,101.9,Email,8,False,4,0,Électronique,3,1,1,101.9,5,1,3,513,2,Potentiel
CLIENT_3594,53,Deschamps,F,2023-04-28,2023-08-16,30.06,1,30.06,SEA,25,True,3,842,Alimentation,5,847,1,30.06,1,1,1,111,4,Dormant
CLIENT_3595,37,Deschamps,F,2024-03-26,2024-08-01,35.68,3,11.89,Social,15,True,5,487,Loisirs,9,496,3,35.68,2,3,1,231,1,A risque
CLIENT_3596,33,Sanchez,M,2025-05-30,2025-07-25,192.27,1,192.27,Social,15,False,5,133,Mode,7,138,1,192.27,4,1,4,414,4,Dormant
CLIENT_3597,71,Meunier,F,2023-11-28,2024-03-02,461.98,3,153.99,Email,8,True,5,620,Électronique,7,648,3,461.98,1,3,5,135,1,A risque
CLIENT_3598,29,Baudry,M,2023-03-18,2023-06-27,34.7,2,17.35,Reference,5,True,4,880,Électronique,2,897,2,34.7,1,2,1,121,4,Dormant
CLIENT_3599,30,Sainte Genevièvenec,F,2025-10-04,2025-12-09,186.51,2,93.25,Reference,5,True,4,0,Mode,8,1,2,186.51,5,2,4,524,2,Potentiel
CLIENT_3600,36,Perret,F,2023-05-05,2023-08-04,63.48,3,21.16,Social,15,False,5,850,Loisirs,7,859,3,63.48,1,3,2,132,1,A risque
CLIENT_3601,55,BonninVille,M,2024-07-06,2025-10-05,30.28,3,10.09,Direct,0,True,3,51,Mode,4,66,3,30.28,4,3,1,431,1,A risque
CLIENT_3602,18,Baudry,M,2024-12-17,2025-12-09,105.6,3,35.2,Social,15,False,5,0,Alimentation,1,1,3,105.6,5,3,3,533,3,Loyal
CLIENT_3603,38,Leconte-sur-Masson,F,2024-07-26,2025-12-07,40.3,3,13.43,Email,8,False,2,0,Mode,2,3,3,40.3,4,3,1,431,3,Loyal
CLIENT_3604,18,Perret,M,2025-10-21,2025-12-09,31.29,1,31.29,Social,15,True,3,0,Mode,4,1,1,31.29,5,1,1,511,2,Potentiel
CLIENT_3605,61,Barbenec,F,2025-03-01,2025-05-16,1283.39,2,641.7,SEA,25,True,4,205,Loisirs,8,208,2,1283.39,3,2,5,325,0,A risque
CLIENT_3606,41,Barbenec,F,2023-01-19,2023-05-09,74.22,2,37.11,Email,8,True,5,938,Maison,8,946,2,74.22,1,2,3,123,4,Dormant
CLIENT_3607,57,CaronBourg,F,2024-07-08,2024-08-02,38.65,5,7.73,Social,15,True,3,467,Électronique,9,495,5,38.65,2,5,1,251,1,A risque
CLIENT_3608,32,Leconte-sur-Masson,M,2024-08-08,2025-11-22,103.82,3,34.61,Email,8,False,3,4,Alimentation,7,18,3,103.82,4,3,3,433,3,Loyal
CLIENT_3609,48,CaronBourg,F,2023-07-04,2024-10-17,753.45,3,251.15,Email,8,False,4,405,Alimentation,6,419,3,753.45,2,3,5,235,0,A risque
CLIENT_3610,45,Maillard,F,2024-09-05,2025-02-25,108.76,2,54.38,Social,15,True,4,263,Loisirs,8,288,2,108.76,3,2,3,323,4,Dormant
CLIENT_3611,40,Maillard,F,2025-07-12,2025-12-09,331.98,3,110.66,Social,15,True,4,0,Loisirs,7,1,3,331.98,5,3,4,534,3,Loyal
CLIENT_3612,34,Techer-la-Forêt,F,2025-10-01,2025-12-09,2217.0,1,2217.0,Email,8,False,4,0,Loisirs,1,1,1,2217.0,5,1,5,515,2,Potentiel
CLIENT_3613,57,Deschamps,F,2025-10-31,2025-12-09,62.76,2,31.38,Social,15,True,4,0,Mode,1,1,2,62.76,5,2,2,522,2,Potentiel
CLIENT_3614,53,Sainte Margotboeuf,F,2025-02-09,2025-12-09,1058.84,5,211.77,Social,15,False,5,0,Mode,2,1,5,1058.84,5,5,5,555,3,Loyal
CLIENT_3615,49,Perret,F,2025-10-08,2025-10-20,30.26,5,6.05,Email,8,False,5,45,Loisirs,4,51,5,30.26,4,5,1,451,1,A risque
CLIENT_3616,55,Meunier,M,2025-02-13,2025-06-20,199.77,2,99.89,Email,8,True,3,145,Alimentation,6,173,2,199.77,3,2,4,324,4,Dormant
CLIENT_3617,44,Hubert,M,2024-09-04,2024-12-07,105.66,2,52.83,Social,15,False,4,360,Loisirs,6,368,2,105.66,3,2,3,323,4,Dormant
CLIENT_3618,21,Baudry,F,2024-03-12,2024-11-04,243.03,1,243.03,Direct,0,True,4,381,Alimentation,2,401,1,243.03,2,1,4,214,4,Dormant
CLIENT_3619,46,Sainte Genevièvenec,M,2025-03-13,2025-10-27,82.73,5,16.55,Reference,5,False,4,20,Maison,10,44,5,82.73,4,5,3,453,1,A risque
CLIENT_3620,20,Meunier,F,2024-04-10,2024-04-19,55.26,3,18.42,Social,15,False,5,571,Maison,10,600,3,55.26,2,3,2,232,1,A risque
CLIENT_3621,38,Sanchez,M,2023-01-29,2023-06-10,35.34,5,7.07,Email,8,True,3,890,Alimentation,4,914,5,35.34,1,5,1,151,1,A risque
CLIENT_3622,26,Sainte Genevièvenec,F,2024-06-22,2024-08-12,590.48,2,295.24,Email,8,True,4,468,Maison,4,485,2,590.48,2,2,5,225,0,A risque
CLIENT_3623,38,Hubert,F,2024-12-17,2025-11-30,148.24,5,29.65,Direct,0,False,2,0,Mode,9,10,5,148.24,4,5,4,454,3,Loyal
CLIENT_3624,39,Techer-la-Forêt,F,2024-01-30,2024-12-06,169.81,2,84.91,Reference,5,True,5,359,Loisirs,7,369,2,169.81,3,2,4,324,4,Dormant
CLIENT_3625,32,Meunier,F,2025-04-19,2025-08-03,465.44,5,93.09,SEA,25,True,5,121,Alimentation,2,129,5,465.44,4,5,5,455,1,A risque
CLIENT_3626,43,Leconte-sur-Masson,F,2025-01-12,2025-12-09,50.52,2,25.26,Direct,0,False,5,0,Loisirs,3,1,2,50.52,5,2,2,522,2,Potentiel
CLIENT_3627,64,Perret,F,2025-01-27,2025-03-20,142.24,1,142.24,SEA,25,True,5,241,Alimentation,1,265,1,142.24,3,1,4,314,4,Dormant
CLIENT_3628,44,Barbenec,F,2025-04-11,2025-04-20,3287.39,5,657.48,SEA,25,False,5,230,Alimentation,5,234,5,3287.39,3,5,5,355,0,A risque
CLIENT_3629,49,Peronnec,F,2025-02-24,2025-05-27,30.58,5,6.12,Social,15,False,3,169,Mode,10,197,5,30.58,3,5,1,351,1,A risque
CLIENT_3630,27,Techer-la-Forêt,M,2024-05-08,2025-03-25,212.96,6,35.49,Email,8,True,5,248,Mode,8,260,6,212.96,3,5,4,354,1,A risque
CLIENT_3631,27,Sanchez,M,2023-03-11,2025-06-17,523.5,1,523.5,Email,8,False,4,145,Électronique,4,176,1,523.5,3,1,5,315,4,Dormant
CLIENT_3632,40,Delorme,F,2025-03-11,2025-12-09,273.72,6,45.62,Social,15,True,5,0,Mode,2,1,6,273.72,5,5,4,554,3,Loyal
CLIENT_3633,53,Deschamps,F,2023-10-21,2024-10-30,100.06,3,33.35,Direct,0,True,4,386,Maison,9,406,3,100.06,2,3,3,233,1,A risque
CLIENT_3634,30,Sainte Margotboeuf,F,2025-11-13,2025-12-09,75.21,1,75.21,Direct,0,True,4,0,Mode,6,1,1,75.21,5,1,3,513,2,Potentiel
CLIENT_3635,46,Techer-la-Forêt,F,2025-06-19,2025-12-06,34.72,1,34.72,Email,8,False,4,0,Maison,10,4,1,34.72,4,1,1,411,2,Potentiel
CLIENT_3636,34,CaronBourg,M,2025-12-08,2025-12-09,321.41,2,160.71,Email,8,True,4,0,Mode,10,1,2,321.41,5,2,4,524,2,Potentiel
CLIENT_3637,37,Leconte-sur-Masson,F,2023-08-02,2025-01-04,223.91,2,111.95,Email,8,True,2,323,Loisirs,1,340,2,223.91,3,2,4,324,4,Dormant
CLIENT_3638,22,Meunier,F,2025-07-04,2025-12-09,567.77,2,283.88,SEA,25,True,4,0,Maison,8,1,2,567.77,5,2,5,525,2,Potentiel
CLIENT_3639,42,Perret,M,2023-11-03,2025-01-15,773.14,6,128.86,Social,15,False,4,300,Électronique,6,329,6,773.14,3,5,5,355,1,A risque
CLIENT_3640,18,Hubert,F,2023-09-24,2024-02-01,4387.61,3,1462.54,Email,8,True,5,670,Loisirs,7,678,3,4387.61,1,3,5,135,0,A risque
CLIENT_3641,24,Baudry,F,2023-01-25,2023-05-12,155.15,4,38.79,Social,15,False,2,923,Maison,4,943,4,155.15,1,4,4,144,1,A risque
CLIENT_3642,40,Grenier,M,2023-12-22,2024-04-19,140.99,1,140.99,Reference,5,True,3,593,Mode,2,600,1,140.99,2,1,4,214,4,Dormant
CLIENT_3643,44,Sainte Genevièvenec,F,2023-07-06,2023-11-19,406.96,1,406.96,Email,8,True,3,722,Mode,4,752,1,406.96,1,1,5,115,4,Dormant
CLIENT_3644,37,CaronBourg,M,2024-02-24,2025-08-03,1722.93,4,430.73,Direct,0,False,3,112,Loisirs,10,129,4,1722.93,4,4,5,445,0,A risque
CLIENT_3645,68,Deschamps,F,2025-10-23,2025-12-09,53.27,7,7.61,Reference,5,False,3,0,Loisirs,4,1,7,53.27,5,5,2,552,3,Loyal
CLIENT_3646,37,Sainte Genevièvenec,M,2023-07-11,2024-10-27,34.55,3,11.52,Social,15,False,4,404,Alimentation,9,409,3,34.55,2,3,1,231,1,A risque
CLIENT_3647,20,Baudry,F,2024-06-18,2025-02-02,50.74,3,16.91,Email,8,False,2,305,Loisirs,4,311,3,50.74,3,3,2,332,1,A risque
CLIENT_3648,50,Sainte Genevièvenec,M,2023-05-27,2023-08-27,130.08,3,43.36,Direct,0,False,4,830,Mode,6,836,3,130.08,1,3,4,134,1,A risque
CLIENT_3649,33,Sainte Margotboeuf,F,2023-06-21,2023-08-09,143.6,1,143.6,SEA,25,False,5,835,Électronique,3,854,1,143.6,1,1,4,114,4,Dormant
CLIENT_3650,31,Techer-la-Forêt,M,2023-04-13,2023-10-27,1773.32,1,1773.32,Social,15,True,5,758,Alimentation,9,775,1,1773.32,1,1,5,115,0,A risque
CLIENT_3651,34,Deschamps,F,2024-02-29,2025-09-30,203.73,1,203.73,Email,8,True,4,46,Électronique,10,71,1,203.73,4,1,4,414,4,Dormant
CLIENT_3652,36,Deschamps,M,2023-01-25,2025-12-02,104.4,2,52.2,Social,15,True,4,0,Loisirs,2,8,2,104.4,4,2,3,423,2,Potentiel
CLIENT_3653,22,Deschamps,F,2024-02-06,2024-09-08,46.67,1,46.67,Direct,0,True,3,435,Loisirs,5,458,1,46.67,2,1,2,212,4,Dormant
CLIENT_3654,58,Barbenec,M,2025-04-12,2025-10-05,3987.84,1,3987.84,Email,8,True,5,40,Maison,2,66,1,3987.84,4,1,5,415,0,A risque
CLIENT_3655,37,Gimenez,F,2024-08-08,2024-08-24,10757.29,4,2689.32,SEA,25,True,5,468,Électronique,1,473,4,10757.29,2,4,5,245,0,A risque
CLIENT_3656,66,Leconte-sur-Masson,M,2024-12-29,2025-02-02,119.6,4,29.9,Social,15,False,4,304,Mode,1,311,4,119.6,3,4,3,343,1,A risque
CLIENT_3657,46,Barbenec,F,2024-12-21,2025-07-27,63.6,4,15.9,Direct,0,False,3,128,Électronique,9,136,4,63.6,4,4,2,442,1,A risque
CLIENT_3658,46,Delorme,F,2025-11-26,2025-12-09,267.98,1,267.98,SEA,25,False,5,0,Mode,1,1,1,267.98,4,1,4,414,2,Potentiel
CLIENT_3659,32,Sanchez,M,2024-12-12,2025-11-24,169.02,2,84.51,SEA,25,False,4,0,Électronique,9,16,2,169.02,4,2,4,424,2,Potentiel
CLIENT_3660,35,Delorme,M,2025-04-11,2025-12-09,8664.93,3,2888.31,Email,8,True,5,0,Loisirs,5,1,3,8664.93,4,3,5,435,0,A risque
CLIENT_3661,48,Baudry,M,2025-04-10,2025-12-09,446.3,6,74.38,Social,15,False,5,0,Alimentation,10,1,6,446.3,4,5,5,455,3,Loyal
CLIENT_3662,56,Sanchez,F,2025-04-20,2025-12-09,491.65,2,245.82,Direct,0,True,4,0,Alimentation,8,1,2,491.65,4,2,5,425,2,Potentiel
CLIENT_3663,25,Sainte Genevièvenec,F,2023-10-01,2024-02-09,46.49,1,46.49,Direct,0,True,3,655,Mode,1,670,1,46.49,1,1,2,112,4,Dormant
CLIENT_3664,21,Deschamps,M,2024-10-25,2025-02-17,47.26,4,11.81,SEA,25,True,4,273,Loisirs,8,296,4,47.26,3,4,2,342,1,A risque
CLIENT_3665,66,Deschamps,F,2025-09-23,2025-11-02,47.36,3,15.79,Social,15,True,5,32,Maison,10,38,3,47.36,4,3,2,432,1,A risque
CLIENT_3666,48,Baudry,M,2025-02-14,2025-12-09,114.3,4,28.57,Reference,5,False,3,0,Mode,8,1,4,114.3,4,4,3,443,3,Loyal
CLIENT_3667,39,Sainte Christophe,F,2025-03-15,2025-03-16,118.31,2,59.16,Social,15,True,3,253,Électronique,2,269,2,118.31,3,2,3,323,4,Dormant
CLIENT_3668,32,Techer-la-Forêt,M,2025-11-30,2025-12-09,788.67,3,262.89,Email,8,False,5,0,Loisirs,10,1,3,788.67,4,3,5,435,3,Loyal
CLIENT_3669,43,Deschamps,F,2023-03-01,2023-05-22,148.17,2,74.08,Email,8,True,5,906,Loisirs,9,933,2,148.17,1,2,4,124,4,Dormant
CLIENT_3670,23,Peronnec,M,2025-03-03,2025-12-09,170.03,1,170.03,SEA,25,True,4,0,Mode,1,1,1,170.03,4,1,4,414,2,Potentiel
CLIENT_3671,58,Meunier,M,2023-08-24,2024-06-07,752.49,3,250.83,Social,15,True,4,533,Maison,6,551,3,752.49,2,3,5,235,0,A risque
CLIENT_3672,39,Sainte Christophe,M,2025-03-04,2025-12-09,102.47,4,25.62,Social,15,True,5,0,Électronique,3,1,4,102.47,4,4,3,443,3,Loyal
CLIENT_3673,47,Peronnec,F,2023-01-14,2023-01-25,90.14,1,90.14,Social,15,False,3,1031,Électronique,2,1050,1,90.14,1,1,3,113,4,Dormant
CLIENT_3674,39,Maillard,F,2024-03-19,2024-06-18,37.06,3,12.35,Social,15,True,3,531,Mode,9,540,3,37.06,2,3,1,231,1,A risque
CLIENT_3675,40,CaronBourg,M,2023-03-17,2023-06-03,280.38,6,46.73,Direct,0,False,4,903,Mode,9,921,6,280.38,1,5,4,154,1,A risque
CLIENT_3676,18,Deschamps,M,2024-08-25,2025-12-09,217.3,6,36.22,Direct,0,False,3,0,Alimentation,9,1,6,217.3,4,5,4,454,3,Loyal
CLIENT_3677,29,Baudry,F,2023-06-08,2023-08-03,89.71,3,29.9,Social,15,False,3,831,Maison,10,860,3,89.71,1,3,3,133,1,A risque
CLIENT_3678,19,Maillard,M,2023-04-26,2024-04-15,65.93,4,16.48,Social,15,True,3,574,Loisirs,7,604,4,65.93,2,4,2,242,1,A risque
CLIENT_3679,29,Sainte Margotboeuf,F,2023-07-15,2024-03-29,1847.78,7,263.97,SEA,25,False,5,597,Loisirs,2,621,7,1847.78,2,5,5,255,0,A risque
CLIENT_3680,37,Sainte Margotboeuf,F,2024-08-02,2025-12-09,427.11,2,213.56,Social,15,False,2,0,Maison,1,1,2,427.11,4,2,5,425,2,Potentiel
CLIENT_3681,45,Deschamps,F,2023-11-25,2024-01-26,30.79,5,6.16,Reference,5,True,3,674,Électronique,6,684,5,30.79,1,5,1,151,1,A risque
CLIENT_3682,41,Deschamps,F,2024-05-18,2025-06-20,535.26,2,267.63,Email,8,True,5,146,Alimentation,2,173,2,535.26,3,2,5,325,0,A risque
CLIENT_3683,54,CaronBourg,M,2023-09-20,2024-09-19,211.16,7,30.17,Direct,0,False,5,426,Maison,5,447,7,211.16,2,5,4,254,1,A risque
CLIENT_3684,44,Maillard,F,2025-01-17,2025-12-09,97.58,5,19.52,Email,8,False,5,0,Électronique,9,1,5,97.58,4,5,3,453,3,Loyal
CLIENT_3685,56,Perret,M,2025-02-23,2025-08-02,74.04,4,18.51,Reference,5,True,5,125,Électronique,4,130,4,74.04,4,4,3,443,1,A risque
CLIENT_3686,48,Peronnec,F,2025-10-21,2025-12-09,387.55,3,129.18,Email,8,True,4,0,Alimentation,7,1,3,387.55,4,3,5,435,3,Loyal
CLIENT_3687,26,Sainte Genevièvenec,M,2025-09-02,2025-12-09,108.64,4,27.16,Social,15,False,3,0,Électronique,3,1,4,108.64,4,4,3,443,3,Loyal
CLIENT_3688,35,Barbenec,M,2023-12-11,2024-05-09,64.36,6,10.73,SEA,25,False,4,565,Mode,3,580,6,64.36,2,5,2,252,1,A risque
CLIENT_3689,29,Sanchez,M,2024-11-29,2025-03-16,52.38,4,13.1,Social,15,True,4,266,Maison,2,269,4,52.38,3,4,2,342,1,A risque
CLIENT_3690,30,Sainte Genevièvenec,M,2024-05-20,2025-05-29,33.6,1,33.6,Social,15,True,4,173,Alimentation,7,195,1,33.6,3,1,1,311,4,Dormant
CLIENT_3691,44,Perret,M,2024-10-29,2025-12-09,1721.22,2,860.61,SEA,25,False,5,0,Électronique,7,1,2,1721.22,4,2,5,425,0,A risque
CLIENT_3692,25,Gimenez,M,2025-08-08,2025-10-14,118.75,3,39.58,SEA,25,True,3,27,Alimentation,6,57,3,118.75,4,3,3,433,1,A risque
CLIENT_3693,26,Gimenez,F,2024-07-04,2025-05-31,172.72,5,34.54,Social,15,False,5,174,Électronique,1,193,5,172.72,3,5,4,354,1,A risque
CLIENT_3694,44,Perret,M,2023-04-06,2023-06-27,108.82,2,54.41,Reference,5,False,2,869,Alimentation,6,897,2,108.82,1,2,3,123,4,Dormant
CLIENT_3695,36,Delorme,M,2023-12-15,2024-06-23,33.69,1,33.69,Email,8,True,3,532,Alimentation,3,535,1,33.69,2,1,1,211,4,Dormant
CLIENT_3696,20,CaronBourg,M,2025-09-10,2025-11-27,340.04,5,68.01,Email,8,True,5,0,Maison,6,13,5,340.04,4,5,4,454,3,Loyal
CLIENT_3697,49,Deschamps,F,2023-09-30,2023-11-17,51.59,1,51.59,Reference,5,True,2,731,Loisirs,6,754,1,51.59,1,1,2,112,4,Dormant
CLIENT_3698,40,Sainte Margotboeuf,F,2023-10-11,2024-04-12,58.86,2,29.43,Reference,5,True,5,584,Loisirs,8,607,2,58.86,2,2,2,222,4,Dormant
CLIENT_3699,24,Maillard,F,2025-09-13,2025-12-09,208.21,2,104.11,Email,8,False,3,0,Maison,9,1,2,208.21,4,2,4,424,2,Potentiel
CLIENT_3700,55,Baudry,M,2023-04-28,2023-05-29,1492.96,4,373.24,Social,15,True,5,905,Électronique,4,926,4,1492.96,1,4,5,145,0,A risque
CLIENT_3701,42,Deschamps,M,2024-03-13,2024-06-21,49.81,1,49.81,SEA,25,True,5,510,Maison,10,537,1,49.81,2,1,2,212,4,Dormant
CLIENT_3702,53,Gimenez,M,2024-03-02,2025-01-10,988.25,4,247.06,Email,8,True,5,307,Maison,3,334,4,988.25,3,4,5,345,0,A risque
CLIENT_3703,40,Leconte-sur-Masson,M,2025-07-17,2025-12-09,113.33,1,113.33,Email,8,False,5,0,Loisirs,10,1,1,113.33,4,1,3,413,2,Potentiel
CLIENT_3704,31,Peronnec,F,2023-05-10,2025-10-21,198.88,3,66.29,Email,8,False,5,46,Mode,5,50,3,198.88,4,3,4,434,1,A risque
CLIENT_3705,18,Baudry,M,2024-02-06,2024-02-20,134.95,4,33.74,Social,15,False,3,643,Mode,2,659,4,134.95,1,4,4,144,1,A risque
CLIENT_3706,39,BonninVille,F,2025-04-12,2025-10-15,14454.2,1,14454.2,Reference,5,False,5,32,Électronique,9,56,1,14454.2,4,1,5,415,0,A risque
CLIENT_3707,67,Sanchez,M,2023-03-21,2023-07-25,1379.4,3,459.8,Email,8,True,5,855,Alimentation,8,869,3,1379.4,1,3,5,135,0,A risque
CLIENT_3708,53,Gimenez,M,2023-09-28,2025-01-24,30.82,3,10.27,Email,8,False,3,294,Alimentation,10,320,3,30.82,3,3,1,331,1,A risque
CLIENT_3709,75,Sainte Genevièvenec,M,2024-08-20,2024-08-26,30.38,7,4.34,Email,8,True,3,456,Maison,1,471,7,30.38,2,5,1,251,1,A risque
CLIENT_3710,25,Delorme,F,2023-04-27,2023-06-24,30.53,1,30.53,Social,15,False,5,888,Maison,8,900,1,30.53,1,1,1,111,4,Dormant
CLIENT_3711,39,Deschamps,F,2024-08-11,2025-01-10,348.23,3,116.08,Social,15,True,5,318,Mode,8,334,3,348.23,3,3,4,334,1,A risque
CLIENT_3712,53,Deschamps,F,2024-01-31,2024-02-13,67.89,3,22.63,Social,15,True,4,643,Maison,10,666,3,67.89,1,3,2,132,1,A risque
CLIENT_3713,18,Gimenez,F,2025-04-28,2025-06-05,631.62,2,315.81,Direct,0,False,4,175,Mode,8,188,2,631.62,3,2,5,325,0,A risque
CLIENT_3714,47,Maillard,M,2025-11-16,2025-12-09,130.98,2,65.49,Social,15,False,3,0,Loisirs,5,1,2,130.98,4,2,4,424,2,Potentiel
CLIENT_3715,29,Deschamps,F,2025-08-15,2025-09-01,137.16,2,68.58,Direct,0,True,3,85,Maison,2,100,2,137.16,4,2,4,424,4,Dormant
CLIENT_3716,61,Barbenec,F,2023-01-04,2023-03-16,106.03,3,35.34,Email,8,True,4,989,Maison,5,1000,3,106.03,1,3,3,133,1,A risque
CLIENT_3717,26,Hubert,F,2023-12-24,2023-12-28,1029.99,5,206.0,Email,8,False,3,700,Alimentation,4,713,5,1029.99,1,5,5,155,0,A risque
CLIENT_3718,67,Sainte Christophe,F,2023-12-28,2024-06-21,33.37,1,33.37,Reference,5,False,3,508,Loisirs,8,537,1,33.37,2,1,1,211,4,Dormant
CLIENT_3719,18,CaronBourg,F,2024-07-07,2025-03-05,1203.98,2,601.99,Social,15,False,4,251,Mode,6,280,2,1203.98,3,2,5,325,0,A risque
CLIENT_3720,50,Grenier,M,2024-02-25,2025-09-22,764.74,5,152.95,Email,8,True,4,49,Alimentation,6,79,5,764.74,4,5,5,455,0,A risque
CLIENT_3721,62,Sainte Christophe,M,2025-08-20,2025-12-09,111.56,5,22.31,Email,8,False,4,0,Loisirs,9,1,5,111.56,4,5,3,453,3,Loyal
CLIENT_3722,37,Hubert,F,2024-12-27,2025-02-17,33.41,8,4.18,Social,15,True,1,275,Alimentation,9,296,8,33.41,3,5,1,351,1,A risque
CLIENT_3723,71,Maillard,F,2023-01-15,2024-05-05,197.25,1,197.25,Social,15,True,4,555,Maison,6,584,1,197.25,2,1,4,214,4,Dormant
CLIENT_3724,29,Maillard,M,2024-05-29,2025-11-03,30.39,5,6.08,Direct,0,True,3,10,Mode,1,37,5,30.39,4,5,1,451,1,A risque
CLIENT_3725,18,BonninVille,M,2023-07-06,2025-05-28,1187.18,5,237.44,SEA,25,True,5,183,Alimentation,5,196,5,1187.18,3,5,5,355,0,A risque
CLIENT_3726,73,Sainte Christophe,M,2023-11-27,2024-01-30,31.76,7,4.54,SEA,25,False,3,665,Électronique,8,680,7,31.76,1,5,1,151,1,A risque
CLIENT_3727,58,Sanchez,F,2023-01-08,2023-02-18,105.1,4,26.27,Social,15,False,4,1006,Maison,6,1026,4,105.1,1,4,3,143,1,A risque
CLIENT_3728,34,Barbenec,M,2025-08-18,2025-12-09,11089.16,1,11089.16,Social,15,False,5,0,Alimentation,4,1,1,11089.16,4,1,5,415,0,A risque
CLIENT_3729,59,Delorme,F,2024-01-21,2024-01-29,66.82,4,16.7,Reference,5,False,4,670,Mode,10,681,4,66.82,1,4,2,142,1,A risque
CLIENT_3730,57,Gimenez,F,2023-04-28,2023-05-06,71.77,2,35.88,Email,8,False,4,923,Maison,9,949,2,71.77,1,2,3,123,4,Dormant
CLIENT_3731,22,Deschamps,F,2023-05-12,2023-09-01,103.58,4,25.89,Direct,0,True,3,823,Mode,9,831,4,103.58,1,4,3,143,1,A risque
CLIENT_3732,33,Barbenec,F,2024-01-16,2025-02-22,45.66,4,11.41,Social,15,True,3,273,Maison,3,291,4,45.66,3,4,2,342,1,A risque
CLIENT_3733,27,BonninVille,M,2023-12-07,2024-10-20,45.65,3,15.22,SEA,25,True,5,393,Loisirs,2,416,3,45.65,2,3,2,232,1,A risque
CLIENT_3734,59,Sanchez,M,2024-09-04,2025-09-22,95.08,4,23.77,Social,15,True,3,53,Maison,4,79,4,95.08,4,4,3,443,1,A risque
CLIENT_3735,44,Sainte Genevièvenec,F,2023-08-21,2023-10-06,42.59,1,42.59,Social,15,True,2,780,Maison,3,796,1,42.59,1,1,1,111,4,Dormant
CLIENT_3736,28,CaronBourg,M,2023-05-29,2025-04-04,79.06,4,19.77,Social,15,False,3,234,Alimentation,8,250,4,79.06,3,4,3,343,1,A risque
CLIENT_3737,51,Sanchez,F,2023-09-21,2024-05-16,73.24,3,24.41,Email,8,True,4,571,Électronique,8,573,3,73.24,2,3,3,233,1,A risque
CLIENT_3738,18,Techer-la-Forêt,F,2023-10-14,2025-01-18,274.6,3,91.53,Social,15,True,5,324,Mode,4,326,3,274.6,3,3,4,334,1,A risque
CLIENT_3739,31,Hubert,M,2023-06-03,2023-06-30,74.06,3,24.69,SEA,25,False,4,884,Loisirs,3,894,3,74.06,1,3,3,133,1,A risque
CLIENT_3740,37,Barbenec,F,2025-06-03,2025-12-09,38.36,1,38.36,Social,15,True,1,0,Loisirs,5,1,1,38.36,4,1,1,411,2,Potentiel
CLIENT_3741,48,Sainte Margotboeuf,M,2023-12-06,2025-12-09,94.09,5,18.82,Reference,5,True,3,0,Électronique,10,1,5,94.09,4,5,3,453,3,Loyal
CLIENT_3742,18,Delorme,F,2025-11-01,2025-12-09,51.82,4,12.96,SEA,25,False,3,0,Loisirs,2,1,4,51.82,4,4,2,442,3,Loyal
CLIENT_3743,47,Baudry,M,2024-02-24,2024-03-11,60.81,5,12.16,SEA,25,True,4,626,Mode,10,639,5,60.81,2,5,2,252,1,A risque
CLIENT_3744,47,Delorme,F,2023-08-19,2025-02-23,60.47,5,12.09,Social,15,True,3,277,Mode,3,290,5,60.47,3,5,2,352,1,A risque
CLIENT_3745,19,Deschamps,F,2025-10-18,2025-12-09,44.96,3,14.99,Email,8,True,2,0,Alimentation,5,1,3,44.96,4,3,2,432,3,Loyal
CLIENT_3746,32,Sainte Genevièvenec,M,2024-01-22,2024-07-20,38.89,4,9.72,Reference,5,True,5,479,Maison,4,508,4,38.89,2,4,1,241,1,A risque
CLIENT_3747,18,Sanchez,F,2024-01-22,2025-01-07,106.2,3,35.4,Email,8,False,3,336,Alimentation,8,337,3,106.2,3,3,3,333,1,A risque
CLIENT_3748,49,Sainte Margotboeuf,F,2024-11-30,2024-12-02,75.07,3,25.02,Social,15,True,4,366,Électronique,5,373,3,75.07,3,3,3,333,1,A risque
CLIENT_3749,25,Sanchez,M,2023-08-12,2024-03-08,89.55,5,17.91,Email,8,False,4,624,Loisirs,8,642,5,89.55,2,5,3,253,1,A risque
CLIENT_3750,37,Baudry,M,2024-03-17,2024-05-19,184.79,6,30.8,SEA,25,True,5,545,Maison,9,570,6,184.79,2,5,4,254,1,A risque
CLIENT_3751,62,Maillard,F,2024-08-21,2025-03-11,15699.62,3,5233.21,Email,8,False,5,266,Électronique,4,274,3,15699.62,3,3,5,335,0,A risque
CLIENT_3752,39,Sainte Christophe,F,2023-03-18,2023-10-23,30.05,3,10.02,Email,8,True,3,760,Électronique,6,779,3,30.05,1,3,1,131,1,A risque
CLIENT_3753,28,Gimenez,M,2023-08-13,2023-10-20,34.16,5,6.83,SEA,25,False,4,765,Loisirs,5,782,5,34.16,1,5,1,151,1,A risque
CLIENT_3754,24,Grenier,F,2024-01-27,2024-03-24,50.52,1,50.52,Reference,5,True,3,617,Maison,6,626,1,50.52,2,1,2,212,4,Dormant
CLIENT_3755,35,Peronnec,M,2022-12-25,2025-12-09,842.66,2,421.33,Social,15,True,5,0,Maison,8,1,2,842.66,4,2,5,425,2,Potentiel
CLIENT_3756,18,Deschamps,F,2024-03-22,2025-12-09,310.22,4,77.56,Social,15,True,4,0,Mode,2,1,4,310.22,4,4,4,444,3,Loyal
CLIENT_3757,51,Grenier,F,2023-09-29,2024-02-22,44.4,1,44.4,Social,15,False,2,639,Loisirs,5,657,1,44.4,1,1,2,112,4,Dormant
CLIENT_3758,48,Baudry,M,2025-03-04,2025-07-18,106.59,5,21.32,Direct,0,True,4,120,Électronique,3,145,5,106.59,3,5,3,353,1,A risque
CLIENT_3759,54,BonninVille,F,2025-10-13,2025-12-09,55.33,4,13.83,Reference,5,True,3,0,Électronique,5,1,4,55.33,4,4,2,442,3,Loyal
CLIENT_3760,25,Deschamps,F,2023-06-06,2024-05-01,54.91,2,27.45,SEA,25,True,4,570,Alimentation,3,588,2,54.91,2,2,2,222,4,Dormant
CLIENT_3761,46,Meunier,F,2025-12-04,2025-12-09,463.56,1,463.56,SEA,25,True,5,0,Maison,8,1,1,463.56,4,1,5,415,2,Potentiel
CLIENT_3762,42,Meunier,F,2025-03-10,2025-12-09,36.96,3,12.32,Direct,0,True,2,0,Électronique,9,1,3,36.96,4,3,1,431,3,Loyal
CLIENT_3763,30,Perret,M,2025-05-13,2025-12-09,34.71,8,4.34,Social,15,True,3,0,Alimentation,3,1,8,34.71,4,5,1,451,3,Loyal
CLIENT_3764,18,Gimenez,F,2024-12-19,2025-07-19,264.92,2,132.46,Email,8,True,4,134,Maison,6,144,2,264.92,3,2,4,324,4,Dormant
CLIENT_3765,31,Maillard,M,2025-10-09,2025-12-09,100.88,6,16.81,Direct,0,True,3,0,Mode,7,1,6,100.88,4,5,3,453,3,Loyal
CLIENT_3766,34,Peronnec,M,2025-03-03,2025-03-11,70.12,5,14.02,Social,15,False,3,270,Électronique,7,274,5,70.12,3,5,3,353,1,A risque
CLIENT_3767,68,Sainte Christophe,M,2023-07-23,2024-04-15,4416.55,2,2208.28,Social,15,True,5,577,Loisirs,6,604,2,4416.55,2,2,5,225,0,A risque
CLIENT_3768,33,Sainte Genevièvenec,M,2023-01-17,2023-09-20,491.85,5,98.37,Social,15,True,4,795,Alimentation,6,812,5,491.85,1,5,5,155,1,A risque
CLIENT_3769,18,Gimenez,M,2024-11-30,2025-12-09,34.03,4,8.51,Reference,5,True,3,0,Loisirs,9,1,4,34.03,4,4,1,441,3,Loyal
CLIENT_3770,33,Perret,F,2025-01-17,2025-12-09,32.86,2,16.43,Social,15,True,3,0,Loisirs,3,1,2,32.86,4,2,1,421,2,Potentiel
CLIENT_3771,18,Maillard,F,2024-07-28,2025-01-25,64.61,4,16.15,SEA,25,False,4,310,Maison,8,319,4,64.61,3,4,2,342,1,A risque
CLIENT_3772,18,Gimenez,M,2024-02-07,2025-11-20,172.14,4,43.03,SEA,25,False,4,0,Loisirs,10,20,4,172.14,4,4,4,444,3,Loyal
CLIENT_3773,34,Deschamps,M,2025-11-17,2025-12-09,10050.7,3,3350.23,Reference,5,True,5,0,Alimentation,5,1,3,10050.7,4,3,5,435,0,A risque
CLIENT_3774,18,Leconte-sur-Masson,M,2022-12-30,2023-12-10,374.5,2,187.25,Social,15,False,4,721,Maison,1,731,2,374.5,1,2,5,125,4,Dormant
CLIENT_3775,52,Delorme,M,2023-04-30,2023-06-18,59.31,2,29.66,Social,15,True,4,890,Mode,7,906,2,59.31,1,2,2,122,4,Dormant
CLIENT_3776,52,Deschamps,M,2024-09-30,2025-03-21,38.93,2,19.46,Direct,0,False,3,263,Maison,2,264,2,38.93,3,2,1,321,4,Dormant
CLIENT_3777,51,Baudry,F,2024-10-04,2024-11-10,37.48,1,37.48,Direct,0,True,4,381,Alimentation,10,395,1,37.48,2,1,1,211,4,Dormant
CLIENT_3778,63,Peronnec,M,2025-10-18,2025-12-09,74.78,1,74.78,Social,15,False,3,0,Mode,3,1,1,74.78,4,1,3,413,2,Potentiel
CLIENT_3779,37,Sainte Christophe,F,2025-03-20,2025-05-09,59.54,4,14.88,Reference,5,True,5,197,Loisirs,1,215,4,59.54,3,4,2,342,1,A risque
CLIENT_3780,32,Sainte Margotboeuf,F,2024-01-13,2025-07-05,42.41,4,10.6,Social,15,True,4,153,Loisirs,9,158,4,42.41,3,4,1,341,1,A risque
CLIENT_3781,75,Gimenez,M,2023-08-15,2023-12-11,45.22,1,45.22,Direct,0,True,3,728,Mode,10,730,1,45.22,1,1,2,112,4,Dormant
CLIENT_3782,38,Baudry,M,2023-08-05,2023-11-11,255.56,3,85.19,Social,15,False,4,737,Loisirs,10,760,3,255.56,1,3,4,134,1,A risque
CLIENT_3783,62,Delorme,M,2025-11-19,2025-12-09,88.84,5,17.77,SEA,25,True,2,0,Mode,10,1,5,88.84,4,5,3,453,3,Loyal
CLIENT_3784,63,Deschamps,F,2024-02-26,2024-03-15,42.45,3,14.15,SEA,25,True,3,620,Alimentation,4,635,3,42.45,2,3,1,231,1,A risque
CLIENT_3785,31,Peronnec,M,2023-05-20,2023-07-19,1268.58,4,317.14,Social,15,True,5,868,Mode,1,875,4,1268.58,1,4,5,145,0,A risque
CLIENT_3786,40,Meunier,F,2024-08-05,2025-03-02,65.9,2,32.95,Social,15,True,3,260,Mode,3,283,2,65.9,3,2,2,322,4,Dormant
CLIENT_3787,34,Grenier,F,2023-10-26,2023-12-22,423.58,4,105.89,Email,8,True,4,706,Alimentation,7,719,4,423.58,1,4,5,145,1,A risque
CLIENT_3788,35,Sainte Genevièvenec,M,2023-09-08,2024-10-28,73.37,3,24.46,Reference,5,True,2,391,Électronique,2,408,3,73.37,2,3,3,233,1,A risque
CLIENT_3789,18,Delorme,F,2025-06-19,2025-12-09,56.84,1,56.84,Social,15,False,1,0,Maison,1,1,1,56.84,4,1,2,412,2,Potentiel
CLIENT_3790,23,Deschamps,F,2023-09-22,2023-10-09,38.99,7,5.57,Direct,0,False,4,785,Maison,10,793,7,38.99,1,5,1,151,1,A risque
CLIENT_3791,19,Deschamps,F,2023-06-13,2024-03-01,33.17,6,5.53,Social,15,True,4,627,Électronique,4,649,6,33.17,1,5,1,151,1,A risque
CLIENT_3792,19,BonninVille,M,2025-06-28,2025-12-09,39.26,3,13.09,Social,15,True,4,0,Alimentation,8,1,3,39.26,4,3,1,431,3,Loyal
CLIENT_3793,68,BonninVille,M,2025-03-22,2025-05-28,98.25,4,24.56,SEA,25,True,4,186,Loisirs,4,196,4,98.25,3,4,3,343,1,A risque
CLIENT_3794,18,Hubert,F,2025-11-02,2025-12-09,123.76,2,61.88,SEA,25,True,5,0,Alimentation,8,1,2,123.76,4,2,3,423,2,Potentiel
CLIENT_3795,31,Leconte-sur-Masson,F,2023-12-01,2024-02-22,82.34,5,16.47,Social,15,False,3,641,Loisirs,6,657,5,82.34,1,5,3,153,1,A risque
CLIENT_3796,52,Sainte Genevièvenec,M,2025-12-02,2025-12-09,447.88,6,74.65,SEA,25,True,5,0,Électronique,4,1,6,447.88,4,5,5,455,3,Loyal
CLIENT_3797,40,Sainte Christophe,M,2024-07-05,2024-09-19,3613.62,1,3613.62,SEA,25,True,5,430,Alimentation,8,447,1,3613.62,2,1,5,215,0,A risque
CLIENT_3798,43,Deschamps,F,2024-03-04,2025-04-14,142.92,3,47.64,Social,15,True,4,210,Électronique,8,240,3,142.92,3,3,4,334,1,A risque
CLIENT_3799,40,Techer-la-Forêt,F,2025-04-18,2025-12-09,44.96,1,44.96,Reference,5,False,4,0,Maison,9,1,1,44.96,4,1,2,412,2,Potentiel
CLIENT_3800,41,Grenier,F,2025-11-16,2025-12-09,67.28,1,67.28,Social,15,True,3,0,Alimentation,9,1,1,67.28,4,1,2,412,2,Potentiel
CLIENT_3801,43,Hubert,M,2024-09-23,2025-01-17,55.03,5,11.01,SEA,25,True,2,305,Alimentation,6,327,5,55.03,3,5,2,352,1,A risque
CLIENT_3802,18,BonninVille,F,2025-06-05,2025-09-12,62.05,2,31.02,SEA,25,False,5,73,Loisirs,2,89,2,62.05,4,2,2,422,4,Dormant
CLIENT_3803,54,Peronnec,M,2023-07-24,2025-12-09,160.53,9,17.84,Social,15,True,5,0,Électronique,2,1,9,160.53,4,5,4,454,3,Loyal
CLIENT_3804,34,Deschamps,M,2024-01-23,2024-06-27,3743.67,4,935.92,SEA,25,True,5,524,Loisirs,4,531,4,3743.67,2,4,5,245,0,A risque
CLIENT_3805,45,Perret,M,2023-06-12,2023-06-16,49.16,3,16.39,Direct,0,True,3,906,Électronique,7,908,3,49.16,1,3,2,132,1,A risque
CLIENT_3806,55,Grenier,F,2025-10-16,2025-12-09,82.71,1,82.71,Social,15,True,4,0,Alimentation,9,1,1,82.71,4,1,3,413,2,Potentiel
CLIENT_3807,50,Sainte Genevièvenec,F,2024-09-23,2024-11-13,39.65,2,19.82,Email,8,True,4,371,Maison,1,392,2,39.65,2,2,1,221,4,Dormant
CLIENT_3808,22,Hubert,M,2025-07-03,2025-08-01,62.73,1,62.73,SEA,25,True,3,116,Électronique,9,131,1,62.73,4,1,2,412,4,Dormant
CLIENT_3809,40,Sanchez,F,2024-12-16,2024-12-30,34.39,4,8.6,SEA,25,True,4,322,Loisirs,1,345,4,34.39,3,4,1,341,1,A risque
CLIENT_3810,37,Sainte Genevièvenec,F,2023-08-20,2023-11-03,107.65,5,21.53,SEA,25,True,5,760,Électronique,2,768,5,107.65,1,5,3,153,1,A risque
CLIENT_3811,34,Meunier,M,2024-01-01,2024-10-18,1994.69,1,1994.69,Direct,0,True,5,403,Maison,9,418,1,1994.69,2,1,5,215,0,A risque
CLIENT_3812,66,Hubert,F,2025-04-02,2025-12-09,347.19,3,115.73,SEA,25,True,5,0,Mode,4,1,3,347.19,4,3,4,434,3,Loyal
CLIENT_3813,36,Sainte Genevièvenec,M,2024-02-07,2025-02-25,680.58,4,170.15,Reference,5,True,5,286,Maison,1,288,4,680.58,3,4,5,345,0,A risque
CLIENT_3814,30,Sanchez,F,2023-08-31,2025-07-07,630.39,2,315.19,Direct,0,True,5,135,Loisirs,7,156,2,630.39,3,2,5,325,0,A risque
CLIENT_3815,56,CaronBourg,M,2024-08-03,2024-11-16,368.36,1,368.36,Social,15,True,5,365,Mode,5,389,1,368.36,2,1,4,214,4,Dormant
CLIENT_3816,49,Meunier,M,2023-08-04,2023-11-26,44.84,5,8.97,SEA,25,True,5,721,Mode,5,745,5,44.84,1,5,2,152,1,A risque
CLIENT_3817,22,Sainte Margotboeuf,M,2024-02-15,2025-06-19,374.33,3,124.78,Social,15,True,3,173,Maison,10,174,3,374.33,3,3,5,335,1,A risque
CLIENT_3818,18,Barbenec,M,2025-03-22,2025-05-02,55.33,5,11.07,Direct,0,True,4,216,Alimentation,3,222,5,55.33,3,5,2,352,1,A risque
CLIENT_3819,35,Delorme,M,2023-06-21,2024-07-06,44.99,3,15.0,Direct,0,True,3,513,Maison,5,522,3,44.99,2,3,2,232,1,A risque
CLIENT_3820,47,Deschamps,F,2023-03-30,2023-08-23,220.87,1,220.87,Social,15,False,5,824,Mode,7,840,1,220.87,1,1,4,114,4,Dormant
CLIENT_3821,37,Meunier,F,2024-08-23,2025-12-09,84.95,4,21.24,SEA,25,True,4,0,Maison,4,1,4,84.95,4,4,3,443,3,Loyal
CLIENT_3822,41,Sainte Genevièvenec,M,2024-12-11,2025-01-23,379.98,4,95.0,Social,15,True,5,301,Électronique,6,321,4,379.98,3,4,5,345,1,A risque
CLIENT_3823,36,Sainte Genevièvenec,F,2025-04-19,2025-12-01,70.1,1,70.1,Email,8,False,5,5,Mode,5,9,1,70.1,4,1,3,413,2,Potentiel
CLIENT_3824,29,Perret,M,2023-04-16,2023-11-17,5015.64,1,5015.64,Email,8,True,5,726,Alimentation,8,754,1,5015.64,1,1,5,115,0,A risque
CLIENT_3825,36,Baudry,M,2024-09-06,2025-11-07,48.16,1,48.16,Email,8,True,2,27,Alimentation,2,33,1,48.16,4,1,2,412,4,Dormant
CLIENT_3826,48,Sainte Margotboeuf,M,2023-07-24,2023-10-18,160.81,2,80.41,Reference,5,True,5,779,Alimentation,1,784,2,160.81,1,2,4,124,4,Dormant
CLIENT_3827,54,Baudry,F,2025-02-15,2025-12-09,37.46,5,7.49,Direct,0,False,4,0,Alimentation,9,1,5,37.46,4,5,1,451,3,Loyal
CLIENT_3828,32,Sanchez,M,2025-01-29,2025-06-06,164.98,1,164.98,Direct,0,True,4,172,Alimentation,7,187,1,164.98,3,1,4,314,4,Dormant
CLIENT_3829,36,CaronBourg,M,2023-02-05,2024-02-06,31.19,2,15.6,Social,15,False,5,662,Mode,3,673,2,31.19,1,2,1,121,4,Dormant
CLIENT_3830,25,Sainte Christophe,M,2024-07-09,2024-10-26,327.26,6,54.54,Social,15,True,4,389,Alimentation,8,410,6,327.26,2,5,4,254,1,A risque
CLIENT_3831,38,Meunier,F,2023-02-03,2024-04-29,45.04,2,22.52,Social,15,True,4,565,Alimentation,9,590,2,45.04,2,2,2,222,4,Dormant
CLIENT_3832,44,Sanchez,F,2024-07-13,2025-04-14,5939.31,3,1979.77,Social,15,False,5,224,Alimentation,8,240,3,5939.31,3,3,5,335,0,A risque
CLIENT_3833,43,Perret,F,2025-03-23,2025-08-05,59.27,3,19.76,SEA,25,False,2,104,Électronique,9,127,3,59.27,4,3,2,432,1,A risque
CLIENT_3834,21,Perret,M,2025-07-04,2025-09-25,1063.1,4,265.77,Social,15,True,5,73,Alimentation,3,76,4,1063.1,4,4,5,445,0,A risque
CLIENT_3835,38,Barbenec,F,2024-03-17,2024-10-19,925.97,2,462.99,SEA,25,True,3,390,Mode,4,417,2,925.97,2,2,5,225,0,A risque
CLIENT_3836,75,Deschamps,F,2023-06-07,2024-01-16,41.5,2,20.75,SEA,25,True,4,686,Maison,9,694,2,41.5,1,2,1,121,4,Dormant
CLIENT_3837,39,BonninVille,F,2025-03-17,2025-12-09,47.67,2,23.84,Reference,5,False,5,0,Électronique,8,1,2,47.67,4,2,2,422,2,Potentiel
CLIENT_3838,18,Sainte Margotboeuf,M,2025-01-15,2025-03-15,356.09,2,178.04,Email,8,True,5,243,Mode,8,270,2,356.09,3,2,4,324,4,Dormant
CLIENT_3839,25,Delorme,F,2024-05-19,2025-01-26,2342.53,3,780.84,Reference,5,True,5,306,Mode,9,318,3,2342.53,3,3,5,335,0,A risque
CLIENT_3840,42,Peronnec,M,2023-10-14,2024-04-25,49.25,4,12.31,SEA,25,False,4,571,Mode,6,594,4,49.25,2,4,2,242,1,A risque
CLIENT_3841,64,Deschamps,F,2024-04-29,2025-02-22,34.57,3,11.52,SEA,25,False,2,284,Mode,6,291,3,34.57,3,3,1,331,1,A risque
CLIENT_3842,36,Meunier,F,2025-05-12,2025-12-07,1101.08,5,220.22,SEA,25,True,4,0,Loisirs,9,3,5,1101.08,4,5,5,455,3,Loyal
CLIENT_3843,71,Sanchez,M,2022-12-29,2024-03-14,31.32,3,10.44,Social,15,True,5,609,Maison,6,636,3,31.32,2,3,1,231,1,A risque
CLIENT_3844,41,Maillard,M,2025-11-11,2025-12-09,95.31,3,31.77,SEA,25,True,2,0,Alimentation,7,1,3,95.31,4,3,3,433,3,Loyal
CLIENT_3845,34,Deschamps,F,2023-11-05,2025-05-08,110.79,2,55.4,Reference,5,False,5,209,Alimentation,6,216,2,110.79,3,2,3,323,4,Dormant
CLIENT_3846,33,Peronnec,F,2023-04-07,2023-08-25,112.34,2,56.17,SEA,25,False,4,813,Électronique,9,838,2,112.34,1,2,3,123,4,Dormant
CLIENT_3847,35,CaronBourg,F,2024-08-14,2025-12-09,739.92,6,123.32,SEA,25,True,5,0,Alimentation,5,1,6,739.92,4,5,5,455,3,Loyal
CLIENT_3848,59,Techer-la-Forêt,M,2023-09-29,2024-09-02,80.03,6,13.34,Email,8,False,4,438,Maison,6,464,6,80.03,2,5,3,253,1,A risque
CLIENT_3849,64,Barbenec,M,2025-08-17,2025-09-17,715.91,1,715.91,SEA,25,True,5,61,Loisirs,5,84,1,715.91,4,1,5,415,4,Dormant
CLIENT_3850,23,Deschamps,F,2024-01-10,2025-12-09,124.59,1,124.59,Email,8,True,5,0,Maison,10,1,1,124.59,4,1,3,413,2,Potentiel
CLIENT_3851,18,Barbenec,F,2023-04-13,2024-03-19,76.88,5,15.38,Direct,0,True,4,614,Mode,1,631,5,76.88,2,5,3,253,1,A risque
CLIENT_3852,58,Grenier,M,2024-03-01,2024-04-14,143.89,3,47.96,SEA,25,False,2,578,Loisirs,8,605,3,143.89,2,3,4,234,1,A risque
CLIENT_3853,75,Meunier,F,2023-01-13,2025-12-09,19841.51,2,9920.75,Reference,5,False,5,0,Alimentation,5,1,2,19841.51,4,2,5,425,0,A risque
CLIENT_3854,21,Sainte Christophe,F,2025-10-13,2025-12-09,63.17,6,10.53,SEA,25,False,3,0,Maison,10,1,6,63.17,4,5,2,452,3,Loyal
CLIENT_3855,48,Deschamps,M,2023-06-29,2023-11-22,38.7,1,38.7,Social,15,True,3,730,Maison,7,749,1,38.7,1,1,1,111,4,Dormant
CLIENT_3856,45,Gimenez,M,2025-11-18,2025-12-09,224.79,3,74.93,Reference,5,True,4,0,Loisirs,9,1,3,224.79,4,3,4,434,3,Loyal
CLIENT_3857,48,Peronnec,M,2025-01-24,2025-11-16,30.61,9,3.4,Social,15,True,3,22,Loisirs,5,24,9,30.61,4,5,1,451,3,Loyal
CLIENT_3858,43,Meunier,F,2023-06-18,2024-02-28,352.38,4,88.09,Reference,5,False,5,622,Électronique,5,651,4,352.38,1,4,4,144,1,A risque
CLIENT_3859,18,Techer-la-Forêt,M,2023-11-23,2025-03-23,126.02,5,25.2,Social,15,True,5,242,Alimentation,6,262,5,126.02,3,5,3,353,1,A risque
CLIENT_3860,40,Sainte Margotboeuf,M,2024-05-08,2024-06-03,347.36,1,347.36,Email,8,False,4,548,Maison,2,555,1,347.36,2,1,4,214,4,Dormant
CLIENT_3861,39,Gimenez,F,2025-06-11,2025-12-09,31.57,4,7.89,SEA,25,True,3,0,Maison,5,1,4,31.57,4,4,1,441,3,Loyal
CLIENT_3862,46,Sanchez,M,2023-03-11,2024-12-05,142.23,5,28.45,Direct,0,False,4,343,Loisirs,8,370,5,142.23,3,5,4,354,1,A risque
CLIENT_3863,36,Peronnec,F,2025-05-12,2025-11-27,425.71,1,425.71,Social,15,False,4,4,Loisirs,9,13,1,425.71,4,1,5,415,2,Potentiel
CLIENT_3864,57,Barbenec,M,2025-04-21,2025-08-27,89.14,3,29.71,Email,8,False,4,88,Maison,10,105,3,89.14,4,3,3,433,1,A risque
CLIENT_3865,47,Sainte Margotboeuf,M,2024-08-31,2024-10-06,425.9,3,141.97,Email,8,False,5,422,Alimentation,9,430,3,425.9,2,3,5,235,1,A risque
CLIENT_3866,30,Sainte Margotboeuf,M,2022-12-15,2023-08-03,139.85,1,139.85,Social,15,True,3,848,Électronique,1,860,1,139.85,1,1,4,114,4,Dormant
CLIENT_3867,36,Sainte Christophe,M,2025-07-29,2025-12-09,435.72,3,145.24,Reference,5,True,5,0,Mode,3,1,3,435.72,4,3,5,435,3,Loyal
CLIENT_3868,45,Leconte-sur-Masson,M,2023-03-05,2023-09-01,54.42,3,18.14,Direct,0,True,4,824,Alimentation,3,831,3,54.42,1,3,2,132,1,A risque
CLIENT_3869,34,Peronnec,F,2025-03-31,2025-12-09,141.58,3,47.19,Social,15,True,5,0,Mode,8,1,3,141.58,4,3,4,434,3,Loyal
CLIENT_3870,39,CaronBourg,M,2025-07-09,2025-08-04,333.01,8,41.63,Social,15,False,4,115,Alimentation,3,128,8,333.01,4,5,4,454,1,A risque
CLIENT_3871,18,Grenier,M,2024-07-02,2024-07-10,91.6,3,30.53,Email,8,False,2,514,Maison,8,518,3,91.6,2,3,3,233,1,A risque
CLIENT_3872,28,Techer-la-Forêt,F,2022-12-30,2023-07-16,72.96,3,24.32,SEA,25,False,4,870,Alimentation,7,878,3,72.96,1,3,3,133,1,A risque
CLIENT_3873,18,Barbenec,M,2024-05-05,2024-09-01,53.4,3,17.8,SEA,25,False,2,462,Alimentation,9,465,3,53.4,2,3,2,232,1,A risque
CLIENT_3874,43,Sanchez,F,2025-04-24,2025-06-12,3282.38,5,656.48,Email,8,True,5,177,Mode,6,181,5,3282.38,3,5,5,355,0,A risque
CLIENT_3875,28,Delorme,F,2025-10-24,2025-12-09,66.56,3,22.19,Reference,5,False,3,0,Loisirs,8,1,3,66.56,4,3,2,432,3,Loyal
CLIENT_3876,18,Grenier,M,2025-08-07,2025-12-09,46.2,2,23.1,Reference,5,False,3,0,Mode,9,1,2,46.2,4,2,2,422,2,Potentiel
CLIENT_3877,55,Perret,M,2024-07-14,2025-12-09,69.7,7,9.96,Direct,0,True,4,0,Maison,2,1,7,69.7,4,5,3,453,3,Loyal
CLIENT_3878,42,Sainte Genevièvenec,F,2023-04-25,2024-01-22,41.42,5,8.28,Reference,5,True,2,682,Loisirs,3,688,5,41.42,1,5,1,151,1,A risque
CLIENT_3879,36,Deschamps,M,2025-03-24,2025-12-09,836.68,7,119.53,SEA,25,False,4,0,Alimentation,5,1,7,836.68,4,5,5,455,3,Loyal
CLIENT_3880,42,Peronnec,M,2024-09-13,2025-10-19,30.15,5,6.03,Email,8,True,1,36,Maison,10,52,5,30.15,4,5,1,451,1,A risque
CLIENT_3881,46,Gimenez,F,2025-06-18,2025-12-09,31.47,7,4.5,Email,8,True,3,0,Alimentation,7,1,7,31.47,4,5,1,451,3,Loyal
CLIENT_3882,34,Hubert,M,2025-09-25,2025-12-09,35.87,3,11.96,Email,8,True,3,0,Alimentation,9,1,3,35.87,4,3,1,431,3,Loyal
CLIENT_3883,18,Deschamps,M,2023-06-15,2023-07-03,46.88,6,7.81,SEA,25,True,4,865,Maison,9,891,6,46.88,1,5,2,152,1,A risque
CLIENT_3884,29,Sanchez,M,2025-04-17,2025-12-09,79.99,7,11.43,Social,15,True,4,0,Mode,4,1,7,79.99,4,5,3,453,3,Loyal
CLIENT_3885,63,Delorme,F,2024-09-12,2025-12-09,112.28,4,28.07,Social,15,True,3,0,Alimentation,10,1,4,112.28,4,4,3,443,3,Loyal
CLIENT_3886,43,Maillard,M,2025-10-17,2025-12-09,84.99,1,84.99,SEA,25,True,3,0,Électronique,4,1,1,84.99,4,1,3,413,2,Potentiel
CLIENT_3887,45,CaronBourg,F,2024-12-21,2025-06-15,179.4,2,89.7,Social,15,True,5,165,Électronique,6,178,2,179.4,3,2,4,324,4,Dormant
CLIENT_3888,43,Hubert,M,2023-10-02,2024-01-13,52.6,1,52.6,Direct,0,False,3,682,Loisirs,7,697,1,52.6,1,1,2,112,4,Dormant
CLIENT_3889,60,Barbenec,F,2023-11-02,2025-02-16,33.67,7,4.81,Social,15,True,3,289,Électronique,2,297,7,33.67,3,5,1,351,1,A risque
CLIENT_3890,42,Gimenez,M,2023-02-14,2023-11-04,362.6,7,51.8,Social,15,True,5,745,Alimentation,10,767,7,362.6,1,5,4,154,1,A risque
CLIENT_3891,68,Sainte Christophe,M,2024-08-06,2025-04-13,8487.08,3,2829.03,SEA,25,True,4,231,Loisirs,6,241,3,8487.08,3,3,5,335,0,A risque
CLIENT_3892,26,Techer-la-Forêt,F,2025-09-15,2025-12-09,88.25,1,88.25,SEA,25,True,3,0,Mode,1,1,1,88.25,4,1,3,413,2,Potentiel
CLIENT_3893,34,Grenier,M,2023-11-12,2024-07-18,41.32,2,20.66,Social,15,False,1,509,Alimentation,3,510,2,41.32,2,2,1,221,4,Dormant
CLIENT_3894,38,Baudry,M,2024-06-15,2024-10-06,42.63,1,42.63,SEA,25,True,4,422,Électronique,5,430,1,42.63,2,1,1,211,4,Dormant
CLIENT_3895,40,Maillard,F,2024-03-21,2024-05-03,170.09,5,34.02,SEA,25,False,3,580,Maison,5,586,5,170.09,2,5,4,254,1,A risque
CLIENT_3896,43,BonninVille,M,2023-09-10,2023-12-14,40.18,2,20.09,Reference,5,True,3,724,Loisirs,7,727,2,40.18,1,2,1,121,4,Dormant
CLIENT_3897,31,Maillard,M,2025-05-20,2025-12-09,76.5,5,15.3,Reference,5,False,3,0,Électronique,2,1,5,76.5,4,5,3,453,3,Loyal
CLIENT_3898,56,Hubert,M,2024-07-26,2025-05-15,5923.54,2,2961.77,SEA,25,False,5,195,Loisirs,6,209,2,5923.54,3,2,5,325,0,A risque
CLIENT_3899,21,Perret,F,2024-03-08,2024-03-08,86.09,3,28.7,SEA,25,True,5,634,Mode,10,642,3,86.09,2,3,3,233,1,A risque
CLIENT_3900,29,Peronnec,M,2023-04-14,2023-06-16,44.34,3,14.78,Email,8,False,2,902,Électronique,5,908,3,44.34,1,3,2,132,1,A risque
CLIENT_3901,57,Baudry,F,2023-09-23,2024-11-20,563.58,1,563.58,Social,15,True,3,367,Maison,3,385,1,563.58,3,1,5,315,4,Dormant
CLIENT_3902,54,Maillard,M,2024-06-26,2025-01-12,51.74,1,51.74,Email,8,False,3,331,Maison,7,332,1,51.74,3,1,2,312,4,Dormant
CLIENT_3903,34,Sanchez,F,2023-08-26,2024-11-01,104.75,1,104.75,Direct,0,True,4,403,Électronique,6,404,1,104.75,2,1,3,213,4,Dormant
CLIENT_3904,53,Deschamps,F,2022-12-31,2023-06-04,200.87,4,50.22,Social,15,False,5,891,Électronique,10,920,4,200.87,1,4,4,144,1,A risque
CLIENT_3905,30,CaronBourg,M,2024-03-14,2025-12-09,86.07,2,43.03,Email,8,True,4,0,Mode,5,1,2,86.07,4,2,3,423,2,Potentiel
CLIENT_3906,69,Deschamps,M,2023-02-22,2024-01-15,34.14,3,11.38,Direct,0,True,4,693,Mode,2,695,3,34.14,1,3,1,131,1,A risque
CLIENT_3907,44,Deschamps,M,2025-07-13,2025-07-24,40.35,4,10.09,Social,15,True,5,110,Loisirs,5,139,4,40.35,4,4,1,441,1,A risque
CLIENT_3908,27,Delorme,F,2025-10-21,2025-12-09,34.48,1,34.48,Email,8,True,4,0,Loisirs,9,1,1,34.48,4,1,1,411,2,Potentiel
CLIENT_3909,38,Deschamps,M,2025-02-11,2025-11-03,54.12,1,54.12,Reference,5,True,3,36,Électronique,3,37,1,54.12,4,1,2,412,4,Dormant
CLIENT_3910,30,Sainte Christophe,F,2024-06-15,2025-05-19,47.15,2,23.57,Social,15,False,3,202,Maison,6,205,2,47.15,3,2,2,322,4,Dormant
CLIENT_3911,30,Techer-la-Forêt,M,2024-10-17,2024-10-19,85.05,2,42.52,Email,8,False,3,400,Maison,8,417,2,85.05,2,2,3,223,4,Dormant
CLIENT_3912,63,Techer-la-Forêt,M,2024-04-25,2024-10-23,365.62,4,91.41,SEA,25,True,5,397,Maison,8,413,4,365.62,2,4,4,244,1,A risque
CLIENT_3913,61,Baudry,M,2025-04-27,2025-12-09,35.08,2,17.54,Social,15,True,2,0,Alimentation,7,1,2,35.08,4,2,1,421,2,Potentiel
CLIENT_3914,18,Gimenez,M,2023-07-12,2024-09-11,26757.18,2,13378.59,SEA,25,True,5,445,Loisirs,6,455,2,26757.18,2,2,5,225,0,A risque
CLIENT_3915,42,Sainte Christophe,F,2023-06-01,2023-11-07,56.86,4,14.21,SEA,25,True,4,750,Alimentation,9,764,4,56.86,1,4,2,142,1,A risque
CLIENT_3916,64,Deschamps,M,2024-12-22,2025-07-11,327.24,3,109.08,SEA,25,True,4,149,Loisirs,2,152,3,327.24,3,3,4,334,1,A risque
CLIENT_3917,45,Sainte Genevièvenec,M,2023-02-27,2023-07-13,37.19,6,6.2,Reference,5,False,2,860,Électronique,7,881,6,37.19,1,5,1,151,1,A risque
CLIENT_3918,42,Perret,M,2024-01-01,2024-03-04,213.68,1,213.68,Direct,0,False,5,641,Électronique,7,646,1,213.68,1,1,4,114,4,Dormant
CLIENT_3919,54,Deschamps,F,2025-05-07,2025-10-07,32.81,5,6.56,Social,15,True,3,45,Électronique,9,64,5,32.81,4,5,1,451,1,A risque
CLIENT_3920,38,Sainte Christophe,F,2024-08-01,2025-12-09,101.71,5,20.34,Email,8,True,3,0,Alimentation,4,1,5,101.71,4,5,3,453,3,Loyal
CLIENT_3921,54,CaronBourg,M,2024-08-15,2024-11-13,320.11,4,80.03,SEA,25,False,5,364,Loisirs,9,392,4,320.11,2,4,4,244,1,A risque
CLIENT_3922,34,Peronnec,M,2025-05-12,2025-08-20,445.15,2,222.57,SEA,25,False,5,101,Électronique,9,112,2,445.15,4,2,5,425,4,Dormant
CLIENT_3923,47,Sainte Christophe,F,2025-05-28,2025-08-24,766.9,1,766.9,Email,8,True,5,103,Loisirs,1,108,1,766.9,4,1,5,415,4,Dormant
CLIENT_3924,57,Deschamps,F,2024-12-25,2025-02-14,31.33,3,10.44,Email,8,False,3,287,Loisirs,2,299,3,31.33,3,3,1,331,1,A risque
CLIENT_3925,21,Sainte Genevièvenec,F,2024-10-16,2024-11-29,121.02,6,20.17,Reference,5,True,3,352,Loisirs,9,376,6,121.02,3,5,3,353,1,A risque
CLIENT_3926,26,BonninVille,M,2023-09-11,2024-02-15,33.48,1,33.48,SEA,25,True,3,634,Maison,1,664,1,33.48,1,1,1,111,4,Dormant
CLIENT_3927,47,Maillard,M,2024-01-02,2024-09-07,162.44,1,162.44,Social,15,True,3,429,Mode,3,459,1,162.44,2,1,4,214,4,Dormant
CLIENT_3928,48,Delorme,F,2023-03-05,2025-07-14,260.61,5,52.12,Email,8,False,5,137,Alimentation,9,149,5,260.61,3,5,4,354,1,A risque
CLIENT_3929,50,Baudry,F,2024-08-20,2025-07-04,530.13,2,265.06,Social,15,True,3,152,Mode,3,159,2,530.13,3,2,5,325,0,A risque
CLIENT_3930,43,Meunier,M,2025-05-14,2025-11-01,6162.79,2,3081.39,Social,15,True,5,15,Alimentation,5,39,2,6162.79,4,2,5,425,0,A risque
CLIENT_3931,51,Meunier,F,2024-08-26,2025-01-24,191.59,2,95.8,SEA,25,True,4,318,Électronique,3,320,2,191.59,3,2,4,324,4,Dormant
CLIENT_3932,54,Hubert,F,2022-12-28,2023-01-17,175.72,1,175.72,SEA,25,True,3,1041,Électronique,6,1058,1,175.72,1,1,4,114,4,Dormant
CLIENT_3933,36,Hubert,F,2023-06-15,2024-01-27,800.13,3,266.71,Social,15,True,5,674,Électronique,2,683,3,800.13,1,3,5,135,0,A risque
CLIENT_3934,44,Hubert,M,2023-05-24,2023-07-22,97.88,3,32.63,Reference,5,False,4,865,Loisirs,4,872,3,97.88,1,3,3,133,1,A risque
CLIENT_3935,55,Baudry,F,2025-11-29,2025-12-09,70.98,3,23.66,Direct,0,False,4,0,Maison,6,1,3,70.98,4,4,3,443,3,Loyal
CLIENT_3936,72,Delorme,F,2024-01-06,2025-11-21,260.85,5,52.17,Email,8,True,5,10,Mode,4,19,5,260.85,4,5,4,454,3,Loyal
CLIENT_3937,18,Maillard,F,2025-09-26,2025-11-04,33.43,1,33.43,Email,8,False,5,17,Loisirs,7,36,1,33.43,4,1,1,411,4,Dormant
CLIENT_3938,28,Sainte Christophe,F,2023-01-20,2023-03-25,31.6,4,7.9,Email,8,False,4,983,Électronique,9,991,4,31.6,1,4,1,141,1,A risque
CLIENT_3939,53,Peronnec,F,2024-05-31,2025-09-02,103.59,2,51.8,Social,15,True,4,79,Électronique,4,99,2,103.59,4,2,3,423,4,Dormant
CLIENT_3940,51,Deschamps,F,2023-09-20,2025-01-28,154.33,2,77.17,Social,15,False,3,310,Maison,5,316,2,154.33,3,2,4,324,4,Dormant
CLIENT_3941,18,Baudry,F,2023-02-19,2024-02-20,34.78,1,34.78,Social,15,True,2,647,Électronique,4,659,1,34.78,1,1,1,111,4,Dormant
CLIENT_3942,18,Maillard,M,2024-11-10,2024-12-10,131.5,2,65.75,Social,15,True,4,360,Alimentation,3,365,2,131.5,3,2,4,324,4,Dormant
CLIENT_3943,24,Sainte Christophe,M,2025-01-02,2025-12-09,36.11,6,6.02,Direct,0,True,3,0,Loisirs,5,1,6,36.11,4,5,1,451,3,Loyal
CLIENT_3944,26,Hubert,M,2023-11-06,2025-02-02,34.97,3,11.66,Email,8,False,3,283,Maison,9,311,3,34.97,3,4,1,341,1,A risque
CLIENT_3945,47,Grenier,F,2025-01-29,2025-07-23,103.11,3,34.37,Social,15,True,5,129,Loisirs,7,140,3,103.11,4,4,3,443,1,A risque
CLIENT_3946,48,Sainte Margotboeuf,M,2023-09-25,2025-08-13,49.74,2,24.87,Email,8,True,3,112,Loisirs,7,119,2,49.74,4,2,2,422,4,Dormant
CLIENT_3947,18,Techer-la-Forêt,F,2023-08-24,2024-05-22,204.44,2,102.22,Email,8,True,5,539,Électronique,4,567,2,204.44,2,2,4,224,4,Dormant
CLIENT_3948,37,BonninVille,F,2023-07-18,2023-07-21,195.09,4,48.77,Email,8,False,4,842,Électronique,8,873,4,195.09,1,4,4,144,1,A risque
CLIENT_3949,48,Deschamps,M,2023-10-27,2024-09-03,153.08,1,153.08,Social,15,True,3,437,Mode,8,463,1,153.08,2,1,4,214,4,Dormant
CLIENT_3950,42,Techer-la-Forêt,M,2023-11-29,2024-03-19,59.8,5,11.96,Social,15,True,5,623,Alimentation,1,631,5,59.8,2,5,2,252,1,A risque
CLIENT_3951,24,Sainte Genevièvenec,M,2023-09-23,2024-02-21,49.64,2,24.82,SEA,25,False,3,656,Électronique,8,658,2,49.64,1,2,2,122,4,Dormant
CLIENT_3952,18,Maillard,F,2024-08-01,2024-08-28,154.91,2,77.45,Reference,5,False,5,463,Maison,9,469,2,154.91,2,2,4,224,4,Dormant
CLIENT_3953,18,Deschamps,M,2024-04-17,2024-04-28,190.36,2,95.18,Email,8,True,5,576,Maison,4,591,2,190.36,2,2,4,224,4,Dormant
CLIENT_3954,27,Sainte Margotboeuf,M,2024-05-16,2024-10-21,31.43,5,6.29,Social,15,True,4,389,Loisirs,4,415,5,31.43,2,5,1,251,1,A risque
CLIENT_3955,60,Leconte-sur-Masson,M,2024-07-09,2025-02-22,32.01,3,10.67,Reference,5,True,4,271,Alimentation,6,291,3,32.01,3,4,1,341,1,A risque
CLIENT_3956,32,Deschamps,F,2024-12-15,2025-11-22,253.21,2,126.61,Reference,5,False,5,1,Électronique,5,18,2,253.21,4,2,4,424,2,Potentiel
CLIENT_3957,43,Barbenec,M,2024-11-06,2025-10-19,93.18,4,23.3,Direct,0,False,4,31,Maison,3,52,4,93.18,4,4,3,443,1,A risque
CLIENT_3958,22,Sanchez,M,2025-07-29,2025-08-19,707.26,4,176.81,Reference,5,True,5,112,Loisirs,5,113,4,707.26,4,4,5,445,0,A risque
CLIENT_3959,57,Maillard,F,2024-02-20,2024-06-14,62.66,4,15.66,Reference,5,False,4,541,Électronique,6,544,4,62.66,2,4,2,242,1,A risque
CLIENT_3960,29,Barbenec,M,2023-02-18,2023-11-26,124.48,3,41.49,Social,15,True,4,724,Mode,3,745,3,124.48,1,4,3,143,1,A risque
CLIENT_3961,46,BonninVille,F,2023-12-02,2025-01-22,4523.55,1,4523.55,Social,15,True,5,311,Loisirs,8,322,1,4523.55,3,1,5,315,0,A risque
CLIENT_3962,31,Meunier,M,2025-07-13,2025-12-09,267.31,6,44.55,Email,8,True,3,0,Loisirs,8,1,6,267.31,4,5,4,454,3,Loyal
CLIENT_3963,26,Sainte Christophe,M,2025-11-05,2025-12-09,195.92,3,65.31,SEA,25,True,5,0,Loisirs,2,1,3,195.92,4,4,4,444,3,Loyal
CLIENT_3964,34,CaronBourg,F,2024-11-22,2025-07-05,270.89,3,90.3,Email,8,False,4,134,Alimentation,6,158,3,270.89,3,4,4,344,1,A risque
CLIENT_3965,50,Sanchez,M,2024-12-09,2025-12-09,246.46,5,49.29,Social,15,True,5,0,Loisirs,7,1,5,246.46,4,5,4,454,3,Loyal
CLIENT_3966,34,Hubert,F,2025-10-31,2025-12-09,5912.91,1,5912.91,Email,8,True,5,0,Électronique,3,1,1,5912.91,4,1,5,415,0,A risque
CLIENT_3967,30,Sainte Genevièvenec,F,2024-08-07,2024-11-20,33.81,4,8.45,Email,8,False,2,372,Mode,10,385,4,33.81,3,4,1,341,1,A risque
CLIENT_3968,52,Sainte Christophe,F,2025-07-04,2025-12-09,42.63,4,10.66,SEA,25,True,4,0,Électronique,2,1,4,42.63,4,4,1,441,3,Loyal
CLIENT_3969,35,Barbenec,F,2024-08-02,2025-02-01,44.85,3,14.95,Email,8,True,3,291,Alimentation,3,312,3,44.85,3,4,2,342,1,A risque
CLIENT_3970,22,Sanchez,F,2023-07-23,2023-09-29,223.29,4,55.82,Social,15,True,5,790,Loisirs,8,803,4,223.29,1,4,4,144,1,A risque
CLIENT_3971,47,Meunier,M,2025-08-15,2025-11-12,40.68,4,10.17,Email,8,False,2,17,Loisirs,1,28,4,40.68,4,4,1,441,1,A risque
CLIENT_3972,30,Hubert,M,2025-02-25,2025-05-24,45.54,7,6.51,Email,8,True,3,178,Loisirs,1,200,7,45.54,3,5,2,352,1,A risque
CLIENT_3973,18,Techer-la-Forêt,M,2024-02-08,2024-02-26,226.34,5,45.27,Social,15,False,4,637,Électronique,8,653,5,226.34,1,5,4,154,1,A risque
CLIENT_3974,61,Sainte Christophe,F,2023-04-26,2023-10-23,65.89,2,32.95,Email,8,False,2,766,Électronique,10,779,2,65.89,1,2,2,122,4,Dormant
CLIENT_3975,18,Sainte Genevièvenec,M,2024-12-10,2024-12-11,56.27,4,14.07,SEA,25,True,5,340,Mode,9,364,4,56.27,3,4,2,342,1,A risque
CLIENT_3976,38,Sanchez,F,2025-10-16,2025-12-09,14711.93,2,7355.97,Email,8,True,5,0,Maison,10,1,2,14711.93,4,2,5,425,0,A risque
CLIENT_3977,34,Techer-la-Forêt,M,2024-09-25,2025-01-02,161.46,2,80.73,Social,15,False,3,319,Maison,4,342,2,161.46,3,2,4,324,4,Dormant
CLIENT_3978,35,Delorme,F,2025-07-12,2025-09-22,39.86,3,13.29,Reference,5,True,5,51,Loisirs,6,79,3,39.86,4,4,1,441,1,A risque
CLIENT_3979,45,Sainte Christophe,F,2024-01-20,2025-12-09,98.98,2,49.49,Direct,0,False,5,0,Maison,10,1,2,98.98,4,2,3,423,2,Potentiel
CLIENT_3980,56,Techer-la-Forêt,F,2024-11-04,2025-12-09,262.2,5,52.44,Reference,5,False,5,0,Loisirs,6,1,5,262.2,4,5,4,454,3,Loyal
CLIENT_3981,30,Baudry,M,2024-08-12,2024-08-20,794.31,4,198.58,Social,15,True,5,461,Mode,5,477,4,794.31,2,4,5,245,0,A risque
CLIENT_3982,36,CaronBourg,M,2025-08-09,2025-12-09,41.44,4,10.36,Social,15,True,4,0,Électronique,2,1,4,41.44,4,4,1,441,3,Loyal
CLIENT_3983,75,Sainte Genevièvenec,F,2024-07-03,2025-04-28,35.0,2,17.5,Email,8,False,5,211,Loisirs,5,226,2,35.0,3,2,1,321,4,Dormant
CLIENT_3984,56,Hubert,F,2023-05-27,2023-06-03,74.86,4,18.71,Reference,5,True,5,894,Mode,4,921,4,74.86,1,4,3,143,1,A risque
CLIENT_3985,35,Perret,F,2022-12-24,2023-01-04,66.85,5,13.37,Email,8,False,5,1045,Électronique,9,1071,5,66.85,1,5,2,152,1,A risque
CLIENT_3986,26,BonninVille,M,2024-09-24,2025-10-15,168.46,4,42.12,Social,15,False,3,44,Électronique,5,56,4,168.46,4,4,4,444,1,A risque
CLIENT_3987,51,Peronnec,M,2023-08-02,2025-11-06,108.74,2,54.37,Email,8,False,3,14,Mode,4,34,2,108.74,4,2,3,423,4,Dormant
CLIENT_3988,36,Barbenec,F,2023-11-16,2024-06-26,3902.24,3,1300.75,Social,15,True,5,523,Alimentation,3,532,3,3902.24,2,4,5,245,0,A risque
CLIENT_3989,46,Deschamps,F,2023-11-08,2024-10-13,96.86,2,48.43,Reference,5,False,4,405,Alimentation,7,423,2,96.86,2,2,3,223,4,Dormant
CLIENT_3990,41,BonninVille,M,2024-08-13,2025-10-08,180.77,1,180.77,Email,8,False,5,54,Loisirs,2,63,1,180.77,4,1,4,414,4,Dormant
CLIENT_3991,47,BonninVille,F,2023-11-17,2024-04-21,1174.86,2,587.43,Email,8,True,5,585,Mode,7,598,2,1174.86,2,2,5,225,0,A risque
CLIENT_3992,35,Grenier,M,2024-12-17,2025-03-07,51.16,1,51.16,Direct,0,True,4,252,Mode,9,278,1,51.16,3,1,2,312,4,Dormant
CLIENT_3993,38,Barbenec,F,2025-06-05,2025-10-10,31.31,1,31.31,Social,15,False,2,59,Mode,9,61,1,31.31,4,1,1,411,4,Dormant
CLIENT_3994,27,Sainte Christophe,M,2025-04-04,2025-11-10,97.73,4,24.43,Direct,0,False,4,26,Mode,3,30,4,97.73,4,4,3,443,1,A risque
CLIENT_3995,25,Deschamps,M,2024-03-08,2024-03-29,67.85,4,16.96,Email,8,False,3,603,Mode,5,621,4,67.85,2,4,2,242,1,A risque
CLIENT_3996,37,Baudry,M,2025-02-07,2025-02-08,95.74,2,47.87,Email,8,True,3,280,Électronique,1,305,2,95.74,3,2,3,323,4,Dormant
CLIENT_3997,35,CaronBourg,M,2024-09-15,2025-12-09,87.93,8,10.99,Reference,5,True,5,0,Loisirs,3,1,8,87.93,4,5,3,453,3,Loyal
CLIENT_3998,21,Techer-la-Forêt,F,2025-11-06,2025-12-09,39.08,2,19.54,Social,15,True,3,0,Alimentation,1,1,2,39.08,4,2,1,421,2,Potentiel
CLIENT_3999,61,Gimenez,M,2024-11-06,2025-12-09,274.89,3,91.63,Email,8,False,4,0,Mode,8,1,3,274.89,4,4,4,444,3,Loyal
CLIENT_4000,54,BonninVille,M,2024-06-30,2025-01-18,198.13,2,99.06,Reference,5,True,3,312,Loisirs,10,326,2,198.13,3,2,4,324,4,Dormant
CLIENT_4001,18,Deschamps,F,2024-12-08,2025-12-09,33.53,3,11.18,Social,15,False,4,0,Maison,5,1,3,33.53,4,4,1,441,3,Loyal
CLIENT_4002,69,Delorme,M,2025-09-16,2025-12-09,110.08,4,27.52,Social,15,False,5,0,Alimentation,10,1,4,110.08,4,4,3,443,3,Loyal
CLIENT_4003,26,Meunier,F,2025-01-03,2025-12-09,74.77,3,24.92,Email,8,False,3,0,Électronique,5,1,3,74.77,4,4,3,443,3,Loyal
CLIENT_4004,58,Sainte Christophe,F,2023-08-02,2025-10-26,70.52,4,17.63,SEA,25,True,4,25,Mode,8,45,4,70.52,4,4,3,443,1,A risque
CLIENT_4005,30,Deschamps,M,2024-06-26,2024-11-01,171.65,2,85.83,Email,8,False,5,399,Électronique,6,404,2,171.65,2,2,4,224,4,Dormant
CLIENT_4006,54,Meunier,F,2025-02-22,2025-06-13,95.76,2,47.88,Email,8,True,4,158,Mode,8,180,2,95.76,3,2,3,323,4,Dormant
CLIENT_4007,38,Sainte Christophe,F,2023-04-16,2024-02-19,30.5,7,4.36,Email,8,True,2,648,Alimentation,2,660,7,30.5,1,5,1,151,1,A risque
CLIENT_4008,36,Perret,M,2023-06-05,2024-03-27,2319.86,5,463.97,Reference,5,True,5,619,Électronique,2,623,5,2319.86,2,5,5,255,0,A risque
CLIENT_4009,18,Deschamps,M,2024-12-01,2025-12-09,163.75,3,54.58,SEA,25,True,3,0,Loisirs,8,1,3,163.75,4,4,4,444,3,Loyal
CLIENT_4010,38,Hubert,M,2023-09-19,2025-06-19,84.61,3,28.2,Email,8,True,4,163,Loisirs,5,174,3,84.61,3,4,3,343,1,A risque
CLIENT_4011,65,Sanchez,F,2023-11-22,2023-12-25,97.46,3,32.49,SEA,25,True,5,690,Loisirs,2,716,3,97.46,1,4,3,143,1,A risque
CLIENT_4012,28,Maillard,M,2025-06-16,2025-08-03,102.54,3,34.18,Social,15,False,2,117,Alimentation,10,129,3,102.54,4,4,3,443,1,A risque
CLIENT_4013,38,Grenier,M,2024-11-12,2025-05-03,972.55,3,324.18,Social,15,True,5,202,Maison,4,221,3,972.55,3,4,5,345,0,A risque
CLIENT_4014,41,Delorme,F,2025-04-25,2025-07-28,37.82,6,6.3,Social,15,False,3,114,Loisirs,10,135,6,37.82,4,5,1,451,1,A risque
CLIENT_4015,28,BonninVille,M,2023-03-27,2025-12-09,50.34,5,10.07,Social,15,False,3,0,Maison,4,1,5,50.34,4,5,2,452,3,Loyal
CLIENT_4016,31,Gimenez,F,2023-01-21,2023-07-04,75.18,1,75.18,SEA,25,False,4,886,Loisirs,2,890,1,75.18,1,1,3,113,4,Dormant
CLIENT_4017,41,BonninVille,M,2024-08-18,2024-10-05,197.97,3,65.99,SEA,25,True,5,408,Maison,10,431,3,197.97,2,4,4,244,1,A risque
CLIENT_4018,18,Hubert,M,2024-08-04,2024-10-28,231.56,4,57.89,Social,15,True,4,378,Loisirs,2,408,4,231.56,2,4,4,244,1,A risque
CLIENT_4019,35,Techer-la-Forêt,M,2024-11-11,2025-12-09,31.73,2,15.87,Email,8,True,3,0,Maison,2,1,2,31.73,4,2,1,421,2,Potentiel
CLIENT_4020,18,Maillard,F,2024-11-02,2024-12-31,424.81,6,70.8,Email,8,True,5,315,Loisirs,1,344,6,424.81,3,5,5,355,1,A risque
CLIENT_4021,48,Deschamps,F,2025-12-02,2025-12-09,1415.0,5,283.0,Direct,0,True,5,0,Électronique,4,1,5,1415.0,4,5,5,455,3,Loyal
CLIENT_4022,47,Sanchez,M,2024-12-30,2025-12-09,938.13,1,938.13,Social,15,True,5,0,Maison,10,1,1,938.13,4,1,5,415,2,Potentiel
CLIENT_4023,18,Sainte Christophe,M,2024-11-12,2025-03-09,57.14,1,57.14,SEA,25,True,4,272,Loisirs,8,276,1,57.14,3,1,2,312,4,Dormant
CLIENT_4024,43,Meunier,M,2025-09-19,2025-12-09,49.63,2,24.82,Reference,5,True,3,0,Loisirs,10,1,2,49.63,4,2,2,422,2,Potentiel
CLIENT_4025,58,Meunier,M,2023-03-20,2023-08-19,43.27,2,21.64,Email,8,False,2,824,Maison,10,844,2,43.27,1,2,2,122,4,Dormant
CLIENT_4026,31,Maillard,M,2024-02-27,2024-05-05,189.5,3,63.17,Social,15,False,5,576,Loisirs,4,584,3,189.5,2,4,4,244,1,A risque
CLIENT_4027,62,Deschamps,M,2024-02-14,2024-03-15,592.69,4,148.17,Email,8,True,5,610,Électronique,3,635,4,592.69,2,4,5,245,0,A risque
CLIENT_4028,27,Sainte Margotboeuf,M,2023-04-10,2023-05-18,41.98,4,10.49,SEA,25,False,3,911,Alimentation,9,937,4,41.98,1,4,1,141,1,A risque
CLIENT_4029,20,CaronBourg,M,2025-01-15,2025-09-24,834.44,3,278.15,Social,15,True,4,55,Mode,1,77,3,834.44,4,4,5,445,0,A risque
CLIENT_4030,36,Sainte Genevièvenec,F,2024-03-20,2025-02-09,66.44,1,66.44,Email,8,False,2,288,Loisirs,1,304,1,66.44,3,1,2,312,4,Dormant
CLIENT_4031,43,Gimenez,F,2025-04-21,2025-08-22,96.51,3,32.17,Social,15,True,5,79,Maison,4,110,3,96.51,4,4,3,443,1,A risque
CLIENT_4032,49,Sainte Genevièvenec,F,2024-03-20,2024-05-26,69.88,3,23.29,SEA,25,True,3,560,Maison,4,563,3,69.88,2,4,3,243,1,A risque
CLIENT_4033,18,Sainte Margotboeuf,F,2024-03-06,2024-05-07,49.74,4,12.44,Email,8,True,5,577,Alimentation,6,582,4,49.74,2,4,2,242,1,A risque
CLIENT_4034,19,Maillard,M,2023-04-30,2024-12-10,50.92,1,50.92,Social,15,False,5,340,Mode,9,365,1,50.92,3,1,2,312,4,Dormant
CLIENT_4035,46,Leconte-sur-Masson,M,2024-05-02,2025-12-09,68.25,3,22.75,Social,15,True,4,0,Alimentation,5,1,3,68.25,4,4,2,442,3,Loyal
CLIENT_4036,35,Techer-la-Forêt,M,2023-07-07,2024-02-29,42.71,3,14.24,Social,15,False,2,622,Alimentation,9,650,3,42.71,1,4,1,141,1,A risque
CLIENT_4037,30,Baudry,M,2025-05-16,2025-12-09,231.75,3,77.25,Direct,0,False,5,0,Loisirs,3,1,3,231.75,4,4,4,444,3,Loyal
CLIENT_4038,37,Delorme,M,2024-07-23,2025-12-09,57.05,2,28.52,Social,15,True,4,0,Alimentation,8,1,2,57.05,4,2,2,422,2,Potentiel
CLIENT_4039,28,Peronnec,F,2025-11-15,2025-12-09,181.67,5,36.33,SEA,25,True,3,0,Maison,2,1,5,181.67,4,5,4,454,3,Loyal
CLIENT_4040,62,Barbenec,F,2024-05-06,2024-06-27,112.84,1,112.84,Email,8,True,5,515,Électronique,9,531,1,112.84,2,1,3,213,4,Dormant
CLIENT_4041,48,Meunier,F,2024-10-17,2025-08-21,773.58,3,257.86,Email,8,True,4,97,Loisirs,2,111,3,773.58,4,4,5,445,0,A risque
CLIENT_4042,31,Meunier,M,2025-02-22,2025-03-19,90.32,1,90.32,Social,15,False,3,260,Loisirs,4,266,1,90.32,3,1,3,313,4,Dormant
CLIENT_4043,48,CaronBourg,M,2025-11-10,2025-12-09,80.71,4,20.18,Email,8,True,3,0,Loisirs,9,1,4,80.71,4,4,3,443,3,Loyal
CLIENT_4044,55,Techer-la-Forêt,F,2024-07-08,2025-12-09,65.6,5,13.12,SEA,25,True,4,0,Électronique,7,1,5,65.6,4,5,2,452,3,Loyal
CLIENT_4045,25,Peronnec,F,2023-04-03,2023-08-25,38.55,6,6.42,SEA,25,False,4,817,Loisirs,1,838,6,38.55,1,5,1,151,1,A risque
CLIENT_4046,60,Barbenec,F,2023-09-17,2024-06-08,86.88,7,12.41,SEA,25,True,4,522,Mode,7,550,7,86.88,2,5,3,253,1,A risque
CLIENT_4047,55,CaronBourg,F,2025-07-02,2025-12-09,139.35,2,69.67,SEA,25,True,4,0,Électronique,7,1,2,139.35,4,2,4,424,2,Potentiel
CLIENT_4048,32,CaronBourg,M,2025-02-20,2025-04-01,1259.8,3,419.93,Direct,0,False,5,231,Électronique,1,253,3,1259.8,3,4,5,345,0,A risque
CLIENT_4049,42,Leconte-sur-Masson,M,2023-12-10,2025-11-19,33.81,3,11.27,Social,15,False,4,0,Électronique,7,21,3,33.81,4,4,1,441,3,Loyal
CLIENT_4050,39,Grenier,M,2024-05-21,2025-04-21,215.94,2,107.97,Direct,0,False,5,206,Loisirs,2,233,2,215.94,3,2,4,324,4,Dormant
CLIENT_4051,58,Deschamps,F,2024-04-15,2025-01-14,30.24,4,7.56,Email,8,True,5,325,Maison,1,330,4,30.24,3,4,1,341,1,A risque
CLIENT_4052,61,Gimenez,M,2023-08-25,2024-07-14,146.27,3,48.76,Social,15,True,3,497,Électronique,9,514,3,146.27,2,4,4,244,1,A risque
CLIENT_4053,42,Sainte Margotboeuf,M,2025-11-15,2025-12-09,1962.15,4,490.54,Reference,5,True,5,0,Maison,6,1,4,1962.15,4,4,5,445,0,A risque
CLIENT_4054,18,Barbenec,F,2024-09-12,2025-07-31,31.12,4,7.78,Direct,0,False,3,129,Loisirs,8,132,4,31.12,4,4,1,441,1,A risque
CLIENT_4055,35,BonninVille,F,2025-10-20,2025-12-09,204.27,2,102.14,Social,15,True,5,0,Alimentation,3,1,2,204.27,4,2,4,424,2,Potentiel
CLIENT_4056,50,Meunier,M,2024-06-09,2024-08-31,122.45,1,122.45,Direct,0,False,5,446,Alimentation,2,466,1,122.45,2,1,3,213,4,Dormant
CLIENT_4057,45,Perret,F,2022-12-25,2023-04-19,39.73,1,39.73,Direct,0,True,5,940,Maison,2,966,1,39.73,1,1,1,111,4,Dormant
CLIENT_4058,52,BonninVille,F,2024-10-07,2025-12-09,63.95,3,21.32,Direct,0,True,3,0,Mode,2,1,3,63.95,4,4,2,442,3,Loyal
CLIENT_4059,75,Deschamps,M,2025-05-21,2025-09-01,44.69,3,14.9,Social,15,True,3,99,Alimentation,1,100,3,44.69,4,4,2,442,1,A risque
CLIENT_4060,25,Sainte Genevièvenec,M,2024-09-21,2025-08-15,57.84,5,11.57,Email,8,True,3,91,Électronique,2,117,5,57.84,4,5,2,452,1,A risque
CLIENT_4061,42,Sainte Christophe,M,2025-12-02,2025-12-09,481.49,3,160.5,Social,15,False,5,0,Loisirs,2,1,3,481.49,4,4,5,445,3,Loyal
CLIENT_4062,31,Sainte Christophe,F,2024-02-03,2024-02-19,80.95,1,80.95,Social,15,True,5,633,Alimentation,5,660,1,80.95,1,1,3,113,4,Dormant
CLIENT_4063,33,Sainte Margotboeuf,F,2024-01-24,2024-09-12,33.09,3,11.03,Email,8,False,3,426,Électronique,7,454,3,33.09,2,4,1,241,1,A risque
CLIENT_4064,33,Leconte-sur-Masson,M,2024-01-05,2025-05-16,206.97,3,68.99,Email,8,False,3,186,Mode,2,208,3,206.97,3,4,4,344,1,A risque
CLIENT_4065,54,Sainte Genevièvenec,M,2025-06-26,2025-12-09,30.74,1,30.74,Direct,0,True,4,0,Alimentation,2,1,1,30.74,4,1,1,411,2,Potentiel
CLIENT_4066,37,Techer-la-Forêt,M,2024-10-10,2025-10-05,1963.13,4,490.78,Direct,0,True,5,52,Loisirs,2,66,4,1963.13,4,4,5,445,0,A risque
CLIENT_4067,44,Gimenez,M,2023-09-21,2023-09-25,59.91,5,11.98,SEA,25,True,4,781,Loisirs,10,807,5,59.91,1,5,2,152,1,A risque
CLIENT_4068,48,Leconte-sur-Masson,F,2024-11-14,2025-05-21,51.64,3,17.21,SEA,25,True,4,198,Électronique,6,203,3,51.64,3,4,2,342,1,A risque
CLIENT_4069,54,Sainte Genevièvenec,F,2025-05-25,2025-09-01,30.07,2,15.04,Social,15,True,2,80,Électronique,4,100,2,30.07,4,2,1,421,4,Dormant
CLIENT_4070,24,Sainte Genevièvenec,M,2024-05-29,2024-08-11,4420.03,4,1105.01,Social,15,False,5,481,Alimentation,2,486,4,4420.03,2,4,5,245,0,A risque
CLIENT_4071,39,Barbenec,M,2024-10-03,2025-01-20,72.31,2,36.16,Social,15,True,2,302,Électronique,10,324,2,72.31,3,2,3,323,4,Dormant
CLIENT_4072,26,Sainte Genevièvenec,F,2025-06-18,2025-08-03,87.56,3,29.19,Direct,0,False,3,107,Alimentation,4,129,3,87.56,4,4,3,443,1,A risque
CLIENT_4073,56,Peronnec,M,2024-11-04,2025-02-10,1630.01,3,543.34,Social,15,False,5,297,Électronique,3,303,3,1630.01,3,4,5,345,0,A risque
CLIENT_4074,18,Gimenez,M,2024-09-10,2025-07-17,589.39,6,98.23,Direct,0,False,3,122,Maison,10,146,6,589.39,3,5,5,355,1,A risque
CLIENT_4075,49,Sainte Margotboeuf,M,2022-12-16,2023-06-12,40.93,3,13.64,Social,15,False,3,896,Mode,2,912,3,40.93,1,4,1,141,1,A risque
CLIENT_4076,20,Deschamps,F,2023-09-29,2024-08-03,242.06,3,80.69,Email,8,True,5,475,Mode,1,494,3,242.06,2,4,4,244,1,A risque
CLIENT_4077,23,Peronnec,F,2025-05-08,2025-09-28,156.4,2,78.2,SEA,25,True,5,55,Mode,3,73,2,156.4,4,2,4,424,4,Dormant
CLIENT_4078,42,CaronBourg,F,2024-07-15,2025-12-09,64.01,1,64.01,Reference,5,True,4,0,Maison,3,1,1,64.01,4,1,2,412,2,Potentiel
CLIENT_4079,49,Meunier,F,2024-03-20,2025-05-21,179.79,1,179.79,Direct,0,True,3,192,Mode,1,203,1,179.79,3,1,4,314,4,Dormant
CLIENT_4080,52,Sainte Margotboeuf,M,2024-02-04,2024-07-18,31.85,2,15.93,Direct,0,False,3,488,Maison,1,510,2,31.85,2,2,1,221,4,Dormant
CLIENT_4081,20,Sainte Genevièvenec,F,2024-10-22,2025-12-09,92.75,3,30.92,Social,15,False,5,0,Alimentation,3,1,3,92.75,4,4,3,443,3,Loyal
CLIENT_4082,29,Deschamps,M,2023-12-02,2025-11-19,771.52,3,257.17,Social,15,False,5,12,Alimentation,5,21,3,771.52,4,4,5,445,0,A risque
CLIENT_4083,55,Gimenez,F,2025-10-22,2025-12-09,81.6,10,8.16,Reference,5,False,3,0,Alimentation,2,1,10,81.6,4,5,3,453,3,Loyal
CLIENT_4084,52,Deschamps,F,2023-12-03,2024-08-31,56.1,1,56.1,Direct,0,False,2,460,Alimentation,2,466,1,56.1,2,1,2,212,4,Dormant
CLIENT_4085,53,Baudry,F,2024-05-30,2024-08-23,735.31,7,105.04,Email,8,True,5,467,Maison,7,474,7,735.31,2,5,5,255,1,A risque
CLIENT_4086,37,Delorme,M,2023-03-25,2025-01-26,39.75,5,7.95,SEA,25,False,3,290,Mode,9,318,5,39.75,3,5,1,351,1,A risque
CLIENT_4087,19,Sainte Genevièvenec,F,2025-07-23,2025-12-09,52.07,1,52.07,Social,15,True,3,0,Loisirs,7,1,1,52.07,4,1,2,412,2,Potentiel
CLIENT_4088,21,Peronnec,F,2024-01-29,2025-09-23,1208.27,4,302.07,Social,15,False,5,56,Loisirs,5,78,4,1208.27,4,4,5,445,0,A risque
CLIENT_4089,42,Sainte Margotboeuf,M,2023-05-01,2023-08-02,393.16,2,196.58,Direct,0,True,5,835,Mode,9,861,2,393.16,1,2,5,125,4,Dormant
CLIENT_4090,18,Peronnec,F,2024-01-10,2024-02-20,257.06,2,128.53,SEA,25,False,5,628,Mode,9,659,2,257.06,1,2,4,124,4,Dormant
CLIENT_4091,31,Meunier,F,2024-08-21,2024-10-27,153.39,2,76.69,SEA,25,False,4,406,Mode,6,409,2,153.39,2,2,4,224,4,Dormant
CLIENT_4092,32,Hubert,F,2025-01-03,2025-10-06,61.39,4,15.35,SEA,25,True,3,47,Maison,4,65,4,61.39,4,4,2,442,1,A risque
CLIENT_4093,64,Grenier,F,2025-07-28,2025-12-02,308.06,7,44.01,Direct,0,True,5,4,Mode,6,8,7,308.06,4,5,4,454,3,Loyal
CLIENT_4094,57,Deschamps,M,2023-11-09,2025-01-31,31518.26,7,4502.61,Social,15,True,5,303,Alimentation,3,313,7,31518.26,3,5,5,355,0,A risque
CLIENT_4095,41,Delorme,F,2025-09-29,2025-12-09,49.15,2,24.57,Reference,5,True,3,0,Alimentation,1,1,2,49.15,4,2,2,422,2,Potentiel
CLIENT_4096,44,Grenier,M,2025-05-10,2025-12-09,42.08,4,10.52,Social,15,True,3,0,Électronique,1,1,4,42.08,4,4,1,441,3,Loyal
CLIENT_4097,30,Baudry,M,2024-04-30,2025-06-20,118.72,4,29.68,Email,8,True,4,157,Loisirs,7,173,4,118.72,3,4,3,343,1,A risque
CLIENT_4098,27,Baudry,F,2023-01-25,2024-03-26,424.19,1,424.19,Email,8,True,4,621,Maison,3,624,1,424.19,2,1,5,215,4,Dormant
CLIENT_4099,39,Hubert,M,2025-05-28,2025-06-14,57.5,3,19.17,Email,8,True,3,154,Alimentation,5,179,3,57.5,3,4,2,342,1,A risque
CLIENT_4100,33,Leconte-sur-Masson,F,2023-01-30,2023-05-28,52.03,2,26.02,Email,8,True,3,898,Mode,3,927,2,52.03,1,2,2,122,4,Dormant
CLIENT_4101,26,Meunier,F,2023-07-20,2024-07-02,82.57,4,20.64,Direct,0,True,4,496,Électronique,4,526,4,82.57,2,4,3,243,1,A risque
CLIENT_4102,44,Meunier,M,2024-07-06,2024-10-18,598.17,1,598.17,Social,15,True,3,406,Maison,10,418,1,598.17,2,1,5,215,4,Dormant
CLIENT_4103,48,Barbenec,M,2024-10-30,2025-09-11,41.13,2,20.57,Email,8,False,2,76,Électronique,4,90,2,41.13,4,2,1,421,4,Dormant
CLIENT_4104,36,Deschamps,F,2025-10-15,2025-12-09,34.15,2,17.07,Social,15,True,1,0,Électronique,6,1,2,34.15,4,2,1,421,2,Potentiel
CLIENT_4105,18,Perret,M,2024-08-28,2025-01-10,336.98,2,168.49,Email,8,True,5,325,Mode,8,334,2,336.98,3,2,4,324,4,Dormant
CLIENT_4106,41,Sainte Christophe,M,2024-01-04,2024-04-05,35.57,6,5.93,SEA,25,True,3,605,Électronique,4,614,6,35.57,2,5,1,251,1,A risque
CLIENT_4107,38,Meunier,F,2023-12-29,2024-05-13,63.74,2,31.87,Social,15,False,4,545,Électronique,8,576,2,63.74,2,2,2,222,4,Dormant
CLIENT_4108,18,Techer-la-Forêt,F,2025-01-02,2025-03-30,44.71,3,14.9,SEA,25,False,3,239,Alimentation,10,255,3,44.71,3,4,2,342,1,A risque
CLIENT_4109,18,BonninVille,M,2025-05-02,2025-08-14,34.8,1,34.8,SEA,25,True,2,93,Électronique,2,118,1,34.8,4,1,1,411,4,Dormant
CLIENT_4110,29,Peronnec,M,2024-06-20,2024-12-18,84.67,1,84.67,SEA,25,True,4,335,Loisirs,2,357,1,84.67,3,1,3,313,4,Dormant
CLIENT_4111,36,BonninVille,F,2025-01-31,2025-08-31,63.93,1,63.93,Social,15,True,5,79,Alimentation,1,101,1,63.93,4,1,2,412,4,Dormant
CLIENT_4112,55,Leconte-sur-Masson,M,2024-01-22,2024-08-28,48.85,5,9.77,Direct,0,False,4,463,Maison,9,469,5,48.85,2,5,2,252,1,A risque
CLIENT_4113,46,Perret,M,2023-06-05,2023-11-28,121.67,1,121.67,Email,8,False,3,727,Loisirs,3,743,1,121.67,1,1,3,113,4,Dormant
CLIENT_4114,50,Grenier,F,2022-12-30,2023-03-02,374.24,4,93.56,Email,8,False,5,984,Électronique,2,1014,4,374.24,1,4,5,145,1,A risque
CLIENT_4115,25,Grenier,F,2023-06-29,2023-11-13,61.9,3,20.63,Social,15,True,2,757,Loisirs,7,758,3,61.9,1,4,2,142,1,A risque
CLIENT_4116,22,Baudry,M,2023-02-23,2023-07-25,73.88,3,24.63,Reference,5,True,2,849,Maison,7,869,3,73.88,1,4,3,143,1,A risque
CLIENT_4117,18,Gimenez,F,2023-11-14,2024-08-12,44.67,1,44.67,Social,15,True,2,469,Maison,1,485,1,44.67,2,1,2,212,4,Dormant
CLIENT_4118,18,Sainte Margotboeuf,F,2025-03-01,2025-06-14,1032.72,2,516.36,SEA,25,True,5,153,Maison,6,179,2,1032.72,3,2,5,325,0,A risque
CLIENT_4119,36,Baudry,F,2023-08-24,2025-12-09,1011.66,5,202.33,Email,8,True,4,0,Électronique,1,1,5,1011.66,4,5,5,455,3,Loyal
CLIENT_4120,18,Peronnec,M,2024-01-17,2024-05-02,156.21,8,19.53,Reference,5,False,4,572,Maison,3,587,8,156.21,2,5,4,254,1,A risque
CLIENT_4121,49,Sainte Genevièvenec,F,2025-08-29,2025-10-14,5090.6,5,1018.12,Direct,0,True,5,32,Maison,9,57,5,5090.6,4,5,5,455,0,A risque
CLIENT_4122,18,Meunier,F,2023-04-24,2023-08-24,45.35,3,15.12,Direct,0,True,4,817,Alimentation,9,839,3,45.35,1,4,2,142,1,A risque
CLIENT_4123,29,Hubert,M,2024-01-15,2024-03-20,37.87,1,37.87,SEA,25,False,3,602,Alimentation,5,630,1,37.87,2,1,1,211,4,Dormant
CLIENT_4124,18,Sanchez,M,2023-05-28,2023-06-07,40.44,2,20.22,SEA,25,True,4,897,Alimentation,8,917,2,40.44,1,2,1,121,4,Dormant
CLIENT_4125,66,Deschamps,F,2023-11-17,2025-12-09,33.23,2,16.61,Social,15,False,2,0,Électronique,5,1,2,33.23,4,2,1,421,2,Potentiel
CLIENT_4126,27,Gimenez,M,2025-10-10,2025-12-09,143.34,1,143.34,Email,8,False,4,0,Maison,5,1,1,143.34,4,1,4,414,2,Potentiel
CLIENT_4127,22,Deschamps,F,2024-01-10,2025-09-12,49.59,4,12.4,Email,8,True,4,67,Électronique,2,89,4,49.59,4,4,2,442,1,A risque
CLIENT_4128,48,Sanchez,F,2023-09-14,2024-01-26,18883.16,6,3147.19,Social,15,True,5,666,Loisirs,10,684,6,18883.16,1,5,5,155,0,A risque
CLIENT_4129,30,Barbenec,M,2023-12-30,2024-11-09,112.21,2,56.1,Email,8,False,4,383,Alimentation,8,396,2,112.21,2,2,3,223,4,Dormant
CLIENT_4130,23,Deschamps,F,2025-09-18,2025-11-08,1327.77,2,663.88,Reference,5,True,5,26,Électronique,2,32,2,1327.77,4,2,5,425,0,A risque
CLIENT_4131,27,Sanchez,M,2024-01-07,2024-08-23,1900.07,5,380.01,Social,15,True,5,472,Alimentation,3,474,5,1900.07,2,5,5,255,0,A risque
CLIENT_4132,27,Sainte Christophe,M,2024-01-16,2024-01-18,100.44,5,20.09,Direct,0,True,4,673,Électronique,3,692,5,100.44,1,5,3,153,1,A risque
CLIENT_4133,57,Grenier,F,2025-04-16,2025-12-09,1178.5,2,589.25,SEA,25,False,4,0,Mode,6,1,2,1178.5,4,2,5,425,2,Potentiel
CLIENT_4134,29,Barbenec,M,2025-09-05,2025-12-09,238.1,1,238.1,Social,15,True,3,0,Maison,3,1,1,238.1,4,1,4,414,2,Potentiel
CLIENT_4135,29,Gimenez,F,2023-02-06,2023-05-23,49.86,4,12.46,Direct,0,True,4,908,Mode,3,932,4,49.86,1,4,2,142,1,A risque
CLIENT_4136,39,Maillard,M,2025-04-08,2025-04-13,39.81,3,13.27,Email,8,False,3,223,Électronique,2,241,3,39.81,3,4,1,341,1,A risque
CLIENT_4137,38,Barbenec,M,2024-05-20,2024-10-03,920.71,2,460.36,Email,8,True,3,432,Maison,5,433,2,920.71,2,2,5,225,0,A risque
CLIENT_4138,49,Techer-la-Forêt,F,2024-05-14,2024-05-31,8596.02,2,4298.01,Social,15,False,5,549,Alimentation,1,558,2,8596.02,2,2,5,225,0,A risque
CLIENT_4139,48,Sanchez,M,2025-11-29,2025-12-09,215.45,7,30.78,Email,8,True,3,0,Alimentation,9,1,7,215.45,4,5,4,454,3,Loyal
CLIENT_4140,44,BonninVille,M,2024-04-21,2024-08-07,38156.01,3,12718.67,SEA,25,True,5,467,Loisirs,5,490,3,38156.01,2,4,5,245,0,A risque
CLIENT_4141,51,Delorme,M,2024-03-08,2024-03-30,43.02,3,14.34,Reference,5,True,4,614,Mode,10,620,3,43.02,2,4,2,242,1,A risque
CLIENT_4142,75,Peronnec,M,2025-07-13,2025-10-16,70.97,3,23.66,Direct,0,False,4,45,Alimentation,3,55,3,70.97,4,4,3,443,1,A risque
CLIENT_4143,41,Baudry,M,2023-01-23,2023-02-28,57.47,3,19.16,Email,8,False,3,999,Maison,1,1016,3,57.47,1,4,2,142,1,A risque
CLIENT_4144,69,Baudry,M,2025-01-12,2025-12-09,55.31,3,18.44,SEA,25,True,4,0,Mode,5,1,3,55.31,4,4,2,442,3,Loyal
CLIENT_4145,19,Techer-la-Forêt,F,2024-02-22,2025-07-19,99.53,3,33.18,Email,8,True,2,124,Électronique,2,144,3,99.53,3,4,3,343,1,A risque
CLIENT_4146,47,Deschamps,F,2024-09-23,2024-11-13,41.96,1,41.96,Social,15,False,4,386,Maison,4,392,1,41.96,2,1,1,211,4,Dormant
CLIENT_4147,37,Baudry,M,2025-09-22,2025-11-28,93.86,2,46.93,Social,15,False,3,5,Mode,5,12,2,93.86,4,2,3,423,2,Potentiel
CLIENT_4148,28,Baudry,M,2025-09-23,2025-12-09,2977.9,2,1488.95,Social,15,True,5,0,Maison,8,1,2,2977.9,4,2,5,425,0,A risque
CLIENT_4149,35,Sanchez,M,2023-12-19,2025-12-09,104.38,3,34.79,SEA,25,True,4,0,Mode,4,1,3,104.38,4,4,3,443,3,Loyal
CLIENT_4150,32,Perret,F,2023-08-05,2024-01-09,35.66,1,35.66,Email,8,True,1,670,Alimentation,5,701,1,35.66,1,1,1,111,4,Dormant
CLIENT_4151,38,CaronBourg,F,2025-01-07,2025-10-20,1066.97,3,355.66,SEA,25,False,5,38,Électronique,2,51,3,1066.97,4,4,5,445,0,A risque
CLIENT_4152,32,Deschamps,F,2023-07-14,2024-05-30,108.01,2,54.01,Social,15,True,3,539,Alimentation,9,559,2,108.01,2,2,3,223,4,Dormant
CLIENT_4153,55,Sainte Genevièvenec,F,2025-03-03,2025-09-01,106.91,4,26.73,Social,15,True,4,79,Maison,9,100,4,106.91,4,4,3,443,1,A risque
CLIENT_4154,42,Hubert,F,2024-12-11,2025-11-27,355.94,4,88.98,Direct,0,True,5,4,Électronique,4,13,4,355.94,4,4,4,444,3,Loyal
CLIENT_4155,45,Leconte-sur-Masson,M,2025-10-12,2025-12-09,46.03,2,23.02,Direct,0,False,4,0,Loisirs,7,1,2,46.03,4,2,2,422,2,Potentiel
CLIENT_4156,18,Grenier,F,2023-08-02,2023-10-19,177.79,3,59.26,Email,8,False,4,775,Électronique,3,783,3,177.79,1,4,4,144,1,A risque
CLIENT_4157,48,Deschamps,M,2023-10-05,2024-04-19,43.72,2,21.86,Email,8,True,2,576,Maison,5,600,2,43.72,2,2,2,222,4,Dormant
CLIENT_4158,61,BonninVille,F,2023-01-15,2023-09-02,144.44,3,48.15,Social,15,True,3,817,Loisirs,4,830,3,144.44,1,4,4,144,1,A risque
CLIENT_4159,30,Sanchez,M,2023-12-01,2024-08-05,21749.32,1,21749.32,Social,15,False,5,473,Alimentation,5,492,1,21749.32,2,1,5,215,0,A risque
CLIENT_4160,18,Techer-la-Forêt,F,2025-11-30,2025-12-05,244.57,4,61.14,SEA,25,False,5,0,Alimentation,1,5,4,244.57,4,4,4,444,3,Loyal
CLIENT_4161,32,Maillard,F,2023-01-28,2024-06-04,434.8,4,108.7,Email,8,False,3,547,Alimentation,10,554,4,434.8,2,4,5,245,1,A risque
CLIENT_4162,40,Meunier,M,2025-05-14,2025-10-09,47.59,4,11.9,Email,8,True,5,42,Alimentation,8,62,4,47.59,4,4,2,442,1,A risque
CLIENT_4163,33,Peronnec,M,2024-06-18,2024-09-05,87.8,3,29.27,Email,8,True,4,430,Maison,1,461,3,87.8,2,4,3,243,1,A risque
CLIENT_4164,18,Maillard,M,2024-04-15,2025-01-19,59.66,4,14.91,Reference,5,True,4,315,Mode,9,325,4,59.66,3,4,2,342,1,A risque
CLIENT_4165,46,Deschamps,F,2024-09-23,2025-02-24,158.62,2,79.31,Reference,5,False,5,283,Alimentation,8,289,2,158.62,3,2,4,324,4,Dormant
CLIENT_4166,48,Leconte-sur-Masson,M,2023-01-12,2023-12-16,493.95,2,246.97,SEA,25,True,5,706,Électronique,4,725,2,493.95,1,2,5,125,4,Dormant
CLIENT_4167,45,Meunier,M,2023-09-14,2024-12-03,167.44,5,33.49,Email,8,True,3,352,Électronique,10,372,5,167.44,3,5,4,354,1,A risque
CLIENT_4168,39,CaronBourg,M,2023-01-03,2023-07-26,138.17,3,46.06,SEA,25,True,3,863,Maison,1,868,3,138.17,1,4,4,144,1,A risque
CLIENT_4169,41,Perret,F,2024-03-19,2024-12-06,131.69,4,32.92,Email,8,False,3,348,Alimentation,5,369,4,131.69,3,4,4,344,1,A risque
CLIENT_4170,34,Peronnec,F,2023-04-29,2024-05-13,34.28,1,34.28,Social,15,True,4,573,Maison,1,576,1,34.28,2,1,1,211,4,Dormant
CLIENT_4171,45,Techer-la-Forêt,M,2025-03-04,2025-12-09,73.61,1,73.61,SEA,25,True,5,0,Mode,4,1,1,73.61,4,1,3,413,2,Potentiel
CLIENT_4172,31,Perret,M,2024-07-30,2025-07-21,50.59,1,50.59,Email,8,True,3,112,Alimentation,6,142,1,50.59,4,1,2,412,4,Dormant
CLIENT_4173,46,Hubert,F,2024-12-24,2025-12-09,1197.42,3,399.14,Reference,5,False,5,0,Loisirs,4,1,3,1197.42,4,4,5,445,3,Loyal
CLIENT_4174,26,Grenier,M,2025-09-02,2025-10-19,687.12,2,343.56,SEA,25,True,5,34,Maison,6,52,2,687.12,4,2,5,425,0,A risque
CLIENT_4175,59,Deschamps,M,2023-02-04,2023-12-24,250.64,2,125.32,Reference,5,True,3,695,Alimentation,1,717,2,250.64,1,2,4,124,4,Dormant
CLIENT_4176,32,Perret,M,2025-10-13,2025-12-09,2241.52,10,224.15,Reference,5,False,5,0,Électronique,3,1,10,2241.52,4,5,5,455,3,Loyal
CLIENT_4177,40,Gimenez,F,2023-05-24,2023-07-21,41.22,5,8.24,Direct,0,False,4,870,Alimentation,6,873,5,41.22,1,5,1,151,1,A risque
CLIENT_4178,59,BonninVille,F,2024-08-25,2025-10-14,51.17,2,25.59,Social,15,False,2,29,Alimentation,4,57,2,51.17,4,2,2,422,4,Dormant
CLIENT_4179,20,Gimenez,M,2024-11-08,2025-12-09,831.1,1,831.1,SEA,25,True,3,0,Maison,5,1,1,831.1,4,1,5,415,2,Potentiel
CLIENT_4180,28,Delorme,F,2023-01-21,2023-01-28,102.63,4,25.66,Email,8,True,5,1046,Alimentation,9,1047,4,102.63,1,4,3,143,1,A risque
CLIENT_4181,23,Peronnec,M,2023-02-15,2024-06-21,48.51,1,48.51,Social,15,True,2,519,Mode,9,537,1,48.51,2,1,2,212,4,Dormant
CLIENT_4182,41,Gimenez,F,2023-01-23,2024-01-31,157.49,3,52.5,SEA,25,False,4,662,Électronique,3,679,3,157.49,1,4,4,144,1,A risque
CLIENT_4183,38,Perret,F,2025-06-18,2025-09-23,54.6,3,18.2,Email,8,True,4,56,Maison,6,78,3,54.6,4,4,2,442,1,A risque
CLIENT_4184,37,Deschamps,F,2023-05-10,2023-12-02,181.55,3,60.52,Social,15,True,3,737,Maison,10,739,3,181.55,1,4,4,144,1,A risque
CLIENT_4185,43,Meunier,M,2023-01-09,2024-06-19,3241.91,5,648.38,Email,8,True,5,536,Maison,7,539,5,3241.91,2,5,5,255,0,A risque
CLIENT_4186,32,CaronBourg,M,2025-09-25,2025-12-09,2418.6,5,483.72,Direct,0,True,5,0,Alimentation,4,1,5,2418.6,4,5,5,455,0,A risque
CLIENT_4187,28,Delorme,F,2024-10-29,2025-03-31,33.95,2,16.98,Social,15,True,3,229,Loisirs,3,254,2,33.95,3,2,1,321,4,Dormant
CLIENT_4188,45,Barbenec,F,2023-10-28,2024-02-18,734.03,6,122.34,Direct,0,True,5,651,Électronique,8,661,6,734.03,1,5,5,155,1,A risque
CLIENT_4189,57,Sainte Christophe,F,2023-03-14,2024-01-10,30.87,2,15.44,Email,8,True,4,697,Alimentation,4,700,2,30.87,1,2,1,121,4,Dormant
CLIENT_4190,47,Sainte Margotboeuf,F,2023-07-21,2023-11-24,71.94,4,17.98,Direct,0,True,3,746,Mode,2,747,4,71.94,1,4,3,143,1,A risque
CLIENT_4191,35,Baudry,F,2024-03-25,2025-12-09,174.3,4,43.58,Social,15,False,4,0,Maison,2,1,4,174.3,4,4,4,444,3,Loyal
CLIENT_4192,42,Baudry,M,2023-07-25,2023-12-31,15239.42,4,3809.86,Direct,0,True,5,684,Électronique,2,710,4,15239.42,1,4,5,145,0,A risque
CLIENT_4193,65,Sanchez,M,2024-09-11,2025-08-22,4915.42,2,2457.71,SEA,25,True,5,101,Maison,4,110,2,4915.42,4,2,5,425,0,A risque
CLIENT_4194,49,Grenier,F,2024-04-03,2025-04-06,37.96,3,12.65,SEA,25,False,4,245,Électronique,7,248,3,37.96,3,4,1,341,1,A risque
CLIENT_4195,42,Barbenec,F,2024-12-22,2025-12-09,30.48,2,15.24,Email,8,True,3,0,Électronique,5,1,2,30.48,4,2,1,421,2,Potentiel
CLIENT_4196,24,Leconte-sur-Masson,M,2023-02-21,2025-01-25,69.64,5,13.93,Direct,0,False,4,291,Mode,5,319,5,69.64,3,5,3,353,1,A risque
CLIENT_4197,51,Peronnec,F,2023-08-07,2023-11-06,1847.14,3,615.71,Email,8,True,5,758,Mode,10,765,3,1847.14,1,4,5,145,0,A risque
CLIENT_4198,59,Techer-la-Forêt,M,2023-09-29,2024-02-04,306.8,5,61.36,Social,15,False,5,654,Loisirs,4,675,5,306.8,1,5,4,154,1,A risque
CLIENT_4199,36,Techer-la-Forêt,F,2025-11-27,2025-12-09,318.34,5,63.67,Direct,0,True,5,0,Maison,9,1,5,318.34,4,5,4,454,3,Loyal
CLIENT_4200,47,Meunier,M,2025-07-09,2025-09-12,157.25,1,157.25,Social,15,False,4,63,Maison,6,89,1,157.25,4,1,4,414,4,Dormant
CLIENT_4201,29,Grenier,F,2025-09-12,2025-12-09,30.62,7,4.37,Email,8,True,4,0,Mode,2,1,7,30.62,4,5,1,451,3,Loyal
CLIENT_4202,35,Maillard,F,2025-09-27,2025-12-09,118.42,4,29.61,Social,15,True,3,0,Mode,7,1,4,118.42,4,4,3,443,3,Loyal
CLIENT_4203,38,Sanchez,M,2024-11-05,2025-01-03,225.4,3,75.13,SEA,25,False,5,336,Loisirs,10,341,3,225.4,3,4,4,344,1,A risque
CLIENT_4204,57,Delorme,F,2023-05-25,2025-06-23,81.91,1,81.91,Email,8,True,3,158,Alimentation,4,170,1,81.91,3,1,3,313,4,Dormant
CLIENT_4205,35,Baudry,F,2025-07-02,2025-12-09,46.84,2,23.42,SEA,25,False,3,0,Alimentation,5,1,2,46.84,4,2,2,422,2,Potentiel
CLIENT_4206,75,BonninVille,F,2025-10-05,2025-12-09,85.89,1,85.89,Reference,5,False,3,0,Électronique,9,1,1,85.89,4,1,3,413,2,Potentiel
CLIENT_4207,34,Baudry,M,2024-08-29,2025-12-09,156.42,4,39.1,SEA,25,True,3,0,Mode,10,1,4,156.42,4,4,4,444,3,Loyal
CLIENT_4208,18,Maillard,F,2023-09-16,2023-11-20,2035.25,3,678.42,SEA,25,True,5,726,Loisirs,7,751,3,2035.25,1,4,5,145,0,A risque
CLIENT_4209,58,Grenier,M,2023-08-21,2024-04-28,143.13,1,143.13,Social,15,True,4,564,Maison,10,591,1,143.13,2,1,4,214,4,Dormant
CLIENT_4210,37,Sainte Genevièvenec,M,2024-06-23,2024-08-11,61.74,3,20.58,Email,8,True,3,479,Électronique,7,486,3,61.74,2,4,2,242,1,A risque
CLIENT_4211,63,Sainte Christophe,F,2024-07-12,2024-09-17,649.55,5,129.91,Reference,5,True,4,422,Maison,7,449,5,649.55,2,5,5,255,1,A risque
CLIENT_4212,32,Hubert,F,2025-09-29,2025-12-09,48.98,3,16.33,Direct,0,False,4,0,Électronique,7,1,3,48.98,4,4,2,442,3,Loyal
CLIENT_4213,19,Baudry,F,2025-06-26,2025-12-09,2957.29,3,985.76,SEA,25,True,5,0,Mode,10,1,3,2957.29,4,4,5,445,0,A risque
CLIENT_4214,30,Sainte Genevièvenec,F,2024-12-30,2025-03-04,120.41,2,60.2,Reference,5,False,2,262,Électronique,3,281,2,120.41,3,2,3,323,4,Dormant
CLIENT_4215,41,Techer-la-Forêt,F,2023-05-03,2023-06-24,237.6,2,118.8,Email,8,True,5,885,Alimentation,2,900,2,237.6,1,2,4,124,4,Dormant
CLIENT_4216,52,Leconte-sur-Masson,M,2025-04-10,2025-09-20,33.15,8,4.14,Email,8,True,3,64,Loisirs,2,81,8,33.15,4,5,1,451,1,A risque
CLIENT_4217,33,Maillard,F,2023-06-07,2024-09-11,523.27,1,523.27,Social,15,True,5,433,Alimentation,8,455,1,523.27,2,1,5,215,4,Dormant
CLIENT_4218,24,Sainte Margotboeuf,F,2024-07-21,2024-10-28,31.69,7,4.53,SEA,25,False,3,406,Mode,5,408,7,31.69,2,5,1,251,1,A risque
CLIENT_4219,39,Techer-la-Forêt,M,2023-09-17,2024-01-19,76.29,2,38.15,Social,15,False,5,668,Maison,5,691,2,76.29,1,2,3,123,4,Dormant
CLIENT_4220,29,Grenier,M,2025-06-18,2025-12-09,54.16,9,6.02,Email,8,True,2,0,Loisirs,5,1,9,54.16,4,5,2,452,3,Loyal
CLIENT_4221,46,Baudry,F,2024-12-06,2025-07-15,42.74,2,21.37,Social,15,True,4,127,Mode,7,148,2,42.74,3,2,2,322,4,Dormant
CLIENT_4222,24,CaronBourg,M,2023-01-15,2023-04-17,116.55,2,58.27,Social,15,False,2,949,Loisirs,10,968,2,116.55,1,2,3,123,4,Dormant
CLIENT_4223,18,Meunier,M,2025-08-03,2025-08-06,5177.52,5,1035.5,Social,15,True,4,119,Électronique,6,126,5,5177.52,4,5,5,455,0,A risque
CLIENT_4224,32,Gimenez,M,2025-09-28,2025-10-14,1761.53,8,220.19,Email,8,True,5,48,Loisirs,8,57,8,1761.53,4,5,5,455,0,A risque
CLIENT_4225,26,Barbenec,M,2024-08-26,2025-05-08,69.84,3,23.28,Reference,5,False,3,201,Loisirs,3,216,3,69.84,3,4,3,343,1,A risque
CLIENT_4226,49,Sanchez,F,2024-05-09,2024-07-08,99.28,3,33.09,Email,8,True,4,517,Maison,2,520,3,99.28,2,4,3,243,1,A risque
CLIENT_4227,40,Grenier,M,2023-10-11,2024-09-25,37.12,5,7.42,Direct,0,True,4,429,Mode,10,441,5,37.12,2,5,1,251,1,A risque
CLIENT_4228,44,Deschamps,F,2022-12-28,2023-11-18,262.45,2,131.22,Reference,5,False,5,740,Mode,10,753,2,262.45,1,2,4,124,4,Dormant
CLIENT_4229,38,Maillard,M,2025-01-21,2025-08-09,265.75,1,265.75,Email,8,False,3,102,Mode,3,123,1,265.75,4,1,4,414,4,Dormant
CLIENT_4230,38,Grenier,F,2024-10-20,2025-05-02,406.94,1,406.94,Social,15,True,5,205,Mode,10,222,1,406.94,3,1,5,315,4,Dormant
CLIENT_4231,36,Deschamps,M,2023-06-03,2023-06-05,184.39,2,92.19,Direct,0,True,4,908,Alimentation,5,919,2,184.39,1,2,4,124,4,Dormant
CLIENT_4232,66,Hubert,F,2025-03-25,2025-07-13,50.46,1,50.46,Social,15,True,3,145,Alimentation,7,150,1,50.46,3,1,2,312,4,Dormant
CLIENT_4233,18,Sanchez,F,2023-11-11,2024-12-04,335.96,2,167.98,SEA,25,False,5,355,Maison,9,371,2,335.96,3,2,4,324,4,Dormant
CLIENT_4234,61,Baudry,F,2023-02-08,2023-11-19,378.55,2,189.28,Email,8,False,5,748,Électronique,6,752,2,378.55,1,2,5,125,4,Dormant
CLIENT_4235,18,Barbenec,M,2024-07-30,2025-07-22,64.67,1,64.67,Direct,0,False,3,118,Alimentation,7,141,1,64.67,4,1,2,412,4,Dormant
CLIENT_4236,51,Sainte Margotboeuf,F,2024-08-02,2025-09-22,160.32,3,53.44,Social,15,True,2,60,Électronique,9,79,3,160.32,4,4,4,444,1,A risque
CLIENT_4237,35,Sainte Genevièvenec,M,2023-10-21,2025-01-08,814.13,3,271.38,SEA,25,True,5,322,Alimentation,7,336,3,814.13,3,4,5,345,0,A risque
CLIENT_4238,58,Hubert,F,2024-08-13,2024-11-09,146.16,1,146.16,SEA,25,True,3,377,Maison,4,396,1,146.16,2,1,4,214,4,Dormant
CLIENT_4239,44,Sainte Genevièvenec,F,2024-07-17,2025-02-08,31.47,5,6.29,Direct,0,False,3,290,Alimentation,3,305,5,31.47,3,5,1,351,1,A risque
CLIENT_4240,70,CaronBourg,F,2022-12-22,2025-10-05,152.83,3,50.94,Direct,0,False,5,36,Électronique,4,66,3,152.83,4,4,4,444,1,A risque
CLIENT_4241,28,Sainte Genevièvenec,M,2025-07-22,2025-12-09,81.2,5,16.24,Direct,0,False,2,0,Mode,6,1,5,81.2,4,5,3,453,3,Loyal
CLIENT_4242,32,Baudry,F,2023-09-30,2024-08-14,46.36,1,46.36,Social,15,True,3,474,Maison,9,483,1,46.36,2,1,2,212,4,Dormant
CLIENT_4243,25,Grenier,F,2023-05-02,2023-05-24,1449.28,1,1449.28,SEA,25,True,5,918,Alimentation,9,931,1,1449.28,1,1,5,115,0,A risque
CLIENT_4244,23,Leconte-sur-Masson,F,2022-12-19,2024-04-30,686.88,1,686.88,Reference,5,True,5,559,Alimentation,4,589,1,686.88,2,1,5,215,4,Dormant
CLIENT_4245,58,Hubert,M,2023-02-26,2024-02-21,1291.45,2,645.73,Direct,0,True,4,641,Loisirs,10,658,2,1291.45,1,2,5,125,0,A risque
CLIENT_4246,40,Perret,F,2024-10-30,2025-01-17,50.76,3,16.92,SEA,25,True,4,324,Électronique,7,327,3,50.76,3,4,2,342,1,A risque
CLIENT_4247,43,Sainte Genevièvenec,F,2024-12-23,2025-12-09,154.76,2,77.38,Social,15,True,5,0,Alimentation,9,1,2,154.76,4,2,4,424,2,Potentiel
CLIENT_4248,43,Leconte-sur-Masson,F,2023-11-11,2024-12-26,34.08,3,11.36,Direct,0,True,4,326,Maison,6,349,3,34.08,3,4,1,341,1,A risque
CLIENT_4249,72,Deschamps,F,2024-08-10,2025-12-09,41.89,1,41.89,Email,8,True,4,0,Mode,10,1,1,41.89,4,1,1,411,2,Potentiel
CLIENT_4250,27,Perret,F,2024-08-17,2024-09-06,75.64,3,25.21,Email,8,True,3,442,Mode,9,460,3,75.64,2,4,3,243,1,A risque
CLIENT_4251,18,Sainte Margotboeuf,F,2024-07-14,2025-03-18,143.35,1,143.35,SEA,25,True,5,240,Mode,1,267,1,143.35,3,1,4,314,4,Dormant
CLIENT_4252,40,Baudry,M,2025-10-09,2025-12-09,94.53,4,23.63,Social,15,False,5,0,Mode,5,1,4,94.53,4,4,3,443,3,Loyal
CLIENT_4253,55,Sainte Margotboeuf,M,2024-11-10,2025-12-09,45.52,3,15.17,Social,15,False,4,0,Alimentation,10,1,3,45.52,4,4,2,442,3,Loyal
CLIENT_4254,55,Sainte Christophe,M,2024-11-22,2025-10-20,41.41,1,41.41,Social,15,True,3,40,Maison,2,51,1,41.41,4,1,1,411,4,Dormant
CLIENT_4255,30,Gimenez,M,2023-09-23,2025-12-09,363.16,2,181.58,Email,8,True,5,0,Alimentation,8,1,2,363.16,4,2,4,424,2,Potentiel
CLIENT_4256,57,Perret,M,2022-12-16,2023-09-02,1415.6,2,707.8,Reference,5,True,5,817,Loisirs,1,830,2,1415.6,1,2,5,125,0,A risque
CLIENT_4257,25,Grenier,M,2023-11-10,2023-12-10,470.88,5,94.18,SEA,25,True,4,704,Électronique,5,731,5,470.88,1,5,5,155,1,A risque
CLIENT_4258,38,Techer-la-Forêt,F,2024-05-20,2024-10-14,610.5,1,610.5,Email,8,True,5,406,Mode,3,422,1,610.5,2,1,5,215,4,Dormant
CLIENT_4259,53,BonninVille,F,2025-06-04,2025-10-19,71.13,2,35.56,Direct,0,True,4,34,Alimentation,10,52,2,71.13,4,2,3,423,4,Dormant
CLIENT_4260,50,Hubert,F,2025-04-02,2025-05-02,34.67,5,6.93,SEA,25,False,3,198,Électronique,9,222,5,34.67,3,5,1,351,1,A risque
CLIENT_4261,41,Perret,M,2024-07-19,2024-10-09,34.65,5,6.93,Social,15,True,5,399,Maison,9,427,5,34.65,2,5,1,251,1,A risque
CLIENT_4262,40,Leconte-sur-Masson,M,2023-06-13,2023-08-04,45.84,4,11.46,Reference,5,True,1,833,Mode,1,859,4,45.84,1,4,2,142,1,A risque
CLIENT_4263,28,Hubert,F,2025-05-23,2025-12-09,3455.81,1,3455.81,Social,15,False,5,0,Loisirs,4,1,1,3455.81,4,1,5,415,0,A risque
CLIENT_4264,18,Perret,M,2024-10-09,2025-06-07,142.14,3,47.38,Direct,0,False,5,164,Maison,9,186,3,142.14,3,4,4,344,1,A risque
CLIENT_4265,46,Baudry,F,2024-09-03,2024-09-13,556.06,4,139.01,SEA,25,True,4,444,Alimentation,5,453,4,556.06,2,4,5,245,1,A risque
CLIENT_4266,37,Leconte-sur-Masson,M,2023-12-02,2024-09-28,173.97,2,86.98,Direct,0,False,5,411,Mode,3,438,2,173.97,2,2,4,224,4,Dormant
CLIENT_4267,18,Grenier,M,2024-11-11,2025-12-09,150.97,2,75.48,Email,8,False,4,0,Maison,1,1,2,150.97,4,2,4,424,2,Potentiel
CLIENT_4268,65,Perret,F,2023-03-24,2024-02-22,86.35,3,28.78,Social,15,True,1,633,Électronique,3,657,3,86.35,1,4,3,143,1,A risque
CLIENT_4269,42,Maillard,M,2023-04-26,2023-07-06,903.92,5,180.78,SEA,25,False,5,887,Électronique,3,888,5,903.92,1,5,5,155,0,A risque
CLIENT_4270,36,Deschamps,M,2024-05-27,2024-07-03,413.8,3,137.93,Email,8,True,3,511,Maison,10,525,3,413.8,2,4,5,245,1,A risque
CLIENT_4271,28,Sanchez,M,2024-03-31,2025-05-09,44.7,5,8.94,Direct,0,True,4,185,Loisirs,4,215,5,44.7,3,5,2,352,1,A risque
CLIENT_4272,50,Sainte Margotboeuf,M,2025-09-19,2025-12-09,5395.48,5,1079.1,Email,8,False,5,0,Électronique,10,1,5,5395.48,4,5,5,455,0,A risque
CLIENT_4273,29,CaronBourg,M,2024-01-01,2024-01-07,30.8,3,10.27,Reference,5,True,3,683,Mode,3,703,3,30.8,1,4,1,141,1,A risque
CLIENT_4274,25,Grenier,F,2023-10-03,2024-01-11,66.33,5,13.27,Email,8,False,4,681,Loisirs,4,699,5,66.33,1,5,2,152,1,A risque
CLIENT_4275,42,Grenier,M,2025-08-11,2025-12-09,55.13,4,13.78,Social,15,False,4,0,Électronique,10,1,4,55.13,4,4,2,442,3,Loyal
CLIENT_4276,37,Meunier,M,2025-02-15,2025-12-09,53.8,3,17.93,Email,8,True,5,0,Maison,5,1,3,53.8,4,4,2,442,3,Loyal
CLIENT_4277,28,Baudry,M,2025-02-10,2025-12-09,11863.85,2,5931.93,Social,15,False,5,0,Alimentation,6,1,2,11863.85,4,2,5,425,0,A risque
CLIENT_4278,18,Sainte Christophe,F,2024-12-27,2025-12-09,101.46,6,16.91,SEA,25,True,5,0,Maison,5,1,6,101.46,4,5,3,453,3,Loyal
CLIENT_4279,44,Leconte-sur-Masson,F,2023-01-28,2023-06-13,120.01,1,120.01,Social,15,False,1,881,Mode,4,911,1,120.01,1,1,3,113,4,Dormant
CLIENT_4280,37,Hubert,F,2024-09-03,2025-12-09,54.45,2,27.23,Direct,0,True,3,0,Électronique,5,1,2,54.45,4,2,2,422,2,Potentiel
CLIENT_4281,58,CaronBourg,M,2023-06-30,2023-08-01,35.62,2,17.81,Direct,0,True,2,856,Électronique,3,862,2,35.62,1,2,1,121,4,Dormant
CLIENT_4282,46,Barbenec,M,2024-07-11,2024-07-20,36.85,2,18.43,Email,8,False,5,482,Mode,4,508,2,36.85,2,2,1,221,4,Dormant
CLIENT_4283,38,Leconte-sur-Masson,M,2023-09-25,2023-11-07,52.72,2,26.36,Email,8,False,3,735,Alimentation,10,764,2,52.72,1,2,2,122,4,Dormant
CLIENT_4284,32,Sanchez,F,2023-05-01,2024-07-26,33.14,1,33.14,Social,15,True,3,501,Loisirs,10,502,1,33.14,2,1,1,211,4,Dormant
CLIENT_4285,27,Delorme,M,2022-12-21,2024-07-19,278.21,2,139.1,Social,15,True,4,484,Loisirs,5,509,2,278.21,2,2,4,224,4,Dormant
CLIENT_4286,67,Delorme,F,2024-12-05,2025-02-07,42.32,2,21.16,Social,15,False,4,277,Mode,3,306,2,42.32,3,2,1,321,4,Dormant
CLIENT_4287,48,Delorme,M,2024-10-08,2025-07-16,63.81,3,21.27,Direct,0,True,3,141,Loisirs,2,147,3,63.81,3,4,2,342,1,A risque
CLIENT_4288,35,Baudry,F,2025-06-19,2025-12-09,137.23,3,45.74,Email,8,False,2,0,Mode,1,1,3,137.23,4,4,4,444,3,Loyal
CLIENT_4289,31,Gimenez,F,2023-03-11,2025-12-09,91.0,4,22.75,Reference,5,True,3,0,Maison,3,1,4,91.0,4,4,3,443,3,Loyal
CLIENT_4290,62,Sainte Genevièvenec,M,2023-06-06,2025-12-09,74.67,1,74.67,Social,15,True,4,0,Alimentation,10,1,1,74.67,4,1,3,413,2,Potentiel
CLIENT_4291,61,Meunier,M,2024-11-04,2025-03-28,660.89,3,220.3,SEA,25,True,5,243,Électronique,9,257,3,660.89,3,4,5,345,0,A risque
CLIENT_4292,29,Gimenez,M,2024-03-28,2025-01-03,60.86,4,15.21,Direct,0,True,4,333,Loisirs,3,341,4,60.86,3,4,2,342,1,A risque
CLIENT_4293,28,Meunier,M,2023-12-11,2025-02-28,42.19,2,21.09,Email,8,False,3,280,Loisirs,5,285,2,42.19,3,2,1,321,4,Dormant
CLIENT_4294,18,Maillard,F,2025-04-21,2025-12-09,70.37,2,35.19,Social,15,True,5,0,Maison,9,1,2,70.37,4,2,3,423,2,Potentiel
CLIENT_4295,44,Sanchez,F,2024-10-02,2025-12-09,359.07,3,119.69,Email,8,False,4,0,Maison,8,1,3,359.07,4,4,4,444,3,Loyal
CLIENT_4296,41,Peronnec,F,2023-01-31,2024-05-25,79.57,2,39.78,Reference,5,False,3,540,Loisirs,1,564,2,79.57,2,2,3,223,4,Dormant
CLIENT_4297,35,Grenier,M,2023-12-27,2025-12-09,188.11,2,94.06,SEA,25,True,4,0,Électronique,2,1,2,188.11,4,2,4,424,2,Potentiel
CLIENT_4298,40,Sainte Christophe,M,2024-08-20,2024-09-05,38.84,4,9.71,Reference,5,False,4,458,Mode,3,461,4,38.84,2,4,1,241,1,A risque
CLIENT_4299,46,BonninVille,F,2023-12-21,2024-11-06,127.21,1,127.21,Direct,0,True,3,394,Alimentation,5,399,1,127.21,2,1,3,213,4,Dormant
CLIENT_4300,39,Barbenec,F,2024-08-02,2025-08-04,39.72,5,7.94,Email,8,True,3,102,Loisirs,10,128,5,39.72,4,5,1,451,1,A risque
CLIENT_4301,24,Techer-la-Forêt,F,2024-02-06,2024-07-22,544.16,5,108.83,Direct,0,True,5,484,Loisirs,1,506,5,544.16,2,5,5,255,1,A risque
CLIENT_4302,19,Leconte-sur-Masson,F,2025-02-05,2025-04-20,100.0,1,100.0,Email,8,False,3,218,Mode,6,234,1,100.0,3,1,3,313,4,Dormant
CLIENT_4303,48,Sainte Margotboeuf,M,2023-08-27,2024-07-21,80.64,3,26.88,SEA,25,True,4,494,Électronique,3,507,3,80.64,2,4,3,243,1,A risque
CLIENT_4304,23,Techer-la-Forêt,F,2023-03-17,2024-02-29,37.88,2,18.94,Email,8,False,3,628,Maison,2,650,2,37.88,1,2,1,121,4,Dormant
CLIENT_4305,38,Baudry,F,2024-07-06,2024-11-06,1895.38,6,315.9,SEA,25,True,4,389,Maison,9,399,6,1895.38,2,5,5,255,0,A risque
CLIENT_4306,42,CaronBourg,M,2025-05-11,2025-12-09,96.96,4,24.24,Email,8,False,4,0,Mode,2,1,4,96.96,4,4,3,443,3,Loyal
CLIENT_4307,22,Sainte Christophe,F,2024-12-08,2025-12-09,58.19,3,19.4,Direct,0,False,4,0,Loisirs,2,1,3,58.19,4,4,2,442,3,Loyal
CLIENT_4308,35,Sainte Margotboeuf,M,2023-02-26,2023-03-28,4837.22,3,1612.41,Direct,0,True,5,972,Alimentation,3,988,3,4837.22,1,4,5,145,0,A risque
CLIENT_4309,28,Leconte-sur-Masson,M,2023-03-13,2023-04-07,58.55,4,14.64,Email,8,True,4,974,Mode,9,978,4,58.55,1,4,2,142,1,A risque
CLIENT_4310,47,BonninVille,M,2024-11-03,2025-12-09,158.9,4,39.73,Social,15,True,3,0,Loisirs,2,1,4,158.9,4,4,4,444,3,Loyal
CLIENT_4311,66,Baudry,F,2025-02-17,2025-11-25,258.01,8,32.25,Social,15,True,3,2,Mode,6,15,8,258.01,4,5,4,454,3,Loyal
CLIENT_4312,43,Baudry,M,2025-04-24,2025-12-09,116.39,2,58.2,Reference,5,True,4,0,Alimentation,10,1,2,116.39,4,2,3,423,2,Potentiel
CLIENT_4313,38,Hubert,M,2023-05-31,2025-12-09,31.16,1,31.16,Email,8,False,5,0,Électronique,8,1,1,31.16,4,1,1,411,2,Potentiel
CLIENT_4314,23,Leconte-sur-Masson,F,2025-03-28,2025-04-24,178.14,2,89.07,Email,8,True,3,220,Mode,1,230,2,178.14,3,2,4,324,4,Dormant
CLIENT_4315,18,Grenier,F,2024-10-15,2025-12-09,55.16,4,13.79,SEA,25,False,5,0,Alimentation,4,1,4,55.16,4,4,2,442,3,Loyal
CLIENT_4316,30,BonninVille,F,2023-01-27,2023-05-16,678.04,8,84.75,SEA,25,True,5,930,Alimentation,3,939,8,678.04,1,5,5,155,1,A risque
CLIENT_4317,52,Maillard,F,2025-05-21,2025-12-09,187.78,3,62.59,Reference,5,False,3,0,Mode,1,1,3,187.78,4,4,4,444,3,Loyal
CLIENT_4318,50,Deschamps,F,2024-10-24,2025-01-24,72.9,4,18.23,Social,15,False,3,311,Maison,9,320,4,72.9,3,4,3,343,1,A risque
CLIENT_4319,37,Sainte Christophe,F,2024-11-12,2024-11-25,217.86,1,217.86,Direct,0,True,3,368,Électronique,10,380,1,217.86,3,1,4,314,4,Dormant
CLIENT_4320,42,Maillard,M,2023-11-09,2024-12-16,31.39,5,6.28,Social,15,False,5,337,Maison,1,359,5,31.39,3,5,1,351,1,A risque
CLIENT_4321,36,Leconte-sur-Masson,M,2023-01-09,2024-10-07,501.17,6,83.53,Social,15,True,5,411,Mode,5,429,6,501.17,2,5,5,255,1,A risque
CLIENT_4322,43,Baudry,M,2024-09-01,2024-11-26,48.87,2,24.43,SEA,25,True,2,367,Alimentation,7,379,2,48.87,3,2,2,322,4,Dormant
CLIENT_4323,51,Maillard,M,2023-07-27,2025-05-15,90.84,1,90.84,Social,15,True,4,183,Mode,6,209,1,90.84,3,1,3,313,4,Dormant
CLIENT_4324,31,Maillard,M,2024-08-01,2025-04-11,192.91,1,192.91,Email,8,True,4,225,Électronique,3,243,1,192.91,3,1,4,314,4,Dormant
CLIENT_4325,26,Meunier,M,2023-12-25,2024-08-02,98.04,4,24.51,Reference,5,True,3,466,Électronique,9,495,4,98.04,2,4,3,243,1,A risque
CLIENT_4326,18,Hubert,F,2025-02-19,2025-12-09,38.45,2,19.23,Email,8,False,5,0,Loisirs,5,1,2,38.45,4,2,1,421,2,Potentiel
CLIENT_4327,37,Maillard,M,2022-12-19,2023-05-25,41.7,1,41.7,Email,8,False,4,916,Électronique,4,930,1,41.7,1,1,1,111,4,Dormant
CLIENT_4328,56,CaronBourg,M,2023-07-31,2023-08-01,48.05,3,16.02,Direct,0,False,4,837,Mode,3,862,3,48.05,1,4,2,142,1,A risque
CLIENT_4329,37,Delorme,M,2024-09-22,2025-08-07,55.78,4,13.95,Reference,5,True,4,105,Loisirs,8,125,4,55.78,4,4,2,442,1,A risque
CLIENT_4330,37,Deschamps,F,2025-08-14,2025-11-21,778.24,1,778.24,Email,8,False,5,5,Électronique,4,19,1,778.24,4,1,5,415,2,Potentiel
CLIENT_4331,31,Gimenez,F,2024-09-25,2025-04-19,199.69,5,39.94,SEA,25,False,5,204,Électronique,9,235,5,199.69,3,5,4,354,1,A risque
CLIENT_4332,31,Maillard,F,2022-12-25,2023-04-30,187.02,2,93.51,Social,15,False,5,953,Loisirs,10,955,2,187.02,1,2,4,124,4,Dormant
CLIENT_4333,40,Barbenec,F,2024-10-08,2024-12-26,451.71,2,225.85,Reference,5,False,5,320,Électronique,8,349,2,451.71,3,2,5,325,4,Dormant
CLIENT_4334,36,CaronBourg,F,2023-08-17,2024-02-22,64.61,4,16.15,SEA,25,True,3,633,Mode,6,657,4,64.61,1,4,2,142,1,A risque
CLIENT_4335,28,Peronnec,F,2025-04-28,2025-12-09,44.42,3,14.81,Direct,0,True,4,0,Loisirs,3,1,3,44.42,4,4,2,442,3,Loyal
CLIENT_4336,48,Sainte Christophe,F,2025-06-07,2025-06-30,275.93,7,39.42,Email,8,True,5,134,Mode,2,163,7,275.93,3,5,4,354,1,A risque
CLIENT_4337,48,Deschamps,F,2025-01-23,2025-01-26,98.76,3,32.92,Social,15,True,3,313,Maison,9,318,3,98.76,3,4,3,343,1,A risque
CLIENT_4338,57,Gimenez,M,2024-09-21,2025-07-14,31.34,2,15.67,Direct,0,False,2,139,Maison,7,149,2,31.34,3,2,1,321,4,Dormant
CLIENT_4339,38,Grenier,M,2025-08-30,2025-12-09,499.96,3,166.65,Reference,5,False,4,0,Électronique,10,1,3,499.96,4,4,5,445,3,Loyal
CLIENT_4340,59,Gimenez,M,2023-06-30,2024-06-21,113.55,2,56.77,Reference,5,False,3,507,Mode,4,537,2,113.55,2,2,3,223,4,Dormant
CLIENT_4341,18,Grenier,F,2025-06-12,2025-12-09,18918.56,4,4729.64,Email,8,False,5,0,Mode,4,1,4,18918.56,4,4,5,445,0,A risque
CLIENT_4342,18,Deschamps,F,2023-09-10,2023-11-01,55.14,6,9.19,Social,15,False,3,765,Maison,1,770,6,55.14,1,5,2,152,1,A risque
CLIENT_4343,37,BonninVille,M,2024-06-20,2025-02-04,71.68,1,71.68,SEA,25,False,5,298,Électronique,6,309,1,71.68,3,1,3,313,4,Dormant
CLIENT_4344,30,Meunier,F,2023-06-02,2023-10-08,414.24,2,207.12,Social,15,False,4,769,Maison,10,794,2,414.24,1,2,5,125,4,Dormant
CLIENT_4345,49,Maillard,M,2025-06-18,2025-12-09,70.85,1,70.85,Email,8,True,3,0,Maison,7,1,1,70.85,4,1,3,413,2,Potentiel
CLIENT_4346,26,Grenier,F,2025-10-27,2025-12-09,52.05,1,52.05,Direct,0,True,3,0,Alimentation,9,1,1,52.05,4,1,2,412,2,Potentiel
CLIENT_4347,28,Gimenez,M,2023-02-18,2025-08-05,322.97,2,161.49,SEA,25,True,4,96,Électronique,7,127,2,322.97,4,3,4,434,4,Dormant
CLIENT_4348,23,Baudry,M,2025-05-20,2025-12-09,116.48,2,58.24,Direct,0,True,4,0,Mode,10,1,2,116.48,4,3,3,433,2,Potentiel
CLIENT_4349,38,Sainte Genevièvenec,F,2023-03-19,2024-05-28,81.36,3,27.12,Social,15,False,4,543,Électronique,9,561,3,81.36,2,4,3,243,1,A risque
CLIENT_4350,37,Sainte Christophe,F,2023-03-18,2024-05-20,50.3,1,50.3,Reference,5,False,4,544,Maison,1,569,1,50.3,2,1,2,212,4,Dormant
CLIENT_4351,18,Baudry,M,2024-11-03,2025-12-09,31.5,2,15.75,Email,8,True,5,0,Maison,2,1,2,31.5,4,3,1,431,2,Potentiel
CLIENT_4352,33,Delorme,F,2023-03-11,2023-05-26,118.87,1,118.87,SEA,25,False,3,905,Alimentation,9,929,1,118.87,1,1,3,113,4,Dormant
CLIENT_4353,60,Delorme,F,2023-01-04,2023-03-30,30.7,1,30.7,SEA,25,True,2,975,Maison,5,986,1,30.7,1,1,1,111,4,Dormant
CLIENT_4354,39,Sainte Margotboeuf,F,2023-06-10,2023-12-13,315.17,2,157.59,Email,8,True,3,707,Alimentation,2,728,2,315.17,1,3,4,134,4,Dormant
CLIENT_4355,33,Sainte Genevièvenec,F,2025-08-10,2025-12-09,33.73,6,5.62,Social,15,False,4,0,Électronique,9,1,6,33.73,4,5,1,451,3,Loyal
CLIENT_4356,20,Grenier,F,2023-06-01,2024-09-10,32.92,2,16.46,Social,15,False,2,437,Alimentation,1,456,2,32.92,2,3,1,231,4,Dormant
CLIENT_4357,44,Delorme,F,2023-12-29,2024-04-24,32.26,4,8.06,Reference,5,False,4,586,Maison,1,595,4,32.26,2,4,1,241,1,A risque
CLIENT_4358,37,Maillard,M,2023-01-11,2023-10-27,46.16,4,11.54,Social,15,True,4,764,Électronique,4,775,4,46.16,1,4,2,142,1,A risque
CLIENT_4359,30,Meunier,M,2024-11-29,2025-12-09,108.98,2,54.49,Email,8,True,4,0,Loisirs,8,1,2,108.98,4,3,3,433,2,Potentiel
CLIENT_4360,38,Maillard,F,2023-10-11,2024-12-31,281.8,3,93.93,Social,15,False,4,327,Loisirs,4,344,3,281.8,3,4,4,344,1,A risque
CLIENT_4361,30,Gimenez,F,2025-09-15,2025-12-09,35.97,5,7.19,Direct,0,True,3,0,Électronique,6,1,5,35.97,4,5,1,451,3,Loyal
CLIENT_4362,46,Baudry,M,2024-12-29,2025-06-11,66.66,2,33.33,Email,8,False,5,154,Mode,7,182,2,66.66,3,3,2,332,4,Dormant
CLIENT_4363,44,Deschamps,M,2023-07-28,2023-10-27,34.88,2,17.44,Direct,0,True,3,753,Alimentation,3,775,2,34.88,1,3,1,131,4,Dormant
CLIENT_4364,51,Deschamps,F,2024-02-01,2025-03-08,84.5,3,28.17,Social,15,True,4,249,Électronique,8,277,3,84.5,3,4,3,343,1,A risque
CLIENT_4365,35,Sainte Christophe,F,2024-02-07,2024-06-16,49.22,3,16.41,Social,15,True,2,522,Alimentation,1,542,3,49.22,2,4,2,242,1,A risque
CLIENT_4366,40,Deschamps,F,2024-07-14,2025-08-31,135.8,2,67.9,SEA,25,False,3,87,Mode,5,101,2,135.8,4,3,4,434,4,Dormant
CLIENT_4367,54,Grenier,M,2025-06-22,2025-12-09,1415.03,1,1415.03,Direct,0,True,5,0,Alimentation,9,1,1,1415.03,4,1,5,415,2,Potentiel
CLIENT_4368,54,Deschamps,F,2023-01-24,2023-03-12,46.62,1,46.62,SEA,25,True,3,999,Alimentation,1,1004,1,46.62,1,1,2,112,4,Dormant
CLIENT_4369,47,BonninVille,M,2023-10-24,2024-01-31,37.13,3,12.38,Email,8,False,4,672,Mode,2,679,3,37.13,1,4,1,141,1,A risque
CLIENT_4370,61,Maillard,F,2024-09-21,2025-01-25,134.58,4,33.65,Email,8,True,4,294,Maison,3,319,4,134.58,3,4,4,344,1,A risque
CLIENT_4371,36,Delorme,F,2025-08-14,2025-12-09,84.0,1,84.0,SEA,25,True,3,0,Maison,2,1,1,84.0,4,1,3,413,2,Potentiel
CLIENT_4372,33,Deschamps,F,2024-12-19,2025-06-04,30.44,3,10.15,Email,8,True,3,168,Mode,3,189,3,30.44,3,4,1,341,1,A risque
CLIENT_4373,41,Delorme,M,2024-06-28,2024-10-25,4949.59,2,2474.8,Direct,0,True,5,389,Alimentation,5,411,2,4949.59,2,3,5,235,0,A risque
CLIENT_4374,45,Baudry,M,2025-07-30,2025-09-27,679.99,3,226.66,Social,15,True,5,58,Alimentation,10,74,3,679.99,4,4,5,445,0,A risque
CLIENT_4375,48,Hubert,M,2025-02-18,2025-12-09,40.07,4,10.02,Email,8,True,4,0,Mode,2,1,4,40.07,4,4,1,441,3,Loyal
CLIENT_4376,44,Barbenec,F,2023-04-13,2023-05-27,134.05,2,67.03,Social,15,False,4,927,Maison,9,928,2,134.05,1,3,4,134,4,Dormant
CLIENT_4377,56,Peronnec,F,2024-03-28,2025-12-09,218.21,2,109.11,Email,8,False,5,0,Loisirs,4,1,2,218.21,4,3,4,434,2,Potentiel
CLIENT_4378,58,Grenier,F,2025-09-24,2025-12-09,38.84,3,12.95,Social,15,True,4,0,Loisirs,7,1,3,38.84,4,4,1,441,3,Loyal
CLIENT_4379,60,Sainte Christophe,M,2025-05-20,2025-08-29,261.97,1,261.97,Direct,0,False,5,93,Loisirs,10,103,1,261.97,4,1,4,414,4,Dormant
CLIENT_4380,56,Delorme,M,2025-03-06,2025-09-14,107.51,4,26.88,Reference,5,False,4,84,Loisirs,7,87,4,107.51,4,4,3,443,1,A risque
CLIENT_4381,39,CaronBourg,F,2023-05-26,2024-08-02,112.23,4,28.06,SEA,25,True,3,469,Maison,10,495,4,112.23,2,4,3,243,1,A risque
CLIENT_4382,51,Maillard,M,2024-06-13,2024-07-26,43.38,1,43.38,Reference,5,False,4,484,Loisirs,5,502,1,43.38,2,1,2,212,4,Dormant
CLIENT_4383,28,Meunier,M,2025-01-02,2025-12-09,40.55,1,40.55,Reference,5,True,5,0,Mode,1,1,1,40.55,4,1,1,411,2,Potentiel
CLIENT_4384,34,Gimenez,M,2024-10-16,2025-12-09,97.84,1,97.84,Social,15,True,5,0,Maison,2,1,1,97.84,4,1,3,413,2,Potentiel
CLIENT_4385,75,Techer-la-Forêt,M,2023-10-23,2024-05-09,2005.23,1,2005.23,Email,8,False,5,569,Maison,5,580,1,2005.23,2,1,5,215,0,A risque
CLIENT_4386,25,Peronnec,M,2024-08-02,2024-11-22,113.97,3,37.99,Email,8,True,4,368,Électronique,10,383,3,113.97,3,4,3,343,1,A risque
CLIENT_4387,18,Sanchez,M,2025-10-16,2025-12-09,42.5,3,14.17,Email,8,True,3,0,Maison,10,1,3,42.5,4,4,1,441,3,Loyal
CLIENT_4388,30,Peronnec,M,2024-08-19,2025-02-27,110.72,4,27.68,SEA,25,True,3,266,Mode,3,286,4,110.72,3,4,3,343,1,A risque
CLIENT_4389,38,Deschamps,M,2022-12-11,2023-07-09,2231.63,5,446.33,Email,8,False,4,856,Alimentation,9,885,5,2231.63,1,5,5,155,0,A risque
CLIENT_4390,35,Sainte Genevièvenec,F,2025-07-26,2025-12-09,245.52,2,122.76,Email,8,True,4,0,Mode,10,1,2,245.52,4,3,4,434,2,Potentiel
CLIENT_4391,36,Sainte Genevièvenec,M,2024-04-17,2025-09-28,71.19,1,71.19,SEA,25,False,1,61,Loisirs,9,73,1,71.19,4,1,3,413,4,Dormant
CLIENT_4392,55,Baudry,F,2024-05-08,2025-06-04,99.31,4,24.83,SEA,25,False,2,159,Alimentation,1,189,4,99.31,3,4,3,343,1,A risque
CLIENT_4393,69,Barbenec,M,2023-09-15,2025-02-10,5484.38,2,2742.19,Direct,0,True,5,274,Mode,9,303,2,5484.38,3,3,5,335,0,A risque
CLIENT_4394,35,Deschamps,F,2023-09-15,2024-02-01,611.95,5,122.39,Social,15,True,5,658,Électronique,5,678,5,611.95,1,5,5,155,1,A risque
CLIENT_4395,56,Sainte Genevièvenec,M,2023-04-19,2023-04-23,44.17,2,22.09,Email,8,False,4,947,Mode,10,962,2,44.17,1,3,2,132,4,Dormant
CLIENT_4396,35,Sainte Margotboeuf,F,2024-07-02,2025-12-09,546.74,1,546.74,Social,15,False,4,0,Mode,4,1,1,546.74,4,1,5,415,2,Potentiel
CLIENT_4397,24,Gimenez,M,2024-09-16,2025-04-05,9073.41,3,3024.47,Direct,0,True,5,234,Électronique,7,249,3,9073.41,3,4,5,345,0,A risque
CLIENT_4398,32,Hubert,F,2023-06-24,2025-09-07,238.81,2,119.41,SEA,25,True,5,90,Mode,1,94,2,238.81,4,3,4,434,4,Dormant
CLIENT_4399,48,Perret,F,2025-08-08,2025-11-18,36.41,3,12.14,Email,8,True,4,1,Maison,5,22,3,36.41,4,4,1,441,3,Loyal
CLIENT_4400,18,Perret,M,2025-10-04,2025-12-01,36.13,4,9.03,Social,15,False,4,0,Mode,4,9,4,36.13,4,4,1,441,3,Loyal
CLIENT_4401,58,Techer-la-Forêt,F,2024-02-14,2024-06-26,45.67,2,22.84,SEA,25,True,5,505,Mode,6,532,2,45.67,2,3,2,232,4,Dormant
CLIENT_4402,25,BonninVille,M,2024-12-05,2025-06-02,99.53,4,24.88,SEA,25,True,5,167,Mode,3,191,4,99.53,3,4,3,343,1,A risque
CLIENT_4403,18,Barbenec,F,2023-10-05,2024-08-19,53.38,2,26.69,Social,15,True,3,471,Alimentation,8,478,2,53.38,2,3,2,232,4,Dormant
CLIENT_4404,53,Leconte-sur-Masson,M,2024-12-27,2025-08-08,1194.78,4,298.69,Direct,0,False,5,109,Électronique,2,124,4,1194.78,4,4,5,445,0,A risque
CLIENT_4405,46,Delorme,M,2023-11-18,2024-06-27,386.28,5,77.26,Direct,0,True,4,512,Maison,7,531,5,386.28,2,5,5,255,1,A risque
CLIENT_4406,44,Maillard,M,2023-09-26,2025-05-09,65.79,1,65.79,Email,8,False,4,209,Mode,4,215,1,65.79,3,1,2,312,4,Dormant
CLIENT_4407,36,Grenier,M,2023-05-04,2024-04-20,142.5,3,47.5,Email,8,True,4,582,Alimentation,4,599,3,142.5,2,4,4,244,1,A risque
CLIENT_4408,68,Techer-la-Forêt,F,2023-06-15,2025-12-09,252.57,2,126.28,Email,8,True,2,0,Mode,9,1,2,252.57,4,3,4,434,2,Potentiel
CLIENT_4409,26,Sainte Genevièvenec,M,2025-01-30,2025-09-14,1720.02,5,344.0,Social,15,True,5,83,Loisirs,9,87,5,1720.02,4,5,5,455,0,A risque
CLIENT_4410,48,Deschamps,F,2024-12-01,2025-12-09,154.49,3,51.5,Social,15,True,4,0,Électronique,9,1,3,154.49,4,4,4,444,3,Loyal
CLIENT_4411,18,Delorme,F,2023-10-12,2025-03-10,78.74,4,19.68,Email,8,True,5,258,Maison,3,275,4,78.74,3,4,3,343,1,A risque
CLIENT_4412,52,Meunier,F,2025-04-05,2025-10-05,1027.62,1,1027.62,Social,15,True,5,39,Mode,7,66,1,1027.62,4,1,5,415,0,A risque
CLIENT_4413,67,BonninVille,M,2023-09-16,2024-11-02,110.52,6,18.42,Email,8,False,4,394,Électronique,4,403,6,110.52,2,5,3,253,1,A risque
CLIENT_4414,33,Perret,F,2025-04-20,2025-12-09,119.91,4,29.98,Social,15,True,4,0,Électronique,4,1,4,119.91,4,4,3,443,3,Loyal
CLIENT_4415,47,Sanchez,F,2025-01-19,2025-12-01,35.01,2,17.5,Reference,5,True,4,0,Électronique,5,9,2,35.01,4,3,1,431,2,Potentiel
CLIENT_4416,28,Grenier,M,2023-05-23,2023-10-24,45.47,4,11.37,Social,15,True,4,767,Mode,8,778,4,45.47,1,4,2,142,1,A risque
CLIENT_4417,27,CaronBourg,F,2023-04-09,2025-12-09,34.87,3,11.62,Social,15,True,4,0,Mode,4,1,3,34.87,4,4,1,441,3,Loyal
CLIENT_4418,51,Peronnec,F,2023-11-01,2024-01-28,10797.57,2,5398.78,Social,15,False,4,677,Mode,6,682,2,10797.57,1,3,5,135,0,A risque
CLIENT_4419,49,Meunier,F,2025-06-18,2025-12-09,127.99,2,63.99,SEA,25,True,5,0,Électronique,2,1,2,127.99,4,3,3,433,2,Potentiel
CLIENT_4420,29,Sanchez,M,2024-12-03,2025-02-05,185.09,3,61.7,Social,15,False,3,296,Loisirs,5,308,3,185.09,3,4,4,344,1,A risque
CLIENT_4421,23,Meunier,M,2023-04-23,2023-06-26,51.22,5,10.24,Direct,0,True,4,876,Maison,3,898,5,51.22,1,5,2,152,1,A risque
CLIENT_4422,65,Delorme,M,2025-10-03,2025-12-09,101.58,3,33.86,Direct,0,False,5,0,Électronique,10,1,3,101.58,4,4,3,443,3,Loyal
CLIENT_4423,31,Peronnec,M,2025-04-27,2025-07-27,124.71,4,31.18,Social,15,False,3,123,Loisirs,3,136,4,124.71,4,4,3,443,1,A risque
CLIENT_4424,31,Deschamps,F,2023-02-18,2023-07-10,337.86,4,84.47,Email,8,True,5,857,Maison,10,884,4,337.86,1,4,4,144,1,A risque
CLIENT_4425,18,BonninVille,F,2023-06-25,2024-07-12,35.89,3,11.96,Direct,0,True,4,495,Alimentation,1,516,3,35.89,2,4,1,241,1,A risque
CLIENT_4426,40,Maillard,M,2025-05-06,2025-12-09,35.85,2,17.93,Social,15,True,2,0,Alimentation,7,1,2,35.85,4,3,1,431,2,Potentiel
CLIENT_4427,58,Perret,F,2023-05-18,2023-11-10,379.47,5,75.89,Social,15,False,5,736,Alimentation,8,761,5,379.47,1,5,5,155,1,A risque
CLIENT_4428,36,Perret,M,2024-05-30,2024-08-16,59.59,4,14.9,Social,15,False,3,454,Mode,5,481,4,59.59,2,4,2,242,1,A risque
CLIENT_4429,63,Deschamps,M,2023-01-05,2023-08-31,118.14,4,29.54,Email,8,False,2,824,Mode,6,832,4,118.14,1,4,3,143,1,A risque
CLIENT_4430,45,Techer-la-Forêt,M,2025-04-20,2025-10-24,278.94,5,55.79,Social,15,False,4,22,Loisirs,3,47,5,278.94,4,5,4,454,1,A risque
CLIENT_4431,36,Gimenez,F,2024-11-15,2025-12-09,90.49,7,12.93,SEA,25,True,3,0,Électronique,3,1,7,90.49,4,5,3,453,3,Loyal
CLIENT_4432,56,Grenier,M,2025-07-08,2025-12-09,50.79,5,10.16,Direct,0,False,4,0,Alimentation,9,1,5,50.79,4,5,2,452,3,Loyal
CLIENT_4433,28,Sainte Genevièvenec,M,2024-04-02,2025-07-30,48.79,5,9.76,Email,8,False,4,128,Maison,8,133,5,48.79,4,5,2,452,1,A risque
CLIENT_4434,18,Barbenec,F,2025-04-09,2025-07-07,31.74,1,31.74,Social,15,True,4,140,Loisirs,5,156,1,31.74,3,1,1,311,4,Dormant
CLIENT_4435,58,Sainte Christophe,M,2023-09-15,2023-12-08,226.14,3,75.38,Reference,5,True,4,731,Électronique,1,733,3,226.14,1,4,4,144,1,A risque
CLIENT_4436,23,Meunier,M,2025-02-25,2025-12-09,44.36,4,11.09,Social,15,True,2,0,Électronique,3,1,4,44.36,4,4,2,442,3,Loyal
CLIENT_4437,54,Deschamps,F,2023-10-13,2025-12-09,37.14,2,18.57,Social,15,False,3,0,Loisirs,5,1,2,37.14,4,3,1,431,2,Potentiel
CLIENT_4438,41,Maillard,M,2025-05-21,2025-11-25,52.8,2,26.4,Email,8,True,4,0,Alimentation,4,15,2,52.8,4,3,2,432,2,Potentiel
CLIENT_4439,52,BonninVille,F,2024-12-21,2025-12-09,38.59,2,19.3,Social,15,True,4,0,Loisirs,3,1,2,38.59,4,3,1,431,2,Potentiel
CLIENT_4440,37,Delorme,F,2023-11-30,2025-10-06,56.46,5,11.29,Direct,0,True,5,54,Maison,5,65,5,56.46,4,5,2,452,1,A risque
CLIENT_4441,68,Grenier,M,2023-05-06,2024-07-21,52.64,2,26.32,SEA,25,True,3,477,Mode,2,507,2,52.64,2,3,2,232,4,Dormant
CLIENT_4442,70,Sainte Genevièvenec,M,2025-09-23,2025-12-09,95.69,1,95.69,SEA,25,True,5,0,Maison,7,1,1,95.69,4,1,3,413,2,Potentiel
CLIENT_4443,19,Maillard,M,2025-07-01,2025-10-23,1029.61,3,343.2,Reference,5,False,4,40,Mode,5,48,3,1029.61,4,4,5,445,0,A risque
CLIENT_4444,52,Hubert,F,2024-04-12,2024-08-12,10612.5,1,10612.5,Direct,0,False,5,480,Alimentation,10,485,1,10612.5,2,1,5,215,0,A risque
CLIENT_4445,45,Sanchez,F,2025-11-27,2025-12-09,63.28,6,10.55,SEA,25,True,3,0,Électronique,8,1,6,63.28,4,5,2,452,3,Loyal
CLIENT_4446,48,BonninVille,M,2023-11-03,2024-08-21,126.98,5,25.4,Social,15,True,4,472,Alimentation,4,476,5,126.98,2,5,3,253,1,A risque
CLIENT_4447,18,Perret,F,2023-10-09,2023-11-19,60.44,4,15.11,Reference,5,False,4,730,Maison,1,752,4,60.44,1,4,2,142,1,A risque
CLIENT_4448,57,Barbenec,M,2025-10-29,2025-12-09,32.43,4,8.11,Email,8,False,5,0,Maison,9,1,4,32.43,4,4,1,441,3,Loyal
CLIENT_4449,34,Techer-la-Forêt,M,2023-08-31,2023-09-18,43.61,1,43.61,Direct,0,True,3,799,Mode,8,814,1,43.61,1,1,2,112,4,Dormant
CLIENT_4450,52,Baudry,M,2023-07-07,2023-10-03,205.49,2,102.75,Social,15,False,3,791,Électronique,8,799,2,205.49,1,3,4,134,4,Dormant
CLIENT_4451,35,Perret,F,2024-11-22,2025-09-17,206.87,3,68.96,Reference,5,True,5,74,Maison,8,84,3,206.87,4,4,4,444,1,A risque
CLIENT_4452,38,Deschamps,M,2024-07-18,2024-10-02,37.82,2,18.91,Direct,0,False,4,431,Loisirs,8,434,2,37.82,2,3,1,231,4,Dormant
CLIENT_4453,23,Deschamps,M,2024-02-18,2025-12-09,5633.74,5,1126.75,Direct,0,True,5,0,Alimentation,10,1,5,5633.74,4,5,5,455,0,A risque
CLIENT_4454,35,Barbenec,F,2023-05-27,2024-09-09,47.51,2,23.75,Direct,0,True,5,447,Électronique,5,457,2,47.51,2,3,2,232,4,Dormant
CLIENT_4455,42,CaronBourg,F,2023-07-28,2023-11-27,106.67,1,106.67,Email,8,True,4,739,Maison,7,744,1,106.67,1,1,3,113,4,Dormant
CLIENT_4456,41,Sainte Genevièvenec,M,2025-05-26,2025-12-09,430.09,1,430.09,Direct,0,True,5,0,Électronique,7,1,1,430.09,4,1,5,415,2,Potentiel
CLIENT_4457,28,Meunier,F,2025-01-23,2025-07-23,68.04,3,22.68,SEA,25,True,2,130,Maison,9,140,3,68.04,4,4,2,442,1,A risque
CLIENT_4458,46,Sanchez,M,2023-03-15,2023-05-07,84.76,1,84.76,Social,15,False,3,930,Mode,9,948,1,84.76,1,1,3,113,4,Dormant
CLIENT_4459,60,CaronBourg,M,2024-07-13,2024-11-24,282.46,3,94.15,SEA,25,True,3,362,Maison,6,381,3,282.46,3,4,4,344,1,A risque
CLIENT_4460,59,Sainte Christophe,F,2025-06-18,2025-11-24,209.78,1,209.78,SEA,25,True,3,0,Mode,3,16,1,209.78,4,1,4,414,2,Potentiel
CLIENT_4461,21,Techer-la-Forêt,F,2024-07-18,2025-04-29,501.02,7,71.57,Reference,5,True,4,200,Électronique,5,225,7,501.02,3,5,5,355,1,A risque
CLIENT_4462,32,BonninVille,M,2025-07-14,2025-11-09,471.79,1,471.79,Social,15,True,5,29,Électronique,1,31,1,471.79,4,1,5,415,2,Potentiel
CLIENT_4463,48,Baudry,F,2023-07-27,2024-08-03,423.12,2,211.56,Social,15,False,4,489,Maison,9,494,2,423.12,2,3,5,235,4,Dormant
CLIENT_4464,42,Perret,M,2024-11-20,2025-01-08,169.17,5,33.83,Email,8,False,5,321,Alimentation,3,336,5,169.17,3,5,4,354,1,A risque
CLIENT_4465,23,BonninVille,F,2024-10-27,2025-10-15,94.34,6,15.72,Email,8,False,4,28,Électronique,2,56,6,94.34,4,5,3,453,1,A risque
CLIENT_4466,18,Barbenec,F,2024-08-14,2025-01-03,71.58,4,17.89,Email,8,True,4,322,Alimentation,2,341,4,71.58,3,4,3,343,1,A risque
CLIENT_4467,27,Techer-la-Forêt,F,2024-07-26,2024-10-29,33.09,3,11.03,SEA,25,True,4,393,Électronique,3,407,3,33.09,2,4,1,241,1,A risque
CLIENT_4468,24,Sanchez,F,2025-04-19,2025-12-09,585.79,1,585.79,Direct,0,True,5,0,Mode,8,1,1,585.79,4,1,5,415,2,Potentiel
CLIENT_4469,30,Sainte Margotboeuf,M,2023-03-10,2023-05-18,30.36,1,30.36,Social,15,False,3,910,Alimentation,8,937,1,30.36,1,1,1,111,4,Dormant
CLIENT_4470,62,Delorme,F,2024-08-29,2025-12-09,47.07,4,11.77,Social,15,True,3,0,Maison,8,1,4,47.07,4,4,2,442,3,Loyal
CLIENT_4471,33,Maillard,F,2024-04-04,2024-04-27,22884.54,2,11442.27,Email,8,True,5,578,Mode,5,592,2,22884.54,2,3,5,235,0,A risque
CLIENT_4472,26,Sainte Christophe,F,2024-10-26,2025-09-23,48.28,6,8.05,Email,8,False,3,51,Maison,9,78,6,48.28,4,5,2,452,1,A risque
CLIENT_4473,41,Hubert,F,2025-04-14,2025-08-07,52.75,1,52.75,Social,15,True,3,103,Maison,8,125,1,52.75,4,1,2,412,4,Dormant
CLIENT_4474,39,Delorme,F,2025-02-24,2025-11-29,104.5,3,34.83,Social,15,True,5,0,Mode,3,11,3,104.5,4,4,3,443,3,Loyal
CLIENT_4475,39,Peronnec,F,2023-10-03,2023-12-25,61.7,1,61.7,SEA,25,False,5,689,Maison,2,716,1,61.7,1,1,2,112,4,Dormant
CLIENT_4476,52,Techer-la-Forêt,F,2023-03-22,2023-05-29,1077.36,3,359.12,SEA,25,False,5,901,Alimentation,7,926,3,1077.36,1,4,5,145,0,A risque
CLIENT_4477,50,Grenier,F,2023-10-08,2023-11-10,771.73,1,771.73,Social,15,True,5,752,Alimentation,3,761,1,771.73,1,1,5,115,4,Dormant
CLIENT_4478,61,Meunier,F,2025-08-02,2025-12-09,44.16,4,11.04,Email,8,True,5,0,Électronique,2,1,4,44.16,4,4,2,442,3,Loyal
CLIENT_4479,18,Barbenec,M,2023-04-04,2023-10-17,109.19,4,27.3,SEA,25,True,3,782,Loisirs,2,785,4,109.19,1,4,3,143,1,A risque
CLIENT_4480,37,Leconte-sur-Masson,M,2023-10-22,2024-02-16,56.1,4,14.03,Email,8,True,3,653,Alimentation,2,663,4,56.1,1,4,2,142,1,A risque
CLIENT_4481,48,CaronBourg,F,2024-09-23,2025-04-07,49.49,2,24.75,SEA,25,True,3,246,Alimentation,9,247,2,49.49,3,3,2,332,4,Dormant
CLIENT_4482,32,Gimenez,M,2024-08-14,2025-12-09,73.92,1,73.92,Email,8,False,5,0,Mode,10,1,1,73.92,4,1,3,413,2,Potentiel
CLIENT_4483,18,CaronBourg,M,2024-03-18,2024-09-12,57.13,5,11.43,Email,8,True,4,447,Maison,8,454,5,57.13,2,5,2,252,1,A risque
CLIENT_4484,64,Delorme,M,2025-10-26,2025-12-09,120.39,3,40.13,Reference,5,False,5,0,Mode,10,1,3,120.39,4,4,3,443,3,Loyal
CLIENT_4485,22,Delorme,M,2023-05-15,2024-11-04,112.44,4,28.11,Direct,0,True,4,398,Alimentation,5,401,4,112.44,2,4,3,243,1,A risque
CLIENT_4486,53,Baudry,M,2023-12-19,2024-10-18,129.15,4,32.29,SEA,25,False,4,410,Maison,2,418,4,129.15,2,4,3,243,1,A risque
CLIENT_4487,23,Sainte Margotboeuf,F,2024-03-17,2024-08-01,547.99,3,182.66,Email,8,False,5,471,Maison,9,496,3,547.99,2,4,5,245,0,A risque
CLIENT_4488,25,Deschamps,M,2025-03-22,2025-03-23,78.29,1,78.29,Reference,5,True,4,234,Mode,7,262,1,78.29,3,1,3,313,4,Dormant
CLIENT_4489,50,Barbenec,M,2024-02-13,2025-01-07,157.91,4,39.48,Social,15,True,3,327,Loisirs,1,337,4,157.91,3,4,4,344,1,A risque
CLIENT_4490,37,Hubert,F,2025-04-18,2025-12-09,91.59,5,18.32,Social,15,False,3,0,Électronique,2,1,5,91.59,4,5,3,453,3,Loyal
CLIENT_4491,47,Sainte Margotboeuf,M,2025-05-02,2025-05-04,56.47,5,11.29,SEA,25,True,3,198,Alimentation,1,220,5,56.47,3,5,2,352,1,A risque
CLIENT_4492,18,Peronnec,M,2023-12-16,2024-08-12,548.83,4,137.21,SEA,25,True,5,480,Alimentation,6,485,4,548.83,2,4,5,245,1,A risque
CLIENT_4493,40,Maillard,F,2025-10-13,2025-12-09,145.91,2,72.95,Email,8,True,4,0,Maison,7,1,2,145.91,4,3,4,434,2,Potentiel
CLIENT_4494,44,Meunier,M,2025-06-04,2025-07-22,56.79,3,18.93,Social,15,True,3,139,Maison,9,141,3,56.79,4,4,2,442,1,A risque
CLIENT_4495,40,Grenier,M,2023-12-25,2025-08-10,165.4,1,165.4,SEA,25,False,4,104,Loisirs,6,122,1,165.4,4,1,4,414,4,Dormant
CLIENT_4496,55,BonninVille,M,2024-11-20,2025-10-26,137.92,4,34.48,Email,8,True,4,39,Loisirs,4,45,4,137.92,4,4,4,444,1,A risque
CLIENT_4497,24,Maillard,M,2024-02-24,2024-08-31,30.04,3,10.01,Email,8,True,3,458,Mode,5,466,3,30.04,2,4,1,241,1,A risque
CLIENT_4498,31,Grenier,M,2025-09-27,2025-12-09,159.87,4,39.97,Direct,0,True,4,0,Électronique,8,1,4,159.87,4,4,4,444,3,Loyal
CLIENT_4499,34,Meunier,M,2025-11-15,2025-12-09,813.65,4,203.41,Email,8,True,4,0,Électronique,7,1,4,813.65,4,4,5,445,3,Loyal
CLIENT_4500,34,Leconte-sur-Masson,M,2023-03-20,2023-10-13,32.05,1,32.05,Direct,0,False,3,785,Alimentation,1,789,1,32.05,1,1,1,111,4,Dormant
CLIENT_4501,39,Delorme,M,2023-12-24,2024-01-14,111.41,4,27.85,Direct,0,True,3,686,Mode,4,696,4,111.41,1,4,3,143,1,A risque
CLIENT_4502,48,Sainte Genevièvenec,M,2024-01-03,2025-09-09,82.5,2,41.25,Social,15,True,3,83,Électronique,5,92,2,82.5,4,3,3,433,4,Dormant
CLIENT_4503,37,Delorme,F,2023-01-10,2023-09-09,53.57,4,13.39,SEA,25,False,4,810,Alimentation,8,823,4,53.57,1,4,2,142,1,A risque
CLIENT_4504,45,Delorme,F,2025-01-27,2025-02-19,127.25,2,63.62,Email,8,True,3,270,Loisirs,7,294,2,127.25,3,3,3,333,4,Dormant
CLIENT_4505,44,Leconte-sur-Masson,F,2023-12-08,2024-11-22,590.06,1,590.06,SEA,25,True,4,371,Maison,1,383,1,590.06,3,1,5,315,4,Dormant
CLIENT_4506,27,CaronBourg,F,2025-08-09,2025-12-09,198.12,3,66.04,Email,8,False,4,0,Alimentation,1,1,3,198.12,4,4,4,444,3,Loyal
CLIENT_4507,75,BonninVille,M,2023-03-13,2024-08-03,44.68,5,8.94,Email,8,False,4,476,Loisirs,8,494,5,44.68,2,5,2,252,1,A risque
CLIENT_4508,28,Sanchez,M,2024-06-10,2025-12-09,83.37,1,83.37,Direct,0,True,5,0,Électronique,2,1,1,83.37,4,1,3,413,2,Potentiel
CLIENT_4509,18,Deschamps,M,2024-08-04,2024-12-30,158.91,5,31.78,Email,8,True,5,337,Alimentation,9,345,5,158.91,3,5,4,354,1,A risque
CLIENT_4510,54,BonninVille,M,2025-12-05,2025-12-09,38.95,5,7.79,Direct,0,True,3,0,Mode,4,1,5,38.95,4,5,1,451,3,Loyal
CLIENT_4511,18,Hubert,M,2023-06-30,2023-07-22,44.4,4,11.1,SEA,25,True,3,863,Alimentation,6,872,4,44.4,1,4,2,142,1,A risque
CLIENT_4512,34,Leconte-sur-Masson,M,2024-06-01,2024-11-13,75.66,2,37.83,SEA,25,False,3,374,Loisirs,8,392,2,75.66,2,3,3,233,4,Dormant
CLIENT_4513,18,BonninVille,F,2025-11-16,2025-12-09,1053.74,1,1053.74,Email,8,False,4,0,Loisirs,6,1,1,1053.74,4,1,5,415,2,Potentiel
CLIENT_4514,31,Deschamps,M,2023-01-06,2023-02-24,252.15,3,84.05,SEA,25,False,5,1011,Maison,5,1020,3,252.15,1,4,4,144,1,A risque
CLIENT_4515,49,Leconte-sur-Masson,F,2023-01-07,2023-06-21,35.5,2,17.75,Social,15,True,3,887,Alimentation,9,903,2,35.5,1,3,1,131,4,Dormant
CLIENT_4516,50,Sainte Margotboeuf,M,2023-12-12,2025-12-09,201.8,1,201.8,Social,15,True,4,0,Alimentation,1,1,1,201.8,4,1,4,414,2,Potentiel
CLIENT_4517,28,Barbenec,F,2023-02-27,2025-12-09,31.01,2,15.51,Email,8,False,2,0,Maison,2,1,2,31.01,4,3,1,431,2,Potentiel
CLIENT_4518,33,Hubert,M,2024-12-28,2025-04-21,80.29,2,40.15,Reference,5,False,4,232,Maison,2,233,2,80.29,3,3,3,333,4,Dormant
CLIENT_4519,38,Meunier,M,2025-06-18,2025-12-09,83.41,4,20.85,SEA,25,False,4,0,Mode,9,1,4,83.41,4,4,3,443,3,Loyal
CLIENT_4520,30,BonninVille,M,2023-06-27,2023-11-08,196.3,5,39.26,Direct,0,False,4,752,Alimentation,9,763,5,196.3,1,5,4,154,1,A risque
CLIENT_4521,37,Grenier,F,2025-09-27,2025-10-11,410.66,3,136.89,Reference,5,False,5,46,Alimentation,7,60,3,410.66,4,4,5,445,0,A risque
CLIENT_4522,36,Perret,F,2023-03-02,2023-05-03,31.75,5,6.35,Direct,0,False,4,937,Maison,7,952,5,31.75,1,5,1,151,1,A risque
CLIENT_4523,37,Meunier,F,2024-03-05,2025-12-09,39.1,5,7.82,Email,8,False,3,0,Électronique,3,1,5,39.1,4,5,1,451,3,Loyal
CLIENT_4524,51,Deschamps,F,2025-09-06,2025-10-06,774.7,2,387.35,SEA,25,True,5,44,Mode,5,65,2,774.7,4,3,5,435,0,A risque
CLIENT_4525,53,Gimenez,F,2025-06-04,2025-12-09,67.29,3,22.43,Social,15,True,2,0,Mode,9,1,3,67.29,4,4,2,442,3,Loyal
CLIENT_4526,31,Sainte Margotboeuf,M,2024-09-06,2025-12-09,73.81,3,24.6,Direct,0,True,3,0,Électronique,6,1,3,73.81,4,4,3,443,3,Loyal
CLIENT_4527,41,Deschamps,M,2023-08-28,2023-09-07,102.4,2,51.2,SEA,25,False,3,801,Alimentation,3,825,2,102.4,1,3,3,133,4,Dormant
CLIENT_4528,42,Deschamps,F,2025-08-24,2025-11-08,79.83,2,39.91,Direct,0,False,5,18,Loisirs,5,32,2,79.83,4,3,3,433,4,Dormant
CLIENT_4529,48,Maillard,F,2025-04-05,2025-11-25,39.02,2,19.51,SEA,25,False,4,8,Loisirs,3,15,2,39.02,4,3,1,431,2,Potentiel
CLIENT_4530,18,BonninVille,F,2025-09-19,2025-12-09,866.75,4,216.69,SEA,25,True,5,0,Mode,6,1,4,866.75,4,4,5,445,3,Loyal
CLIENT_4531,44,Deschamps,M,2022-12-28,2022-12-29,1092.96,1,1092.96,SEA,25,True,5,1051,Loisirs,4,1077,1,1092.96,1,1,5,115,4,Dormant
CLIENT_4532,44,Sainte Christophe,F,2025-09-01,2025-12-09,31.73,2,15.87,Social,15,True,3,0,Alimentation,1,1,2,31.73,4,3,1,431,2,Potentiel
CLIENT_4533,46,Sainte Margotboeuf,F,2024-08-31,2025-12-09,338.16,7,48.31,Email,8,False,5,0,Électronique,1,1,7,338.16,4,5,4,454,3,Loyal
CLIENT_4534,46,Sainte Christophe,M,2023-11-14,2024-06-07,43.72,3,14.57,Social,15,False,3,527,Mode,6,551,3,43.72,2,4,2,242,1,A risque
CLIENT_4535,44,Sainte Margotboeuf,M,2023-07-11,2024-03-08,55.35,1,55.35,SEA,25,False,5,629,Alimentation,9,642,1,55.35,1,1,2,112,4,Dormant
CLIENT_4536,66,Grenier,F,2025-12-08,2025-12-08,154.3,2,77.15,Reference,5,True,4,0,Maison,3,2,2,154.3,4,3,4,434,2,Potentiel
CLIENT_4537,66,Maillard,M,2025-07-16,2025-12-09,337.65,2,168.82,Direct,0,True,4,0,Mode,5,1,2,337.65,4,3,4,434,2,Potentiel
CLIENT_4538,21,Peronnec,F,2023-07-24,2023-10-04,142.46,7,20.35,Social,15,True,2,776,Mode,8,798,7,142.46,1,5,4,154,1,A risque
CLIENT_4539,52,Gimenez,M,2025-03-22,2025-12-09,266.33,4,66.58,Social,15,False,5,0,Loisirs,1,1,4,266.33,4,4,4,444,3,Loyal
CLIENT_4540,31,Sainte Genevièvenec,M,2024-03-01,2024-04-02,66.42,12,5.54,Email,8,True,4,587,Loisirs,5,617,12,66.42,2,5,2,252,1,A risque
CLIENT_4541,65,Baudry,F,2023-12-07,2024-12-08,57.62,4,14.4,Email,8,True,4,339,Mode,1,367,4,57.62,3,4,2,342,1,A risque
CLIENT_4542,23,Delorme,M,2025-08-10,2025-09-20,168.83,3,56.28,Email,8,True,4,76,Maison,6,81,3,168.83,4,4,4,444,1,A risque
CLIENT_4543,18,Techer-la-Forêt,M,2023-01-28,2024-02-02,51.79,2,25.89,Email,8,False,5,664,Électronique,8,677,2,51.79,1,3,2,132,4,Dormant
CLIENT_4544,45,BonninVille,F,2025-05-13,2025-12-09,43.64,2,21.82,SEA,25,True,5,0,Maison,2,1,2,43.64,4,3,2,432,2,Potentiel
CLIENT_4545,50,Leconte-sur-Masson,M,2023-06-07,2024-03-12,478.62,2,239.31,SEA,25,True,4,612,Électronique,5,638,2,478.62,2,3,5,235,4,Dormant
CLIENT_4546,56,Deschamps,M,2025-10-23,2025-12-09,502.73,5,100.55,Email,8,False,5,0,Alimentation,4,1,5,502.73,4,5,5,455,3,Loyal
CLIENT_4547,40,Sainte Genevièvenec,F,2025-01-26,2025-07-07,533.67,4,133.42,Social,15,True,4,135,Maison,6,156,4,533.67,3,4,5,345,0,A risque
CLIENT_4548,38,Meunier,F,2024-01-21,2025-10-16,36.26,5,7.25,Social,15,False,4,41,Alimentation,8,55,5,36.26,4,5,1,451,1,A risque
CLIENT_4549,18,Baudry,M,2025-01-05,2025-05-02,40.29,1,40.29,SEA,25,False,4,195,Électronique,8,222,1,40.29,3,1,1,311,4,Dormant
CLIENT_4550,47,Grenier,M,2025-06-16,2025-12-09,31.62,2,15.81,Email,8,True,3,0,Loisirs,8,1,2,31.62,4,3,1,431,2,Potentiel
CLIENT_4551,29,Barbenec,M,2024-04-30,2024-08-13,32009.55,3,10669.85,Email,8,True,5,466,Mode,7,484,3,32009.55,2,4,5,245,0,A risque
CLIENT_4552,51,Peronnec,M,2023-10-06,2023-12-25,51.98,1,51.98,Social,15,False,4,690,Loisirs,5,716,1,51.98,1,1,2,112,4,Dormant
CLIENT_4553,25,Perret,F,2024-02-20,2025-03-06,112.24,3,37.41,Social,15,False,3,260,Loisirs,9,279,3,112.24,3,4,3,343,1,A risque
CLIENT_4554,18,Baudry,M,2023-06-15,2023-09-25,30.6,5,6.12,SEA,25,True,3,801,Électronique,9,807,5,30.6,1,5,1,151,1,A risque
CLIENT_4555,36,Grenier,M,2024-05-04,2025-06-19,169.03,3,56.34,Direct,0,True,4,144,Électronique,9,174,3,169.03,3,4,4,344,1,A risque
CLIENT_4556,18,Meunier,M,2024-05-19,2024-09-02,500.08,3,166.69,Email,8,False,4,442,Électronique,7,464,3,500.08,2,4,5,245,0,A risque
CLIENT_4557,65,Techer-la-Forêt,F,2024-02-09,2024-05-25,83.36,4,20.84,Reference,5,False,5,551,Maison,2,564,4,83.36,2,4,3,243,1,A risque
CLIENT_4558,45,Gimenez,M,2025-05-16,2025-08-09,67.67,3,22.56,Social,15,True,4,119,Électronique,8,123,3,67.67,4,4,2,442,1,A risque
CLIENT_4559,38,Baudry,F,2025-01-13,2025-11-19,347.83,3,115.94,Social,15,False,5,16,Maison,10,21,3,347.83,4,4,4,444,3,Loyal
CLIENT_4560,45,Leconte-sur-Masson,M,2024-05-19,2024-06-07,33.19,3,11.06,Social,15,False,5,522,Électronique,4,551,3,33.19,2,4,1,241,1,A risque
CLIENT_4561,62,Gimenez,F,2024-09-29,2024-11-22,84.09,3,28.03,Social,15,True,3,363,Loisirs,5,383,3,84.09,3,4,3,343,1,A risque
CLIENT_4562,62,Gimenez,M,2023-01-20,2025-06-01,39.88,4,9.97,Social,15,False,4,188,Maison,9,192,4,39.88,3,4,1,341,1,A risque
CLIENT_4563,28,Sanchez,F,2025-06-18,2025-08-10,50.22,3,16.74,Social,15,True,3,94,Loisirs,10,122,3,50.22,4,4,2,442,1,A risque
CLIENT_4564,20,Hubert,M,2025-05-22,2025-12-09,94.7,3,31.57,SEA,25,True,4,0,Alimentation,2,1,3,94.7,4,4,3,443,3,Loyal
CLIENT_4565,26,Baudry,M,2025-02-10,2025-02-22,2140.19,3,713.4,Social,15,True,4,286,Maison,4,291,3,2140.19,3,4,5,345,0,A risque
CLIENT_4566,38,BonninVille,M,2024-09-18,2024-12-01,38.83,2,19.41,Social,15,True,3,358,Loisirs,8,374,2,38.83,3,3,1,331,4,Dormant
CLIENT_4567,62,Sainte Margotboeuf,M,2024-10-09,2025-05-12,1613.24,1,1613.24,SEA,25,False,5,194,Maison,5,212,1,1613.24,3,1,5,315,0,A risque
CLIENT_4568,48,Maillard,F,2024-07-11,2025-04-13,55.12,1,55.12,Direct,0,True,4,232,Maison,6,241,1,55.12,3,1,2,312,4,Dormant
CLIENT_4569,45,Perret,F,2024-02-26,2024-07-12,31.78,4,7.95,Social,15,True,3,497,Alimentation,6,516,4,31.78,2,4,1,241,1,A risque
CLIENT_4570,58,Peronnec,F,2023-08-07,2024-06-26,30.27,6,5.04,Email,8,False,3,528,Maison,2,532,6,30.27,2,5,1,251,1,A risque
CLIENT_4571,45,CaronBourg,F,2023-03-30,2023-07-25,35.36,6,5.89,Reference,5,True,2,864,Électronique,2,869,6,35.36,1,5,1,151,1,A risque
CLIENT_4572,58,CaronBourg,F,2025-07-07,2025-07-13,32.47,5,6.49,Email,8,False,5,123,Maison,5,150,5,32.47,3,5,1,351,1,A risque
CLIENT_4573,35,Delorme,F,2025-09-06,2025-12-09,60.56,6,10.09,Social,15,True,3,0,Électronique,5,1,6,60.56,4,5,2,452,3,Loyal
CLIENT_4574,47,Sanchez,F,2024-01-27,2024-03-23,48.89,2,24.45,Email,8,True,3,618,Mode,5,627,2,48.89,2,3,2,232,4,Dormant
CLIENT_4575,42,Grenier,M,2025-03-29,2025-10-06,440.71,4,110.18,Email,8,False,5,45,Électronique,4,65,4,440.71,4,4,5,445,1,A risque
CLIENT_4576,18,Deschamps,M,2023-06-15,2024-08-07,131.57,1,131.57,Direct,0,False,5,468,Loisirs,9,490,1,131.57,2,1,4,214,4,Dormant
CLIENT_4577,41,Perret,F,2025-10-07,2025-12-09,33.71,4,8.43,Social,15,False,4,0,Électronique,6,1,4,33.71,4,4,1,441,3,Loyal
CLIENT_4578,46,Hubert,F,2025-09-21,2025-12-09,36.81,2,18.41,Reference,5,False,4,0,Maison,10,1,2,36.81,4,3,1,431,2,Potentiel
CLIENT_4579,36,Techer-la-Forêt,M,2024-07-06,2025-09-21,102.35,1,102.35,Social,15,True,4,77,Électronique,3,80,1,102.35,4,1,3,413,4,Dormant
CLIENT_4580,18,Sainte Christophe,M,2025-02-12,2025-08-03,1387.74,1,1387.74,SEA,25,True,4,123,Électronique,1,129,1,1387.74,4,1,5,415,0,A risque
CLIENT_4581,67,Grenier,F,2023-08-31,2024-03-26,1201.72,3,400.57,Email,8,True,5,605,Électronique,6,624,3,1201.72,2,4,5,245,0,A risque
CLIENT_4582,55,Sainte Margotboeuf,M,2025-03-23,2025-12-09,122.13,1,122.13,Direct,0,False,5,0,Loisirs,5,1,1,122.13,4,1,3,413,2,Potentiel
CLIENT_4583,75,Sainte Christophe,M,2023-09-04,2023-09-16,30.5,3,10.17,Email,8,True,5,800,Électronique,8,816,3,30.5,1,4,1,141,1,A risque
CLIENT_4584,33,Barbenec,F,2024-11-12,2025-12-09,34.91,4,8.73,Direct,0,False,5,0,Alimentation,7,1,4,34.91,4,5,1,451,3,Loyal
CLIENT_4585,32,Delorme,F,2025-11-17,2025-12-09,223.58,3,74.53,Email,8,False,5,0,Loisirs,10,1,3,223.58,4,4,4,444,3,Loyal
CLIENT_4586,64,Perret,F,2022-12-24,2023-07-09,46.07,1,46.07,Direct,0,True,4,873,Électronique,9,885,1,46.07,1,1,2,112,4,Dormant
CLIENT_4587,45,Deschamps,M,2023-09-13,2024-02-27,493.56,5,98.71,Reference,5,True,5,625,Alimentation,5,652,5,493.56,1,5,5,155,1,A risque
CLIENT_4588,18,Peronnec,F,2024-11-13,2025-12-09,124.67,1,124.67,Social,15,True,5,0,Électronique,3,1,1,124.67,4,1,3,413,2,Potentiel
CLIENT_4589,63,Sainte Genevièvenec,M,2024-09-06,2025-12-09,116.66,3,38.89,Email,8,True,4,0,Électronique,7,1,3,116.66,4,4,3,443,3,Loyal
CLIENT_4590,54,Sainte Genevièvenec,F,2024-12-14,2025-12-09,4118.61,1,4118.61,Direct,0,True,5,0,Électronique,1,1,1,4118.61,4,1,5,415,0,A risque
CLIENT_4591,63,Delorme,M,2025-05-03,2025-10-25,2153.26,5,430.65,Reference,5,False,5,24,Électronique,7,46,5,2153.26,4,5,5,455,0,A risque
CLIENT_4592,39,Deschamps,F,2022-12-26,2023-07-23,71.86,2,35.93,Email,8,False,4,841,Loisirs,1,871,2,71.86,1,3,3,133,4,Dormant
CLIENT_4593,34,Sanchez,F,2024-08-18,2025-02-07,13139.48,1,13139.48,Email,8,False,5,305,Mode,1,306,1,13139.48,3,1,5,315,0,A risque
CLIENT_4594,50,Maillard,F,2023-01-27,2023-04-10,79.27,2,39.63,Social,15,True,2,963,Loisirs,2,975,2,79.27,1,3,3,133,4,Dormant
CLIENT_4595,41,Meunier,F,2024-02-05,2025-10-15,64.4,3,21.47,Email,8,False,5,54,Maison,4,56,3,64.4,4,4,2,442,1,A risque
CLIENT_4596,22,Baudry,F,2024-08-07,2025-09-27,94.09,3,31.36,Direct,0,True,4,55,Électronique,2,74,3,94.09,4,4,3,443,1,A risque
CLIENT_4597,58,Sainte Genevièvenec,M,2023-10-24,2023-12-21,205.25,1,205.25,Direct,0,False,4,693,Électronique,6,720,1,205.25,1,1,4,114,4,Dormant
CLIENT_4598,28,Baudry,M,2023-07-18,2024-07-05,129.23,6,21.54,Social,15,False,4,522,Alimentation,10,523,6,129.23,2,5,3,253,1,A risque
CLIENT_4599,54,Techer-la-Forêt,M,2025-03-08,2025-12-09,166.15,4,41.54,Reference,5,True,4,0,Alimentation,9,1,4,166.15,4,5,4,454,3,Loyal
CLIENT_4600,50,Barbenec,F,2024-11-23,2025-12-09,2862.17,4,715.54,SEA,25,True,5,0,Mode,4,1,4,2862.17,4,5,5,455,0,A risque
CLIENT_4601,35,Delorme,M,2025-04-30,2025-05-07,882.31,2,441.15,Reference,5,False,4,201,Maison,9,217,2,882.31,3,3,5,335,0,A risque
CLIENT_4602,18,Meunier,F,2023-08-14,2025-02-19,42.83,3,14.28,Email,8,True,4,283,Alimentation,2,294,3,42.83,3,4,2,342,1,A risque
CLIENT_4603,31,Deschamps,F,2025-10-30,2025-12-09,123.81,4,30.95,Social,15,False,4,0,Alimentation,4,1,4,123.81,4,5,3,453,3,Loyal
CLIENT_4604,57,Perret,F,2023-02-24,2025-03-08,33.92,5,6.78,Social,15,True,5,253,Mode,2,277,5,33.92,3,5,1,351,1,A risque
CLIENT_4605,18,Sainte Margotboeuf,M,2025-05-09,2025-12-09,128.1,3,42.7,SEA,25,False,4,0,Électronique,9,1,3,128.1,4,4,3,443,3,Loyal
CLIENT_4606,38,Peronnec,M,2025-04-03,2025-11-04,706.68,1,706.68,Social,15,True,5,15,Électronique,3,36,1,706.68,4,1,5,415,4,Dormant
CLIENT_4607,52,Hubert,M,2024-12-17,2025-04-13,77.99,2,38.99,Social,15,False,4,234,Alimentation,4,241,2,77.99,3,3,3,333,4,Dormant
CLIENT_4608,18,Techer-la-Forêt,F,2024-12-27,2025-12-09,773.21,2,386.61,Social,15,True,4,0,Électronique,3,1,2,773.21,4,3,5,435,2,Potentiel
CLIENT_4609,35,Deschamps,F,2024-09-17,2025-09-13,112.7,3,37.57,Direct,0,False,4,83,Mode,6,88,3,112.7,4,4,3,443,1,A risque
CLIENT_4610,25,Sainte Genevièvenec,F,2025-02-03,2025-12-09,47.4,2,23.7,Email,8,True,4,0,Mode,1,1,2,47.4,4,3,2,432,2,Potentiel
CLIENT_4611,48,Peronnec,F,2023-04-13,2023-11-07,41.63,4,10.41,Social,15,True,4,756,Alimentation,4,764,4,41.63,1,5,1,151,1,A risque
CLIENT_4612,51,CaronBourg,F,2024-11-22,2025-09-11,781.48,2,390.74,Social,15,True,5,78,Électronique,7,90,2,781.48,4,3,5,435,0,A risque
CLIENT_4613,40,Leconte-sur-Masson,M,2024-03-13,2025-05-22,74.14,4,18.54,Email,8,True,3,189,Maison,6,202,4,74.14,3,5,3,353,1,A risque
CLIENT_4614,28,Maillard,F,2024-05-10,2025-02-16,36.52,4,9.13,SEA,25,True,3,292,Alimentation,6,297,4,36.52,3,5,1,351,1,A risque
CLIENT_4615,40,Deschamps,M,2024-08-07,2024-12-15,581.95,2,290.98,Email,8,True,4,335,Mode,7,360,2,581.95,3,3,5,335,0,A risque
CLIENT_4616,32,Deschamps,F,2024-09-18,2025-10-30,49.19,5,9.84,Social,15,False,4,37,Loisirs,5,41,5,49.19,4,5,2,452,1,A risque
CLIENT_4617,18,Delorme,F,2023-01-11,2023-02-18,53.29,5,10.66,Direct,0,False,4,1006,Mode,5,1026,5,53.29,1,5,2,152,1,A risque
CLIENT_4618,47,Maillard,M,2023-12-20,2024-07-14,119.59,3,39.86,SEA,25,True,4,509,Alimentation,1,514,3,119.59,2,4,3,243,1,A risque
CLIENT_4619,18,Gimenez,M,2024-01-26,2025-01-15,1952.74,4,488.19,Email,8,False,5,326,Électronique,4,329,4,1952.74,3,5,5,355,0,A risque
CLIENT_4620,18,Deschamps,M,2024-01-23,2025-12-09,463.83,2,231.91,Email,8,True,5,0,Maison,8,1,2,463.83,4,3,5,435,2,Potentiel
CLIENT_4621,18,Sainte Christophe,M,2025-07-29,2025-12-09,209.47,2,104.73,Social,15,True,4,0,Mode,4,1,2,209.47,4,3,4,434,2,Potentiel
CLIENT_4622,20,Grenier,F,2024-06-15,2025-07-10,59.89,2,29.95,Social,15,True,1,135,Maison,2,153,2,59.89,3,3,2,332,4,Dormant
CLIENT_4623,72,Hubert,M,2024-01-23,2025-12-09,86.18,2,43.09,Reference,5,False,4,0,Mode,10,1,2,86.18,4,3,3,433,2,Potentiel
CLIENT_4624,25,Barbenec,F,2023-07-24,2024-04-10,379.41,3,126.47,Social,15,False,3,602,Maison,3,609,3,379.41,2,4,5,245,1,A risque
CLIENT_4625,18,Deschamps,F,2023-05-28,2023-10-23,62.91,4,15.73,Social,15,True,4,772,Maison,2,779,4,62.91,1,5,2,152,1,A risque
CLIENT_4626,75,Perret,F,2024-02-28,2024-04-30,47.88,4,11.97,Email,8,False,2,562,Alimentation,7,589,4,47.88,2,5,2,252,1,A risque
CLIENT_4627,35,Sanchez,M,2024-01-18,2024-02-03,1544.2,5,308.84,Social,15,True,5,668,Maison,8,676,5,1544.2,1,5,5,155,0,A risque
CLIENT_4628,24,Sainte Christophe,M,2024-08-10,2025-06-22,30.9,5,6.18,Reference,5,False,4,153,Maison,9,171,5,30.9,3,5,1,351,1,A risque
CLIENT_4629,50,Baudry,M,2023-02-04,2023-06-20,39.15,4,9.79,Reference,5,False,4,882,Alimentation,6,904,4,39.15,1,5,1,151,1,A risque
CLIENT_4630,21,Sanchez,F,2025-09-03,2025-12-09,51.27,1,51.27,Social,15,False,2,0,Maison,6,1,1,51.27,4,1,2,412,2,Potentiel
CLIENT_4631,51,Barbenec,M,2025-02-17,2025-03-18,188.1,1,188.1,Social,15,True,4,259,Loisirs,3,267,1,188.1,3,1,4,314,4,Dormant
CLIENT_4632,18,BonninVille,F,2025-10-29,2025-12-09,40.85,6,6.81,Reference,5,True,2,0,Maison,4,1,6,40.85,4,5,1,451,3,Loyal
CLIENT_4633,75,Perret,F,2023-01-03,2023-01-08,47.35,4,11.84,Email,8,False,3,1059,Loisirs,6,1067,4,47.35,1,5,2,152,1,A risque
CLIENT_4634,40,Grenier,M,2025-10-01,2025-10-22,30.72,3,10.24,Social,15,False,3,29,Mode,3,49,3,30.72,4,4,1,441,1,A risque
CLIENT_4635,20,Leconte-sur-Masson,F,2025-11-30,2025-12-09,32.24,3,10.75,SEA,25,False,3,0,Loisirs,4,1,3,32.24,4,4,1,441,3,Loyal
CLIENT_4636,65,Barbenec,F,2023-02-11,2025-08-14,35.22,7,5.03,Direct,0,False,2,91,Loisirs,5,118,7,35.22,4,5,1,451,1,A risque
CLIENT_4637,35,Hubert,F,2023-11-12,2024-06-24,6569.7,3,2189.9,Direct,0,True,5,509,Loisirs,6,534,3,6569.7,2,4,5,245,0,A risque
CLIENT_4638,38,BonninVille,M,2024-10-22,2025-01-07,88.71,2,44.35,Reference,5,True,3,307,Loisirs,6,337,2,88.71,3,3,3,333,4,Dormant
CLIENT_4639,43,Grenier,F,2024-05-01,2024-05-24,437.39,4,109.35,Email,8,True,5,541,Électronique,7,565,4,437.39,2,5,5,255,1,A risque
CLIENT_4640,44,Baudry,F,2023-11-01,2024-06-27,96.18,3,32.06,SEA,25,False,4,524,Alimentation,2,531,3,96.18,2,4,3,243,1,A risque
CLIENT_4641,31,Sanchez,M,2024-07-25,2025-12-09,41.52,4,10.38,SEA,25,True,3,0,Électronique,9,1,4,41.52,4,5,1,451,3,Loyal
CLIENT_4642,32,Maillard,F,2025-04-09,2025-12-09,1237.29,1,1237.29,Social,15,True,5,0,Mode,8,1,1,1237.29,4,1,5,415,2,Potentiel
CLIENT_4643,24,Peronnec,F,2023-03-14,2025-06-14,757.32,3,252.44,SEA,25,False,4,167,Loisirs,10,179,3,757.32,3,4,5,345,0,A risque
CLIENT_4644,60,Baudry,F,2024-08-19,2025-01-22,426.57,3,142.19,SEA,25,True,4,317,Alimentation,5,322,3,426.57,3,4,5,345,1,A risque
CLIENT_4645,48,Barbenec,F,2025-07-26,2025-12-09,918.31,4,229.58,Social,15,True,5,0,Électronique,8,1,4,918.31,4,5,5,455,3,Loyal
CLIENT_4646,45,BonninVille,F,2025-04-19,2025-12-09,36361.3,4,9090.33,Direct,0,False,5,0,Alimentation,6,1,4,36361.3,4,5,5,455,0,A risque
CLIENT_4647,33,Barbenec,F,2024-06-23,2024-08-25,1493.76,5,298.75,Social,15,True,4,444,Électronique,10,472,5,1493.76,2,5,5,255,0,A risque
CLIENT_4648,49,Perret,M,2025-06-09,2025-12-09,47.24,2,23.62,Email,8,True,5,0,Électronique,4,1,2,47.24,4,3,2,432,2,Potentiel
CLIENT_4649,29,Sainte Margotboeuf,M,2024-08-20,2025-02-26,73.1,5,14.62,Email,8,False,3,270,Mode,4,287,5,73.1,3,5,3,353,1,A risque
CLIENT_4650,43,Deschamps,F,2024-08-07,2024-09-09,48.44,4,12.11,Social,15,True,2,427,Électronique,2,457,4,48.44,2,5,2,252,1,A risque
CLIENT_4651,50,CaronBourg,M,2025-02-11,2025-09-18,184.81,4,46.2,Reference,5,True,5,60,Alimentation,3,83,4,184.81,4,5,4,454,1,A risque
CLIENT_4652,26,Perret,F,2024-01-13,2024-01-17,38.56,7,5.51,Email,8,True,4,667,Loisirs,7,693,7,38.56,1,5,1,151,1,A risque
CLIENT_4653,24,Deschamps,M,2023-08-05,2024-04-08,58.24,1,58.24,Email,8,True,3,580,Électronique,2,611,1,58.24,2,1,2,212,4,Dormant
CLIENT_4654,65,Sainte Christophe,F,2024-03-07,2024-07-04,344.49,2,172.25,Email,8,True,5,511,Mode,8,524,2,344.49,2,3,4,234,4,Dormant
CLIENT_4655,52,Gimenez,M,2025-09-18,2025-11-29,19834.52,1,19834.52,Social,15,False,5,0,Mode,3,11,1,19834.52,4,1,5,415,0,A risque
CLIENT_4656,41,Sainte Genevièvenec,M,2025-06-12,2025-12-09,214.35,6,35.73,Direct,0,True,4,0,Mode,8,1,6,214.35,4,5,4,454,3,Loyal
CLIENT_4657,57,Sainte Margotboeuf,F,2024-03-12,2024-07-06,254.17,3,84.72,Email,8,True,4,515,Alimentation,4,522,3,254.17,2,4,4,244,1,A risque
CLIENT_4658,44,Perret,M,2023-07-17,2025-11-23,2052.95,7,293.28,Social,15,True,4,0,Maison,2,17,7,2052.95,4,5,5,455,0,A risque
CLIENT_4659,37,Sanchez,F,2023-07-01,2024-03-26,263.33,6,43.89,Social,15,True,5,596,Maison,8,624,6,263.33,2,5,4,254,1,A risque
CLIENT_4660,41,Grenier,M,2024-03-14,2024-10-02,42.31,6,7.05,Reference,5,False,5,410,Loisirs,9,434,6,42.31,2,5,1,251,1,A risque
CLIENT_4661,33,Meunier,F,2025-01-15,2025-07-06,36.61,8,4.58,Email,8,True,4,144,Alimentation,10,157,8,36.61,3,5,1,351,1,A risque
CLIENT_4662,36,Grenier,M,2023-07-18,2023-11-29,133.5,4,33.38,Direct,0,False,5,735,Électronique,5,742,4,133.5,1,5,4,154,1,A risque
CLIENT_4663,18,Hubert,M,2024-05-23,2025-03-19,589.05,5,117.81,Email,8,False,5,237,Maison,2,266,5,589.05,3,5,5,355,1,A risque
CLIENT_4664,33,Perret,F,2025-10-03,2025-12-09,219.68,2,109.84,Email,8,True,3,0,Loisirs,10,1,2,219.68,4,3,4,434,2,Potentiel
CLIENT_4665,57,Sanchez,M,2025-06-27,2025-12-09,401.65,3,133.88,SEA,25,True,5,0,Électronique,1,1,3,401.65,4,4,5,445,3,Loyal
CLIENT_4666,39,CaronBourg,M,2023-07-10,2023-09-30,93.12,5,18.62,SEA,25,True,4,781,Maison,9,802,5,93.12,1,5,3,153,1,A risque
CLIENT_4667,49,Hubert,F,2023-10-07,2024-02-03,1571.04,2,785.52,Direct,0,True,5,646,Loisirs,3,676,2,1571.04,1,3,5,135,0,A risque
CLIENT_4668,21,Baudry,M,2025-10-04,2025-12-09,377.27,5,75.45,SEA,25,True,3,0,Alimentation,1,1,5,377.27,4,5,5,455,3,Loyal
CLIENT_4669,39,Sainte Margotboeuf,M,2025-03-27,2025-12-09,1055.63,3,351.88,Email,8,False,4,0,Alimentation,5,1,3,1055.63,4,4,5,445,3,Loyal
CLIENT_4670,35,Maillard,M,2023-10-15,2024-10-30,32.41,6,5.4,Social,15,False,3,379,Électronique,2,406,6,32.41,2,5,1,251,1,A risque
CLIENT_4671,60,Deschamps,F,2024-06-05,2024-09-05,167.52,4,41.88,Direct,0,False,4,431,Alimentation,8,461,4,167.52,2,5,4,254,1,A risque
CLIENT_4672,51,Deschamps,M,2023-01-01,2023-01-13,900.73,3,300.24,Email,8,True,5,1061,Mode,1,1062,3,900.73,1,4,5,145,0,A risque
CLIENT_4673,31,Sainte Genevièvenec,F,2024-02-16,2024-05-05,134.98,3,44.99,Social,15,True,4,579,Mode,8,584,3,134.98,2,4,4,244,1,A risque
CLIENT_4674,25,Grenier,M,2023-09-04,2025-02-06,150.81,2,75.41,Reference,5,True,3,277,Électronique,6,307,2,150.81,3,3,4,334,4,Dormant
CLIENT_4675,62,Leconte-sur-Masson,F,2024-09-16,2025-01-29,34.1,4,8.53,Social,15,True,3,296,Alimentation,10,315,4,34.1,3,5,1,351,1,A risque
CLIENT_4676,31,Delorme,F,2025-03-12,2025-12-09,37.83,1,37.83,Direct,0,True,4,0,Loisirs,4,1,1,37.83,4,1,1,411,2,Potentiel
CLIENT_4677,32,Sainte Christophe,F,2023-12-08,2024-04-25,46.6,1,46.6,Email,8,True,4,585,Mode,3,594,1,46.6,2,1,2,212,4,Dormant
CLIENT_4678,54,Meunier,F,2025-01-26,2025-12-09,13485.0,4,3371.25,Social,15,True,5,0,Électronique,6,1,4,13485.0,4,5,5,455,0,A risque
CLIENT_4679,54,Sanchez,M,2025-01-24,2025-02-01,204.62,4,51.16,Social,15,False,4,292,Maison,6,312,4,204.62,3,5,4,354,1,A risque
CLIENT_4680,29,Perret,M,2025-03-17,2025-12-09,753.05,2,376.52,Email,8,True,5,0,Maison,7,1,2,753.05,4,3,5,435,2,Potentiel
CLIENT_4681,18,Gimenez,M,2023-05-18,2023-06-28,2999.17,2,1499.59,Social,15,True,5,880,Électronique,9,896,2,2999.17,1,3,5,135,0,A risque
CLIENT_4682,64,Sanchez,F,2025-05-16,2025-06-22,58.98,4,14.74,SEA,25,False,1,144,Loisirs,8,171,4,58.98,3,5,2,352,1,A risque
CLIENT_4683,32,Barbenec,M,2024-07-30,2024-09-15,370.91,3,123.64,SEA,25,False,3,446,Mode,6,451,3,370.91,2,4,4,244,1,A risque
CLIENT_4684,18,Delorme,F,2025-09-07,2025-12-09,130.1,4,32.52,Email,8,True,3,0,Alimentation,2,1,4,130.1,4,5,4,454,3,Loyal
CLIENT_4685,48,Sanchez,M,2023-08-30,2023-10-30,45.56,1,45.56,Social,15,False,4,755,Loisirs,5,772,1,45.56,1,1,2,112,4,Dormant
CLIENT_4686,32,Sainte Genevièvenec,F,2024-11-27,2025-12-04,52.76,2,26.38,SEA,25,False,4,0,Alimentation,6,6,2,52.76,4,3,2,432,2,Potentiel
CLIENT_4687,53,Deschamps,M,2023-05-08,2023-09-06,52.68,4,13.17,SEA,25,True,3,825,Électronique,3,826,4,52.68,1,5,2,152,1,A risque
CLIENT_4688,36,Peronnec,M,2025-11-01,2025-12-09,44.87,4,11.22,Social,15,True,3,0,Électronique,6,1,4,44.87,4,5,2,452,3,Loyal
CLIENT_4689,23,Gimenez,M,2023-01-01,2023-11-30,64.57,7,9.22,Social,15,True,3,713,Maison,7,741,7,64.57,1,5,2,152,1,A risque
CLIENT_4690,50,Perret,F,2025-05-02,2025-12-09,41.58,1,41.58,Social,15,True,3,0,Maison,4,1,1,41.58,4,1,1,411,2,Potentiel
CLIENT_4691,18,CaronBourg,M,2023-03-30,2023-04-04,47.41,3,15.8,Reference,5,True,3,964,Maison,4,981,3,47.41,1,4,2,142,1,A risque
CLIENT_4692,41,Meunier,M,2024-01-22,2025-02-10,38.45,4,9.61,Social,15,True,2,289,Alimentation,7,303,4,38.45,3,5,1,351,1,A risque
CLIENT_4693,36,Sainte Genevièvenec,M,2025-07-13,2025-12-09,54.36,1,54.36,Email,8,True,5,0,Mode,2,1,1,54.36,4,1,2,412,2,Potentiel
CLIENT_4694,33,Perret,M,2023-10-26,2024-11-14,85.12,5,17.02,Reference,5,True,5,375,Alimentation,7,391,5,85.12,2,5,3,253,1,A risque
CLIENT_4695,42,CaronBourg,F,2023-02-27,2023-07-06,94.91,3,31.64,Direct,0,True,5,862,Alimentation,2,888,3,94.91,1,4,3,143,1,A risque
CLIENT_4696,40,Sainte Margotboeuf,M,2024-12-05,2025-08-22,41.49,1,41.49,Email,8,False,3,106,Loisirs,9,110,1,41.49,4,1,1,411,4,Dormant
CLIENT_4697,33,Deschamps,M,2025-11-22,2025-12-09,44.71,2,22.36,Direct,0,True,5,0,Mode,8,1,2,44.71,4,3,2,432,2,Potentiel
CLIENT_4698,42,Deschamps,M,2024-08-31,2025-12-09,28758.63,3,9586.21,SEA,25,False,5,0,Alimentation,9,1,3,28758.63,4,4,5,445,0,A risque
CLIENT_4699,42,Grenier,M,2025-03-10,2025-04-10,33.84,4,8.46,Social,15,True,2,220,Alimentation,1,244,4,33.84,3,5,1,351,1,A risque
CLIENT_4700,18,Maillard,M,2025-09-04,2025-12-09,144.99,5,29.0,Direct,0,False,5,0,Alimentation,7,1,5,144.99,4,5,4,454,3,Loyal
CLIENT_4701,23,CaronBourg,M,2023-08-16,2025-08-21,31.56,4,7.89,Social,15,True,4,95,Loisirs,4,111,4,31.56,4,5,1,451,1,A risque
CLIENT_4702,47,Deschamps,F,2023-05-21,2023-09-21,1313.09,2,656.54,Reference,5,True,5,780,Maison,1,811,2,1313.09,1,3,5,135,0,A risque
CLIENT_4703,51,Sainte Christophe,F,2023-07-17,2023-11-11,30.57,5,6.11,SEA,25,False,3,753,Loisirs,3,760,5,30.57,1,5,1,151,1,A risque
CLIENT_4704,20,Grenier,F,2023-12-24,2024-04-08,44.5,4,11.12,Email,8,True,2,586,Alimentation,2,611,4,44.5,2,5,2,252,1,A risque
CLIENT_4705,40,CaronBourg,M,2025-09-21,2025-12-09,33.16,5,6.63,SEA,25,True,2,0,Loisirs,7,1,5,33.16,4,5,1,451,3,Loyal
CLIENT_4706,52,Sainte Genevièvenec,M,2023-10-09,2023-10-31,107.05,2,53.52,Social,15,False,4,770,Loisirs,8,771,2,107.05,1,3,3,133,4,Dormant
CLIENT_4707,24,Grenier,F,2023-01-14,2025-01-06,222.76,2,111.38,Social,15,True,4,325,Alimentation,5,338,2,222.76,3,3,4,334,4,Dormant
CLIENT_4708,55,CaronBourg,F,2025-07-22,2025-12-09,66.19,3,22.06,Email,8,True,4,0,Électronique,6,1,3,66.19,4,4,2,442,3,Loyal
CLIENT_4709,26,Grenier,F,2024-02-04,2024-12-10,80.59,3,26.86,Social,15,False,3,363,Mode,3,365,3,80.59,3,4,3,343,1,A risque
CLIENT_4710,18,Deschamps,M,2023-03-20,2023-04-25,37.19,2,18.59,SEA,25,True,3,946,Alimentation,6,960,2,37.19,1,3,1,131,4,Dormant
CLIENT_4711,41,Leconte-sur-Masson,F,2023-09-04,2025-02-16,247.75,6,41.29,SEA,25,True,5,278,Mode,9,297,6,247.75,3,5,4,354,1,A risque
CLIENT_4712,49,Deschamps,M,2024-01-16,2024-04-28,204.3,2,102.15,Email,8,True,4,576,Alimentation,5,591,2,204.3,2,3,4,234,4,Dormant
CLIENT_4713,49,Peronnec,M,2025-01-20,2025-12-07,37.78,1,37.78,SEA,25,False,4,0,Électronique,8,3,1,37.78,4,1,1,411,2,Potentiel
CLIENT_4714,43,Maillard,M,2023-10-31,2024-09-08,172.29,5,34.46,Social,15,False,4,434,Maison,8,458,5,172.29,2,5,4,254,1,A risque
CLIENT_4715,43,Delorme,M,2023-03-06,2024-04-15,876.52,6,146.09,Email,8,False,5,595,Électronique,5,604,6,876.52,2,5,5,255,0,A risque
CLIENT_4716,27,Deschamps,F,2024-10-01,2025-12-09,196.92,5,39.38,Reference,5,False,5,0,Électronique,10,1,5,196.92,4,5,4,454,3,Loyal
CLIENT_4717,43,Grenier,F,2025-08-02,2025-12-09,44.46,2,22.23,Direct,0,True,2,0,Mode,10,1,2,44.46,4,3,2,432,2,Potentiel
CLIENT_4718,62,Grenier,M,2024-06-26,2025-07-23,30.37,6,5.06,SEA,25,False,5,132,Électronique,3,140,6,30.37,4,5,1,451,1,A risque
CLIENT_4719,18,Perret,M,2024-09-24,2025-07-18,43.19,5,8.64,Direct,0,True,2,117,Maison,5,145,5,43.19,3,5,2,352,1,A risque
CLIENT_4720,39,Maillard,M,2023-01-21,2023-08-12,335.04,3,111.68,Social,15,False,5,839,Alimentation,6,851,3,335.04,1,4,4,144,1,A risque
CLIENT_4721,40,Grenier,M,2023-07-04,2024-08-26,78.23,4,19.56,Direct,0,True,4,441,Mode,1,471,4,78.23,2,5,3,253,1,A risque
CLIENT_4722,49,Maillard,M,2023-02-26,2024-04-30,70.54,2,35.27,Email,8,True,3,587,Loisirs,1,589,2,70.54,2,3,3,233,4,Dormant
CLIENT_4723,46,Sainte Genevièvenec,F,2023-10-10,2024-02-25,51.16,6,8.53,Social,15,True,3,637,Mode,8,654,6,51.16,1,5,2,152,1,A risque
CLIENT_4724,31,Sanchez,F,2023-06-29,2023-11-27,289.89,2,144.94,SEA,25,False,3,717,Électronique,3,744,2,289.89,1,3,4,134,4,Dormant
CLIENT_4725,37,Sainte Genevièvenec,F,2025-07-02,2025-12-09,48.41,3,16.14,Social,15,True,3,0,Maison,5,1,3,48.41,4,4,2,442,3,Loyal
CLIENT_4726,24,Hubert,M,2025-10-04,2025-12-09,70.16,2,35.08,Direct,0,True,3,0,Alimentation,1,1,2,70.16,4,3,3,433,2,Potentiel
CLIENT_4727,55,Delorme,M,2023-08-11,2024-03-17,13340.59,3,4446.86,Email,8,True,5,621,Mode,8,633,3,13340.59,2,4,5,245,0,A risque
CLIENT_4728,23,Gimenez,F,2023-07-23,2024-03-08,1605.47,7,229.35,Email,8,False,5,634,Électronique,2,642,7,1605.47,1,5,5,155,0,A risque
CLIENT_4729,27,Techer-la-Forêt,F,2023-09-19,2024-09-06,75.79,1,75.79,Reference,5,True,4,450,Électronique,3,460,1,75.79,2,1,3,213,4,Dormant
CLIENT_4730,18,Grenier,M,2024-03-06,2024-10-08,260.69,5,52.14,SEA,25,True,4,420,Mode,2,428,5,260.69,2,5,4,254,1,A risque
CLIENT_4731,40,Grenier,F,2025-08-05,2025-12-09,552.97,6,92.16,Social,15,True,4,0,Mode,4,1,6,552.97,4,5,5,455,3,Loyal
CLIENT_4732,23,Delorme,M,2025-11-19,2025-12-09,47.15,2,23.57,Email,8,True,5,0,Loisirs,4,1,2,47.15,4,3,2,432,2,Potentiel
CLIENT_4733,32,Meunier,M,2024-04-19,2024-05-09,263.7,3,87.9,Direct,0,False,5,559,Alimentation,4,580,3,263.7,2,4,4,244,1,A risque
CLIENT_4734,44,Deschamps,F,2025-02-05,2025-04-15,78.59,1,78.59,Email,8,True,3,212,Loisirs,8,239,1,78.59,3,1,3,313,4,Dormant
CLIENT_4735,49,Peronnec,M,2025-08-16,2025-09-24,42.99,3,14.33,Email,8,False,5,46,Mode,2,77,3,42.99,4,4,2,442,1,A risque
CLIENT_4736,58,Meunier,F,2023-09-10,2024-02-28,91.53,1,91.53,SEA,25,False,4,647,Électronique,5,651,1,91.53,1,1,3,113,4,Dormant
CLIENT_4737,25,Techer-la-Forêt,F,2025-09-12,2025-12-09,42.03,7,6.0,Email,8,True,2,0,Loisirs,9,1,7,42.03,4,5,1,451,3,Loyal
CLIENT_4738,56,Perret,F,2023-07-02,2023-11-29,91.44,2,45.72,Social,15,True,3,740,Loisirs,1,742,2,91.44,1,3,3,133,4,Dormant
CLIENT_4739,38,Sainte Margotboeuf,M,2025-10-16,2025-12-09,172.31,3,57.44,Social,15,True,5,0,Maison,2,1,3,172.31,4,4,4,444,3,Loyal
CLIENT_4740,59,CaronBourg,M,2023-02-25,2023-06-29,10245.81,1,10245.81,Email,8,False,5,873,Alimentation,10,895,1,10245.81,1,1,5,115,0,A risque
CLIENT_4741,41,Sainte Christophe,M,2025-05-26,2025-10-02,37.68,3,12.56,Email,8,True,3,65,Loisirs,10,69,3,37.68,4,4,1,441,1,A risque
CLIENT_4742,44,Deschamps,F,2024-10-25,2025-01-04,35.36,1,35.36,Email,8,False,3,322,Alimentation,1,340,1,35.36,3,1,1,311,4,Dormant
CLIENT_4743,18,Delorme,M,2023-02-15,2023-10-27,740.95,1,740.95,Social,15,False,4,745,Maison,5,775,1,740.95,1,1,5,115,4,Dormant
CLIENT_4744,37,BonninVille,M,2024-06-11,2024-10-24,51.32,3,17.11,Social,15,True,5,387,Électronique,8,412,3,51.32,2,4,2,242,1,A risque
CLIENT_4745,22,Grenier,M,2025-05-14,2025-11-27,17291.28,3,5763.76,SEA,25,True,5,0,Électronique,9,13,3,17291.28,4,4,5,445,0,A risque
CLIENT_4746,39,Sainte Christophe,M,2022-12-27,2024-05-21,103.26,5,20.65,Social,15,False,4,538,Loisirs,3,568,5,103.26,2,5,3,253,1,A risque
CLIENT_4747,49,Deschamps,M,2025-03-29,2025-12-09,45.55,5,9.11,Reference,5,True,4,0,Électronique,4,1,5,45.55,4,5,2,452,3,Loyal
CLIENT_4748,51,Gimenez,F,2023-01-13,2023-11-02,2013.35,4,503.34,Social,15,False,5,754,Électronique,4,769,4,2013.35,1,5,5,155,0,A risque
CLIENT_4749,19,Barbenec,F,2025-09-18,2025-12-09,299.95,3,99.98,Social,15,True,4,0,Électronique,1,1,3,299.95,4,4,4,444,3,Loyal
CLIENT_4750,35,Sainte Christophe,F,2025-01-04,2025-12-09,90.02,3,30.01,Email,8,True,3,0,Alimentation,5,1,3,90.02,4,4,3,443,3,Loyal
CLIENT_4751,49,CaronBourg,M,2024-08-03,2024-09-08,33.77,4,8.44,Social,15,False,2,433,Maison,9,458,4,33.77,2,5,1,251,1,A risque
CLIENT_4752,41,CaronBourg,M,2025-02-12,2025-06-29,1449.13,1,1449.13,Email,8,True,5,144,Alimentation,5,164,1,1449.13,3,1,5,315,0,A risque
CLIENT_4753,19,Barbenec,M,2023-01-04,2024-02-28,2400.32,3,800.11,Social,15,True,4,649,Loisirs,6,651,3,2400.32,1,4,5,145,0,A risque
CLIENT_4754,33,Sainte Margotboeuf,F,2024-11-14,2025-12-09,75.44,3,25.15,Social,15,False,5,0,Maison,6,1,3,75.44,4,4,3,443,3,Loyal
CLIENT_4755,66,Barbenec,F,2024-04-07,2024-11-21,58.24,2,29.12,Social,15,True,3,359,Loisirs,10,384,2,58.24,3,3,2,332,4,Dormant
CLIENT_4756,33,Deschamps,F,2023-02-26,2024-10-05,300.03,3,100.01,Direct,0,True,2,415,Électronique,10,431,3,300.03,2,4,4,244,1,A risque
CLIENT_4757,65,Sainte Genevièvenec,F,2024-12-16,2025-12-09,94.39,4,23.6,Social,15,False,4,0,Loisirs,3,1,4,94.39,4,5,3,453,3,Loyal
CLIENT_4758,30,BonninVille,F,2023-03-16,2025-12-09,77.2,2,38.6,Social,15,True,4,0,Électronique,8,1,2,77.2,4,3,3,433,2,Potentiel
CLIENT_4759,34,Grenier,M,2023-10-21,2024-01-14,84.7,1,84.7,Social,15,False,3,674,Loisirs,1,696,1,84.7,1,1,3,113,4,Dormant
CLIENT_4760,18,Delorme,F,2024-06-28,2024-11-20,162.72,4,40.68,Direct,0,True,3,362,Maison,5,385,4,162.72,3,5,4,354,1,A risque
CLIENT_4761,48,Sanchez,F,2022-12-21,2023-04-24,35.73,2,17.86,Email,8,False,3,936,Loisirs,6,961,2,35.73,1,3,1,131,4,Dormant
CLIENT_4762,43,Barbenec,M,2025-02-22,2025-08-20,36.63,1,36.63,Email,8,True,2,97,Électronique,8,112,1,36.63,4,1,1,411,4,Dormant
CLIENT_4763,18,Leconte-sur-Masson,M,2024-01-16,2024-01-26,166.59,5,33.32,Direct,0,False,4,670,Loisirs,9,684,5,166.59,1,5,4,154,1,A risque
CLIENT_4764,34,Sainte Christophe,F,2023-05-19,2023-09-17,285.37,4,71.34,Social,15,True,5,799,Maison,9,815,4,285.37,1,5,4,154,1,A risque
CLIENT_4765,36,Gimenez,M,2024-11-16,2025-01-29,47.76,5,9.55,Email,8,True,3,289,Électronique,2,315,5,47.76,3,5,2,352,1,A risque
CLIENT_4766,32,CaronBourg,M,2023-03-20,2024-10-10,31.42,2,15.71,Direct,0,False,2,415,Alimentation,7,426,2,31.42,2,3,1,231,4,Dormant
CLIENT_4767,47,Sainte Genevièvenec,M,2024-03-26,2025-05-05,69.63,1,69.63,Social,15,False,5,201,Loisirs,10,219,1,69.63,3,1,3,313,4,Dormant
CLIENT_4768,20,Barbenec,F,2024-06-30,2024-12-15,323.55,6,53.93,Social,15,True,5,348,Maison,6,360,6,323.55,3,5,4,354,1,A risque
CLIENT_4769,49,Sainte Margotboeuf,F,2023-02-09,2023-06-16,262.66,5,52.53,Email,8,False,4,885,Maison,10,908,5,262.66,1,5,4,154,1,A risque
CLIENT_4770,28,Maillard,F,2025-04-28,2025-12-09,6340.41,1,6340.41,Direct,0,False,5,0,Maison,2,1,1,6340.41,4,1,5,415,0,A risque
CLIENT_4771,43,Sainte Genevièvenec,M,2023-03-12,2023-07-29,35.21,3,11.74,Email,8,True,4,857,Mode,8,865,3,35.21,1,4,1,141,1,A risque
CLIENT_4772,36,Meunier,F,2023-05-25,2024-02-14,653.03,5,130.61,Email,8,False,5,664,Électronique,9,665,5,653.03,1,5,5,155,1,A risque
CLIENT_4773,39,Sainte Margotboeuf,F,2024-01-08,2024-03-08,182.28,3,60.76,Email,8,False,5,613,Loisirs,6,642,3,182.28,1,4,4,144,1,A risque
CLIENT_4774,53,Grenier,M,2023-07-04,2025-12-09,797.7,2,398.85,Reference,5,True,4,0,Mode,10,1,2,797.7,4,3,5,435,2,Potentiel
CLIENT_4775,27,Perret,M,2024-03-14,2024-03-18,276.2,1,276.2,Social,15,False,5,626,Électronique,3,632,1,276.2,2,1,4,214,4,Dormant
CLIENT_4776,65,CaronBourg,M,2025-04-09,2025-12-09,297.87,2,148.94,Reference,5,True,5,0,Alimentation,6,1,2,297.87,4,3,4,434,2,Potentiel
CLIENT_4777,47,Techer-la-Forêt,F,2024-10-26,2025-12-09,31.56,1,31.56,Social,15,True,1,0,Loisirs,9,1,1,31.56,4,1,1,411,2,Potentiel
CLIENT_4778,36,Baudry,M,2024-05-21,2024-12-14,30.14,8,3.77,SEA,25,True,4,345,Mode,6,361,8,30.14,3,5,1,351,1,A risque
CLIENT_4779,36,Sainte Margotboeuf,F,2025-08-03,2025-12-09,135.14,5,27.03,SEA,25,True,5,0,Maison,4,1,5,135.14,4,5,4,454,3,Loyal
CLIENT_4780,41,CaronBourg,M,2025-11-29,2025-12-02,256.96,4,64.24,SEA,25,True,4,0,Maison,1,8,4,256.96,4,5,4,454,3,Loyal
CLIENT_4781,29,Barbenec,F,2025-05-29,2025-10-09,117.91,3,39.3,Social,15,True,4,44,Alimentation,8,62,3,117.91,4,4,3,443,1,A risque
CLIENT_4782,27,Sanchez,M,2024-12-10,2025-03-15,101.42,3,33.81,SEA,25,True,2,251,Mode,8,270,3,101.42,3,4,3,343,1,A risque
CLIENT_4783,24,Sainte Genevièvenec,M,2025-03-22,2025-12-09,43.88,6,7.31,Direct,0,True,2,0,Électronique,4,1,6,43.88,4,5,2,452,3,Loyal
CLIENT_4784,18,Grenier,F,2025-05-07,2025-12-09,76.79,1,76.79,Email,8,True,4,0,Loisirs,7,1,1,76.79,4,1,3,413,2,Potentiel
CLIENT_4785,25,Sainte Margotboeuf,M,2025-02-05,2025-12-09,183.41,4,45.85,Reference,5,False,5,0,Maison,1,1,4,183.41,4,5,4,454,3,Loyal
CLIENT_4786,30,Deschamps,M,2024-02-05,2025-12-09,35.17,2,17.59,Reference,5,False,3,0,Électronique,5,1,2,35.17,4,3,1,431,2,Potentiel
CLIENT_4787,53,Perret,M,2024-02-18,2024-05-05,325.35,4,81.34,Social,15,True,4,555,Loisirs,3,584,4,325.35,2,5,4,254,1,A risque
CLIENT_4788,25,Perret,F,2025-02-26,2025-06-12,64.56,3,21.52,Social,15,False,3,168,Électronique,4,181,3,64.56,3,4,2,342,1,A risque
CLIENT_4789,48,Sainte Genevièvenec,M,2023-02-06,2023-07-30,89.36,2,44.68,Social,15,True,2,854,Électronique,6,864,2,89.36,1,3,3,133,4,Dormant
CLIENT_4790,30,Sainte Christophe,M,2024-11-03,2024-12-02,57.19,1,57.19,SEA,25,False,4,368,Loisirs,3,373,1,57.19,3,1,2,312,4,Dormant
CLIENT_4791,64,Hubert,M,2024-12-29,2025-12-09,89.98,5,18.0,Direct,0,True,4,0,Électronique,1,1,5,89.98,4,5,3,453,3,Loyal
CLIENT_4792,18,Leconte-sur-Masson,M,2023-12-28,2024-06-21,345.76,2,172.88,SEA,25,False,4,536,Maison,10,537,2,345.76,2,3,4,234,4,Dormant
CLIENT_4793,46,Delorme,F,2023-02-20,2023-04-21,2999.17,3,999.72,SEA,25,True,5,954,Électronique,10,964,3,2999.17,1,4,5,145,0,A risque
CLIENT_4794,30,Gimenez,F,2025-04-27,2025-07-18,93.51,5,18.7,Email,8,False,5,135,Alimentation,5,145,5,93.51,3,5,3,353,1,A risque
CLIENT_4795,39,Maillard,M,2023-05-26,2024-05-15,202.87,3,67.62,SEA,25,False,3,560,Électronique,7,574,3,202.87,2,4,4,244,1,A risque
CLIENT_4796,55,Perret,F,2023-11-23,2024-06-08,97.7,3,32.57,Social,15,True,5,539,Alimentation,8,550,3,97.7,2,4,3,243,1,A risque
CLIENT_4797,42,Sainte Genevièvenec,F,2025-03-07,2025-04-10,43.99,2,22.0,Email,8,True,3,238,Maison,1,244,2,43.99,3,3,2,332,4,Dormant
CLIENT_4798,18,BonninVille,F,2024-12-03,2025-01-25,103.28,2,51.64,Social,15,True,5,289,Loisirs,1,319,2,103.28,3,3,3,333,4,Dormant
CLIENT_4799,27,Hubert,M,2025-06-17,2025-06-25,60.21,3,20.07,Email,8,True,3,138,Alimentation,3,168,3,60.21,3,4,2,342,1,A risque
CLIENT_4800,30,Sainte Genevièvenec,M,2023-03-25,2023-11-17,57.9,3,19.3,Direct,0,False,3,750,Électronique,7,754,3,57.9,1,4,2,142,1,A risque
CLIENT_4801,26,Techer-la-Forêt,M,2023-08-11,2023-10-15,54.33,4,13.58,Email,8,False,3,759,Mode,8,787,4,54.33,1,5,2,152,1,A risque
CLIENT_4802,35,Sainte Christophe,M,2024-07-23,2025-03-24,56.88,1,56.88,Social,15,False,2,255,Alimentation,5,261,1,56.88,3,1,2,312,4,Dormant
CLIENT_4803,49,Leconte-sur-Masson,M,2025-02-24,2025-12-08,34.42,5,6.88,Social,15,True,3,0,Électronique,4,2,5,34.42,4,5,1,451,3,Loyal
CLIENT_4804,57,Techer-la-Forêt,F,2025-08-20,2025-12-09,60.67,4,15.17,Email,8,True,4,0,Loisirs,10,1,4,60.67,4,5,2,452,3,Loyal
CLIENT_4805,26,Techer-la-Forêt,M,2024-01-05,2025-06-18,799.32,6,133.22,Direct,0,False,4,155,Électronique,1,175,6,799.32,3,5,5,355,0,A risque
CLIENT_4806,68,Meunier,M,2023-08-04,2023-09-08,1163.34,5,232.67,Social,15,False,5,800,Loisirs,6,824,5,1163.34,1,5,5,155,0,A risque
CLIENT_4807,30,Delorme,F,2023-08-21,2024-02-13,44.81,4,11.2,Social,15,True,4,657,Alimentation,3,666,4,44.81,1,5,2,152,1,A risque
CLIENT_4808,28,Deschamps,M,2024-01-31,2024-05-05,14018.69,1,14018.69,SEA,25,True,5,578,Maison,9,584,1,14018.69,2,1,5,215,0,A risque
CLIENT_4809,35,Sanchez,M,2024-05-05,2025-10-06,31.88,5,6.38,Email,8,False,2,49,Maison,6,65,5,31.88,4,5,1,451,1,A risque
CLIENT_4810,47,Meunier,M,2024-12-30,2025-12-09,202.75,2,101.38,Email,8,True,5,0,Mode,4,1,2,202.75,4,3,4,434,2,Potentiel
CLIENT_4811,44,Hubert,M,2024-04-20,2024-06-11,656.11,1,656.11,Reference,5,True,4,523,Mode,1,547,1,656.11,2,1,5,215,4,Dormant
CLIENT_4812,22,Sanchez,F,2025-02-11,2025-11-05,30.72,6,5.12,Email,8,True,3,5,Maison,1,35,6,30.72,4,5,1,451,1,A risque
CLIENT_4813,57,Baudry,F,2024-08-09,2025-07-30,605.32,2,302.66,Direct,0,True,5,107,Loisirs,3,133,2,605.32,4,3,5,435,0,A risque
CLIENT_4814,29,Maillard,F,2025-04-26,2025-10-27,160.4,1,160.4,Email,8,True,3,42,Électronique,9,44,1,160.4,4,1,4,414,4,Dormant
CLIENT_4815,23,CaronBourg,F,2024-05-28,2024-11-11,43.46,5,8.69,SEA,25,True,3,369,Alimentation,8,394,5,43.46,2,5,2,252,1,A risque
CLIENT_4816,58,Gimenez,M,2024-05-19,2024-05-23,46.56,1,46.56,Email,8,True,4,565,Maison,4,566,1,46.56,2,1,2,212,4,Dormant
CLIENT_4817,39,Baudry,F,2025-01-24,2025-03-23,80.38,3,26.79,Direct,0,True,3,235,Électronique,4,262,3,80.38,3,4,3,343,1,A risque
CLIENT_4818,42,Maillard,F,2024-01-15,2024-02-25,83.28,1,83.28,Email,8,True,4,637,Maison,5,654,1,83.28,1,1,3,113,4,Dormant
CLIENT_4819,35,Sainte Genevièvenec,M,2024-02-19,2024-08-16,31.16,3,10.39,Reference,5,False,1,459,Loisirs,4,481,3,31.16,2,4,1,241,1,A risque
CLIENT_4820,63,Sainte Christophe,F,2022-12-31,2023-02-23,59.74,1,59.74,Email,8,True,2,1010,Mode,6,1021,1,59.74,1,1,2,112,4,Dormant
CLIENT_4821,75,Barbenec,M,2023-09-22,2024-02-12,127.8,1,127.8,Social,15,False,5,661,Électronique,2,667,1,127.8,1,1,3,113,4,Dormant
CLIENT_4822,41,Maillard,M,2023-12-15,2025-05-09,30.15,2,15.07,Social,15,False,3,204,Alimentation,1,215,2,30.15,3,3,1,331,4,Dormant
CLIENT_4823,43,Barbenec,M,2024-05-30,2025-08-24,146.73,1,146.73,Reference,5,False,2,77,Électronique,10,108,1,146.73,4,1,4,414,4,Dormant
CLIENT_4824,53,Grenier,M,2025-10-12,2025-12-09,206.83,2,103.42,Email,8,True,4,0,Électronique,7,1,2,206.83,4,3,4,434,2,Potentiel
CLIENT_4825,60,Deschamps,M,2024-07-02,2024-09-27,77.28,3,25.76,Social,15,False,2,438,Maison,9,439,3,77.28,2,4,3,243,1,A risque
CLIENT_4826,43,Meunier,F,2025-04-26,2025-12-09,176.34,2,88.17,SEA,25,False,3,0,Loisirs,6,1,2,176.34,4,3,4,434,2,Potentiel
CLIENT_4827,55,Sainte Christophe,F,2024-07-14,2025-02-24,31.73,4,7.93,Email,8,True,2,275,Loisirs,2,289,4,31.73,3,5,1,351,1,A risque
CLIENT_4828,30,Peronnec,M,2024-08-19,2025-01-30,36.95,5,7.39,Email,8,False,1,297,Alimentation,9,314,5,36.95,3,5,1,351,1,A risque
CLIENT_4829,45,BonninVille,M,2025-11-08,2025-12-09,1347.96,1,1347.96,Social,15,True,5,0,Électronique,2,1,1,1347.96,4,1,5,415,2,Potentiel
CLIENT_4830,46,Deschamps,F,2025-12-07,2025-12-09,48.18,2,24.09,SEA,25,True,3,0,Mode,4,1,2,48.18,4,3,2,432,2,Potentiel
CLIENT_4831,31,Deschamps,F,2024-06-05,2024-09-14,63.15,2,31.57,Social,15,True,3,433,Loisirs,7,452,2,63.15,2,3,2,232,4,Dormant
CLIENT_4832,32,Sanchez,M,2023-10-17,2023-11-28,34.98,5,7.0,Direct,0,False,5,720,Mode,9,743,5,34.98,1,5,1,151,1,A risque
CLIENT_4833,26,Sainte Christophe,F,2023-09-03,2024-02-24,1021.4,4,255.35,SEA,25,True,5,651,Électronique,6,655,4,1021.4,1,5,5,155,0,A risque
CLIENT_4834,25,Peronnec,F,2024-06-16,2024-10-29,31.27,3,10.42,Social,15,False,2,379,Maison,8,407,3,31.27,2,4,1,241,1,A risque
CLIENT_4835,36,Gimenez,F,2023-03-19,2023-07-12,192.71,2,96.36,Email,8,True,4,859,Électronique,10,882,2,192.71,1,3,4,134,4,Dormant
CLIENT_4836,52,Meunier,F,2024-11-23,2025-12-09,108.52,2,54.26,Email,8,True,3,0,Électronique,2,1,2,108.52,4,3,3,433,2,Potentiel
CLIENT_4837,50,Perret,M,2025-07-22,2025-12-09,86.73,1,86.73,Email,8,False,2,0,Maison,5,1,1,86.73,4,1,3,413,2,Potentiel
CLIENT_4838,44,Sainte Christophe,M,2025-05-22,2025-12-09,100.62,4,25.16,SEA,25,True,4,0,Loisirs,2,1,4,100.62,4,5,3,453,3,Loyal
CLIENT_4839,38,Baudry,F,2023-07-18,2023-07-29,2880.9,7,411.56,SEA,25,True,5,856,Mode,10,865,7,2880.9,1,5,5,155,0,A risque
CLIENT_4840,18,Sanchez,F,2025-08-11,2025-11-10,137.21,2,68.61,SEA,25,False,2,15,Maison,3,30,2,137.21,4,3,4,434,4,Dormant
CLIENT_4841,42,Barbenec,F,2023-04-29,2023-08-12,553.69,4,138.42,Email,8,True,5,822,Loisirs,6,851,4,553.69,1,5,5,155,1,A risque
CLIENT_4842,41,Baudry,F,2025-11-15,2025-12-09,144.19,6,24.03,Email,8,True,5,0,Alimentation,2,1,6,144.19,4,5,4,454,3,Loyal
CLIENT_4843,54,BonninVille,F,2022-12-23,2023-02-16,68.44,2,34.22,SEA,25,True,2,1014,Mode,7,1028,2,68.44,1,3,2,132,4,Dormant
CLIENT_4844,40,Hubert,M,2025-09-10,2025-12-09,200.38,5,40.08,Email,8,True,3,0,Électronique,4,1,5,200.38,4,5,4,454,3,Loyal
CLIENT_4845,65,Barbenec,M,2025-08-18,2025-12-09,57.29,2,28.64,Direct,0,False,3,0,Maison,6,1,2,57.29,4,3,2,432,2,Potentiel
CLIENT_4846,51,Deschamps,F,2024-01-22,2024-12-18,54.43,1,54.43,Social,15,True,5,351,Alimentation,10,357,1,54.43,3,1,2,312,4,Dormant
CLIENT_4847,18,Deschamps,F,2024-12-07,2025-06-22,74.75,4,18.69,Direct,0,False,3,163,Alimentation,3,171,4,74.75,3,5,3,353,1,A risque
CLIENT_4848,75,Delorme,F,2023-09-30,2025-12-09,32.41,1,32.41,Email,8,False,4,0,Maison,8,1,1,32.41,4,1,1,411,2,Potentiel
CLIENT_4849,58,Sainte Margotboeuf,M,2023-09-23,2024-11-24,178.23,3,59.41,Social,15,True,3,364,Électronique,10,381,3,178.23,3,4,4,344,1,A risque
CLIENT_4850,18,Sainte Genevièvenec,F,2024-06-29,2024-08-10,1053.35,2,526.67,Social,15,True,5,460,Électronique,8,487,2,1053.35,2,3,5,235,0,A risque
CLIENT_4851,51,Peronnec,F,2024-03-28,2025-08-23,83.44,4,20.86,Email,8,False,4,85,Mode,3,109,4,83.44,4,5,3,453,1,A risque
CLIENT_4852,52,Perret,F,2024-10-20,2025-08-05,332.26,2,166.13,Direct,0,False,5,114,Électronique,2,127,2,332.26,4,3,4,434,4,Dormant
CLIENT_4853,59,Perret,F,2023-11-12,2025-03-13,46.63,1,46.63,SEA,25,True,3,259,Maison,5,272,1,46.63,3,1,2,312,4,Dormant
CLIENT_4854,18,Gimenez,M,2023-08-02,2025-08-14,131.17,4,32.79,Email,8,True,4,90,Électronique,8,118,4,131.17,4,5,4,454,1,A risque
CLIENT_4855,39,Gimenez,F,2024-11-17,2025-03-28,40.8,1,40.8,Email,8,True,3,245,Mode,3,257,1,40.8,3,1,1,311,4,Dormant
CLIENT_4856,67,BonninVille,M,2025-02-13,2025-12-09,147.55,1,147.55,SEA,25,False,5,0,Maison,9,1,1,147.55,4,1,4,414,2,Potentiel
CLIENT_4857,41,Sanchez,M,2025-09-13,2025-11-16,48.76,1,48.76,Reference,5,False,3,22,Alimentation,1,24,1,48.76,4,1,2,412,2,Potentiel
CLIENT_4858,41,Peronnec,F,2023-08-31,2023-12-02,32.78,1,32.78,Email,8,True,3,730,Loisirs,9,739,1,32.78,1,1,1,111,4,Dormant
CLIENT_4859,33,Delorme,M,2025-04-19,2025-12-09,42.16,1,42.16,Reference,5,True,4,0,Loisirs,2,1,1,42.16,4,1,1,411,2,Potentiel
CLIENT_4860,51,Techer-la-Forêt,M,2025-07-18,2025-12-09,53.67,3,17.89,Reference,5,False,4,0,Alimentation,6,1,3,53.67,4,4,2,442,3,Loyal
CLIENT_4861,41,Peronnec,F,2023-12-01,2025-12-09,122.7,6,20.45,Direct,0,False,4,0,Mode,3,1,6,122.7,4,5,3,453,3,Loyal
CLIENT_4862,53,Sainte Genevièvenec,F,2023-04-01,2023-08-12,64.08,1,64.08,SEA,25,False,3,828,Mode,1,851,1,64.08,1,1,2,112,4,Dormant
CLIENT_4863,36,Sainte Genevièvenec,F,2022-12-24,2024-03-31,56.71,1,56.71,Social,15,True,3,603,Loisirs,2,619,1,56.71,2,1,2,212,4,Dormant
CLIENT_4864,36,Peronnec,F,2024-05-20,2025-08-04,50.23,4,12.56,Reference,5,True,4,100,Électronique,10,128,4,50.23,4,5,2,452,1,A risque
CLIENT_4865,20,CaronBourg,F,2023-06-28,2025-01-15,127.82,2,63.91,Email,8,False,2,309,Alimentation,6,329,2,127.82,3,3,3,333,4,Dormant
CLIENT_4866,43,Delorme,M,2024-01-20,2025-07-28,31.79,2,15.89,Email,8,False,4,116,Mode,9,135,2,31.79,4,3,1,431,4,Dormant
CLIENT_4867,25,Perret,F,2024-10-01,2025-12-09,31.62,7,4.52,Social,15,True,3,0,Alimentation,8,1,7,31.62,4,5,1,451,3,Loyal
CLIENT_4868,24,Perret,F,2024-05-26,2025-12-09,208.36,3,69.45,SEA,25,True,5,0,Mode,3,1,3,208.36,4,4,4,444,3,Loyal
CLIENT_4869,18,Leconte-sur-Masson,M,2024-06-21,2025-12-09,356.67,5,71.33,Direct,0,True,2,0,Électronique,5,1,5,356.67,4,5,4,454,3,Loyal
CLIENT_4870,66,Delorme,F,2025-02-03,2025-12-09,99.32,4,24.83,Social,15,False,4,0,Alimentation,1,1,4,99.32,4,5,3,453,3,Loyal
CLIENT_4871,25,CaronBourg,F,2023-04-04,2023-04-16,352.76,4,88.19,Email,8,True,5,951,Électronique,8,969,4,352.76,1,5,4,154,1,A risque
CLIENT_4872,35,BonninVille,M,2024-05-19,2024-06-19,374.5,2,187.25,SEA,25,False,4,522,Alimentation,8,539,2,374.5,2,3,5,235,4,Dormant
CLIENT_4873,51,Sainte Christophe,M,2023-10-17,2023-11-29,50.27,3,16.76,Email,8,True,2,718,Loisirs,3,742,3,50.27,1,4,2,142,1,A risque
CLIENT_4874,49,Barbenec,F,2023-01-11,2025-07-09,77.61,2,38.8,SEA,25,False,3,144,Maison,2,154,2,77.61,3,3,3,333,4,Dormant
CLIENT_4875,18,Baudry,M,2024-09-26,2025-12-09,133.7,4,33.42,Email,8,False,4,0,Loisirs,1,1,4,133.7,4,5,4,454,3,Loyal
CLIENT_4876,34,CaronBourg,F,2023-07-25,2024-10-23,95.13,1,95.13,Social,15,True,3,394,Loisirs,4,413,1,95.13,2,1,3,213,4,Dormant
CLIENT_4877,23,Deschamps,M,2025-06-11,2025-12-09,36.21,7,5.17,Reference,5,True,2,0,Électronique,9,1,7,36.21,4,5,1,451,3,Loyal
CLIENT_4878,18,Sainte Margotboeuf,F,2023-01-10,2023-02-04,77.57,4,19.39,Social,15,True,5,1022,Électronique,8,1040,4,77.57,1,5,3,153,1,A risque
CLIENT_4879,26,Deschamps,F,2025-10-05,2025-12-09,80.82,4,20.2,Email,8,False,3,0,Maison,1,1,4,80.82,4,5,3,453,3,Loyal
CLIENT_4880,61,Techer-la-Forêt,M,2024-01-22,2024-04-04,281.02,10,28.1,Social,15,False,3,607,Alimentation,8,615,10,281.02,2,5,4,254,1,A risque
CLIENT_4881,53,Sainte Christophe,M,2023-01-26,2023-06-01,43.33,3,14.44,Reference,5,True,4,910,Maison,8,923,3,43.33,1,4,2,142,1,A risque
CLIENT_4882,49,Deschamps,M,2025-06-25,2025-12-09,44.88,1,44.88,Email,8,False,3,0,Loisirs,7,1,1,44.88,4,1,2,412,2,Potentiel
CLIENT_4883,42,Sainte Christophe,F,2024-07-21,2024-10-15,198.72,2,99.36,Social,15,False,5,392,Alimentation,2,421,2,198.72,2,3,4,234,4,Dormant
CLIENT_4884,21,Maillard,F,2025-09-08,2025-09-09,50.07,3,16.69,Email,8,True,2,88,Mode,5,92,3,50.07,4,4,2,442,1,A risque
CLIENT_4885,58,Delorme,M,2023-03-17,2025-12-09,149.52,6,24.92,Email,8,True,4,0,Loisirs,2,1,6,149.52,4,5,4,454,3,Loyal
CLIENT_4886,42,Leconte-sur-Masson,F,2023-03-10,2023-05-17,368.59,3,122.86,SEA,25,True,3,909,Alimentation,9,938,3,368.59,1,4,4,144,1,A risque
CLIENT_4887,68,Hubert,F,2023-04-28,2024-05-29,55.28,1,55.28,Email,8,True,3,544,Alimentation,7,560,1,55.28,2,1,2,212,4,Dormant
CLIENT_4888,34,Hubert,F,2025-03-28,2025-04-13,60.88,1,60.88,Reference,5,True,4,212,Mode,4,241,1,60.88,3,1,2,312,4,Dormant
CLIENT_4889,32,Sainte Genevièvenec,M,2023-06-10,2024-07-13,5467.02,4,1366.76,Direct,0,True,5,485,Mode,2,515,4,5467.02,2,5,5,255,0,A risque
CLIENT_4890,40,Sainte Genevièvenec,F,2025-10-07,2025-12-09,113.51,8,14.19,Email,8,True,3,0,Mode,8,1,8,113.51,4,5,3,453,3,Loyal
CLIENT_4891,33,Sainte Christophe,F,2023-11-28,2025-12-09,266.51,4,66.63,Direct,0,False,5,0,Alimentation,7,1,4,266.51,4,5,4,454,3,Loyal
CLIENT_4892,37,Barbenec,F,2023-12-29,2024-07-19,48.3,5,9.66,Email,8,False,2,487,Alimentation,7,509,5,48.3,2,5,2,252,1,A risque
CLIENT_4893,46,Leconte-sur-Masson,M,2025-10-14,2025-12-09,86.88,1,86.88,Social,15,True,3,0,Électronique,1,1,1,86.88,4,1,3,413,2,Potentiel
CLIENT_4894,21,Sainte Christophe,M,2024-02-13,2024-04-18,40.47,3,13.49,Reference,5,False,2,593,Mode,1,601,3,40.47,2,4,1,241,1,A risque
CLIENT_4895,45,Barbenec,M,2023-01-13,2024-01-26,394.91,2,197.46,Direct,0,False,5,675,Loisirs,1,684,2,394.91,1,3,5,135,4,Dormant
CLIENT_4896,32,Sanchez,M,2024-09-09,2025-07-23,398.71,2,199.35,Reference,5,False,3,112,Maison,7,140,2,398.71,4,3,5,435,4,Dormant
CLIENT_4897,49,BonninVille,M,2024-01-24,2024-08-25,117.87,5,23.57,Direct,0,False,5,447,Mode,8,472,5,117.87,2,5,3,253,1,A risque
CLIENT_4898,28,Maillard,M,2025-09-15,2025-12-09,31.0,4,7.75,Email,8,True,5,0,Maison,8,1,4,31.0,4,5,1,451,3,Loyal
CLIENT_4899,48,Maillard,F,2024-09-23,2025-02-28,39.73,3,13.24,Direct,0,False,3,256,Loisirs,7,285,3,39.73,3,4,1,341,1,A risque
CLIENT_4900,35,Baudry,F,2024-03-13,2024-04-11,1544.7,4,386.18,Direct,0,False,5,586,Électronique,5,608,4,1544.7,2,5,5,255,0,A risque
CLIENT_4901,18,Deschamps,F,2025-06-17,2025-11-01,800.46,4,200.12,Email,8,False,5,9,Maison,4,39,4,800.46,4,5,5,455,0,A risque
CLIENT_4902,48,Gimenez,F,2025-07-19,2025-12-09,215.88,1,215.88,Email,8,True,4,0,Mode,4,1,1,215.88,4,1,4,414,2,Potentiel
CLIENT_4903,49,Sainte Christophe,M,2024-05-22,2025-01-18,147.93,5,29.59,Reference,5,True,3,315,Alimentation,1,326,5,147.93,3,5,4,354,1,A risque
CLIENT_4904,41,Delorme,M,2024-09-21,2024-12-17,74.56,4,18.64,Direct,0,False,4,331,Électronique,4,358,4,74.56,3,5,3,353,1,A risque
CLIENT_4905,45,Delorme,F,2023-04-10,2023-07-12,109.28,5,21.86,Direct,0,True,4,853,Maison,10,882,5,109.28,1,5,3,153,1,A risque
CLIENT_4906,31,BonninVille,F,2024-09-27,2025-12-09,48.11,2,24.05,Social,15,True,5,0,Alimentation,6,1,2,48.11,4,3,2,432,2,Potentiel
CLIENT_4907,41,Deschamps,M,2023-05-26,2024-03-10,43.82,2,21.91,Social,15,True,5,609,Maison,6,640,2,43.82,2,3,2,232,4,Dormant
CLIENT_4908,26,CaronBourg,F,2023-12-13,2023-12-21,48.49,1,48.49,Direct,0,False,2,702,Loisirs,7,720,1,48.49,1,1,2,112,4,Dormant
CLIENT_4909,51,Maillard,M,2025-12-02,2025-12-09,1278.79,1,1278.79,Reference,5,False,5,0,Loisirs,2,1,1,1278.79,4,1,5,415,2,Potentiel
CLIENT_4910,29,Gimenez,F,2023-12-25,2024-07-18,74.21,2,37.1,Social,15,True,3,499,Mode,2,510,2,74.21,2,3,3,233,4,Dormant
CLIENT_4911,48,BonninVille,M,2025-06-08,2025-12-09,70.6,2,35.3,Social,15,True,4,0,Mode,5,1,2,70.6,4,3,3,433,2,Potentiel
CLIENT_4912,18,Meunier,M,2023-11-18,2024-06-07,54.57,6,9.1,Email,8,True,4,540,Mode,7,551,6,54.57,2,5,2,252,1,A risque
CLIENT_4913,41,Leconte-sur-Masson,F,2023-09-16,2023-10-15,52.5,2,26.25,Email,8,False,5,772,Mode,2,787,2,52.5,1,3,2,132,4,Dormant
CLIENT_4914,28,Maillard,F,2023-05-05,2023-12-13,36.92,2,18.46,Social,15,False,3,723,Mode,6,728,2,36.92,1,3,1,131,4,Dormant
CLIENT_4915,18,Delorme,M,2023-04-21,2023-05-26,98.45,6,16.41,Email,8,True,5,909,Alimentation,7,929,6,98.45,1,5,3,153,1,A risque
CLIENT_4916,38,Delorme,M,2024-12-10,2025-03-14,66.6,4,16.65,Email,8,True,2,269,Loisirs,3,271,4,66.6,3,5,2,352,1,A risque
CLIENT_4917,52,Hubert,M,2023-02-23,2023-04-20,49.5,6,8.25,Direct,0,False,3,954,Maison,1,965,6,49.5,1,5,2,152,1,A risque
CLIENT_4918,47,Meunier,M,2025-10-06,2025-11-03,67.35,1,67.35,Email,8,True,5,14,Maison,1,37,1,67.35,4,1,2,412,4,Dormant
CLIENT_4919,49,Deschamps,F,2023-06-19,2025-12-02,51.56,1,51.56,Email,8,True,4,0,Alimentation,4,8,1,51.56,4,1,2,412,2,Potentiel
CLIENT_4920,39,BonninVille,F,2024-06-29,2025-07-04,32.86,4,8.21,Social,15,True,2,135,Électronique,3,159,4,32.86,3,5,1,351,1,A risque
CLIENT_4921,37,CaronBourg,F,2024-10-24,2025-12-09,1096.51,2,548.25,Email,8,False,4,0,Maison,2,1,2,1096.51,4,3,5,435,2,Potentiel
CLIENT_4922,24,Gimenez,F,2024-07-08,2025-06-06,56.16,1,56.16,Email,8,False,4,168,Alimentation,7,187,1,56.16,3,1,2,312,4,Dormant
CLIENT_4923,18,Leconte-sur-Masson,F,2023-11-15,2024-09-01,51.67,2,25.84,Direct,0,True,4,438,Maison,5,465,2,51.67,2,3,2,232,4,Dormant
CLIENT_4924,26,Delorme,F,2025-02-05,2025-11-09,292.29,6,48.72,Reference,5,False,4,29,Loisirs,3,31,6,292.29,4,5,4,454,3,Loyal
CLIENT_4925,58,Hubert,M,2023-01-08,2023-03-06,146.66,4,36.66,SEA,25,False,5,991,Électronique,5,1010,4,146.66,1,5,4,154,1,A risque
CLIENT_4926,67,Sainte Margotboeuf,F,2025-07-31,2025-12-09,78.25,4,19.56,Email,8,False,4,0,Électronique,10,1,4,78.25,4,5,3,453,3,Loyal
CLIENT_4927,45,Perret,M,2023-08-07,2025-12-09,36.43,4,9.11,SEA,25,False,2,0,Loisirs,10,1,4,36.43,4,5,1,451,3,Loyal
CLIENT_4928,39,Sainte Genevièvenec,F,2023-11-26,2025-09-02,213.69,4,53.42,Social,15,True,5,78,Maison,2,99,4,213.69,4,5,4,454,1,A risque
CLIENT_4929,37,Delorme,F,2024-11-24,2025-05-06,82.28,4,20.57,Email,8,False,4,198,Maison,6,218,4,82.28,3,5,3,353,1,A risque
CLIENT_4930,47,Baudry,M,2023-08-01,2023-08-23,40.22,3,13.41,SEA,25,True,4,828,Mode,1,840,3,40.22,1,4,1,141,1,A risque
CLIENT_4931,50,Sanchez,M,2025-09-11,2025-12-09,137.58,2,68.79,Email,8,True,4,0,Mode,8,1,2,137.58,4,3,4,434,2,Potentiel
CLIENT_4932,70,Techer-la-Forêt,F,2023-06-26,2023-07-20,45.1,4,11.28,Email,8,True,3,845,Loisirs,3,874,4,45.1,1,5,2,152,1,A risque
CLIENT_4933,18,Deschamps,F,2023-10-06,2023-12-16,35.11,2,17.55,Email,8,True,3,713,Électronique,6,725,2,35.11,1,3,1,131,4,Dormant
CLIENT_4934,35,Sainte Margotboeuf,F,2025-04-01,2025-11-21,38.95,5,7.79,Social,15,False,2,3,Maison,6,19,5,38.95,4,5,1,451,3,Loyal
CLIENT_4935,34,Sainte Margotboeuf,F,2023-12-18,2024-07-26,146.19,1,146.19,Social,15,True,4,485,Maison,10,502,1,146.19,2,1,4,214,4,Dormant
CLIENT_4936,18,Delorme,M,2024-01-19,2024-06-25,1326.42,2,663.21,Email,8,True,4,512,Loisirs,7,533,2,1326.42,2,3,5,235,0,A risque
CLIENT_4937,24,Sanchez,M,2024-11-23,2024-12-30,36.17,1,36.17,Email,8,False,2,330,Alimentation,3,345,1,36.17,3,1,1,311,4,Dormant
CLIENT_4938,67,Leconte-sur-Masson,F,2025-04-20,2025-12-09,1548.86,3,516.29,Reference,5,False,5,0,Électronique,10,1,3,1548.86,4,4,5,445,0,A risque
CLIENT_4939,46,Sanchez,F,2024-10-30,2025-12-09,352.66,3,117.55,Reference,5,True,5,0,Mode,8,1,3,352.66,4,4,4,444,3,Loyal
CLIENT_4940,36,Baudry,F,2024-11-24,2025-07-05,925.47,1,925.47,SEA,25,False,4,144,Électronique,10,158,1,925.47,3,1,5,315,4,Dormant
CLIENT_4941,55,Sanchez,M,2024-06-24,2025-08-06,33.09,4,8.27,SEA,25,False,3,116,Loisirs,3,126,4,33.09,4,5,1,451,1,A risque
CLIENT_4942,20,Sanchez,F,2023-09-05,2023-09-07,32.35,4,8.09,Email,8,True,4,821,Mode,9,825,4,32.35,1,5,1,151,1,A risque
CLIENT_4943,33,Deschamps,F,2025-06-03,2025-12-09,1868.42,4,467.11,Direct,0,True,5,0,Maison,8,1,4,1868.42,4,5,5,455,0,A risque
CLIENT_4944,36,Barbenec,M,2025-10-18,2025-12-09,752.71,3,250.9,Direct,0,True,5,0,Mode,7,1,3,752.71,4,4,5,445,3,Loyal
CLIENT_4945,27,CaronBourg,M,2025-06-03,2025-08-29,106.78,4,26.7,Email,8,True,4,73,Mode,6,103,4,106.78,4,5,3,453,1,A risque
CLIENT_4946,56,Perret,M,2025-11-27,2025-12-09,57.07,7,8.15,Social,15,True,5,0,Maison,7,1,7,57.07,4,5,2,452,3,Loyal
CLIENT_4947,22,Peronnec,F,2025-01-28,2025-10-05,734.43,4,183.61,SEA,25,False,4,41,Loisirs,3,66,4,734.43,4,5,5,455,0,A risque
CLIENT_4948,25,Techer-la-Forêt,F,2023-04-10,2024-04-07,31.29,6,5.21,Direct,0,True,2,583,Alimentation,7,612,6,31.29,2,5,1,251,1,A risque
CLIENT_4949,56,CaronBourg,M,2024-04-17,2024-08-08,160.05,3,53.35,Direct,0,False,5,470,Loisirs,9,489,3,160.05,2,4,4,244,1,A risque
CLIENT_4950,33,Grenier,M,2024-10-03,2025-05-22,32.41,4,8.1,Email,8,True,4,174,Maison,4,202,4,32.41,3,5,1,351,1,A risque
CLIENT_4951,18,Barbenec,F,2023-07-19,2024-09-15,117.04,2,58.52,Reference,5,False,3,428,Alimentation,6,451,2,117.04,2,3,3,233,4,Dormant
CLIENT_4952,46,Grenier,M,2023-10-05,2024-05-13,87.13,2,43.56,Email,8,True,3,575,Loisirs,10,576,2,87.13,2,3,3,233,4,Dormant
CLIENT_4953,33,Peronnec,F,2024-04-22,2024-04-29,33.51,3,11.17,Social,15,True,2,568,Maison,4,590,3,33.51,2,4,1,241,1,A risque
CLIENT_4954,44,Baudry,M,2025-02-14,2025-04-01,114.03,1,114.03,Direct,0,True,5,226,Maison,4,253,1,114.03,3,1,3,313,4,Dormant
CLIENT_4955,18,Gimenez,F,2024-03-22,2025-04-29,457.29,2,228.65,Reference,5,True,5,217,Électronique,4,225,2,457.29,3,3,5,335,4,Dormant
CLIENT_4956,18,BonninVille,F,2025-08-05,2025-12-09,30.56,2,15.28,Email,8,True,4,0,Mode,9,1,2,30.56,4,3,1,431,2,Potentiel
CLIENT_4957,27,BonninVille,F,2024-10-02,2025-01-07,32.55,2,16.27,SEA,25,True,4,317,Maison,3,337,2,32.55,3,3,1,331,4,Dormant
CLIENT_4958,47,Barbenec,M,2025-02-18,2025-08-26,130.26,5,26.05,Email,8,True,5,92,Électronique,1,106,5,130.26,4,5,4,454,1,A risque
CLIENT_4959,32,Deschamps,F,2023-07-26,2024-02-24,318.9,4,79.72,Social,15,False,4,643,Loisirs,4,655,4,318.9,1,5,4,154,1,A risque
CLIENT_4960,67,Techer-la-Forêt,M,2023-03-12,2023-10-13,89.42,3,29.81,Email,8,True,4,778,Alimentation,5,789,3,89.42,1,4,3,143,1,A risque
CLIENT_4961,24,Baudry,M,2024-09-19,2024-11-07,259.54,4,64.89,SEA,25,False,5,389,Alimentation,10,398,4,259.54,2,5,4,254,1,A risque
CLIENT_4962,37,Techer-la-Forêt,M,2023-06-08,2023-08-31,190.48,2,95.24,Email,8,False,4,807,Électronique,8,832,2,190.48,1,3,4,134,4,Dormant
CLIENT_4963,39,Sainte Christophe,M,2024-07-06,2025-02-09,137.98,5,27.6,Email,8,True,3,276,Loisirs,2,304,5,137.98,3,5,4,354,1,A risque
CLIENT_4964,55,Techer-la-Forêt,M,2023-01-06,2025-10-11,54.02,1,54.02,Social,15,True,4,33,Loisirs,3,60,1,54.02,4,1,2,412,4,Dormant
CLIENT_4965,67,Perret,F,2023-12-18,2024-08-22,36.95,3,12.32,Social,15,True,4,455,Maison,7,475,3,36.95,2,4,1,241,1,A risque
CLIENT_4966,20,Meunier,F,2025-08-29,2025-12-09,17631.06,5,3526.21,Social,15,True,5,0,Mode,2,1,5,17631.06,4,5,5,455,0,A risque
CLIENT_4967,58,Perret,M,2023-09-19,2025-12-09,68.61,4,17.15,SEA,25,False,5,0,Maison,9,1,4,68.61,4,5,3,453,3,Loyal
CLIENT_4968,52,Delorme,M,2023-12-29,2024-06-27,926.49,1,926.49,SEA,25,True,4,506,Maison,6,531,1,926.49,2,1,5,215,4,Dormant
CLIENT_4969,36,Maillard,M,2025-01-10,2025-11-19,30.92,2,15.46,Email,8,True,3,9,Alimentation,2,21,2,30.92,4,3,1,431,2,Potentiel
CLIENT_4970,39,Gimenez,F,2023-02-26,2023-04-04,1228.73,1,1228.73,Email,8,True,5,971,Maison,6,981,1,1228.73,1,1,5,115,0,A risque
CLIENT_4971,48,Grenier,F,2023-02-01,2023-06-03,165.21,1,165.21,Direct,0,True,3,912,Alimentation,6,921,1,165.21,1,1,4,114,4,Dormant
CLIENT_4972,64,Sanchez,F,2024-03-16,2025-12-09,278.82,1,278.82,Social,15,False,5,0,Maison,3,1,1,278.82,4,1,4,414,2,Potentiel
CLIENT_4973,58,Maillard,M,2024-05-12,2024-09-27,330.28,3,110.09,Email,8,False,4,436,Loisirs,6,439,3,330.28,2,4,4,244,1,A risque
CLIENT_4974,58,Sainte Margotboeuf,F,2025-07-09,2025-12-09,33.86,2,16.93,Email,8,True,1,0,Électronique,5,1,2,33.86,4,3,1,431,2,Potentiel
CLIENT_4975,35,Grenier,F,2025-02-22,2025-12-09,86.37,4,21.59,SEA,25,True,4,0,Mode,1,1,4,86.37,4,5,3,453,3,Loyal
CLIENT_4976,18,BonninVille,F,2023-08-19,2023-12-12,153.33,2,76.67,SEA,25,False,2,710,Maison,8,729,2,153.33,1,3,4,134,4,Dormant
CLIENT_4977,18,Deschamps,F,2024-08-08,2025-12-09,420.51,5,84.1,Reference,5,True,4,0,Loisirs,9,1,5,420.51,4,5,5,455,3,Loyal
CLIENT_4978,37,Deschamps,M,2023-12-04,2024-07-29,84.9,4,21.23,SEA,25,True,4,492,Maison,6,499,4,84.9,2,5,3,253,1,A risque
CLIENT_4979,38,Peronnec,M,2023-02-26,2023-11-09,53.71,2,26.86,Email,8,True,3,753,Mode,3,762,2,53.71,1,3,2,132,4,Dormant
CLIENT_4980,38,Peronnec,F,2025-03-24,2025-12-09,210.62,4,52.66,Social,15,True,4,0,Mode,8,1,4,210.62,4,5,4,454,3,Loyal
CLIENT_4981,25,CaronBourg,F,2023-08-08,2024-04-22,35.41,1,35.41,Email,8,True,2,570,Alimentation,4,597,1,35.41,2,1,1,211,4,Dormant
CLIENT_4982,31,Baudry,F,2024-10-23,2025-12-09,202.92,2,101.46,Direct,0,True,5,0,Alimentation,10,1,2,202.92,4,3,4,434,2,Potentiel
CLIENT_4983,33,Barbenec,M,2025-06-18,2025-12-09,3655.18,5,731.04,Social,15,True,5,0,Alimentation,3,1,5,3655.18,4,5,5,455,0,A risque
CLIENT_4984,40,Sainte Genevièvenec,F,2025-07-12,2025-12-09,267.81,1,267.81,Social,15,True,5,0,Maison,4,1,1,267.81,4,1,4,414,2,Potentiel
CLIENT_4985,31,Deschamps,M,2024-11-30,2025-03-25,636.13,3,212.04,SEA,25,True,5,233,Mode,10,260,3,636.13,3,4,5,345,0,A risque
CLIENT_4986,32,CaronBourg,M,2023-12-14,2024-01-27,62.19,3,20.73,Email,8,False,3,660,Électronique,2,683,3,62.19,1,4,2,142,1,A risque
CLIENT_4987,68,Grenier,F,2025-02-23,2025-12-09,578.44,2,289.22,Direct,0,False,5,0,Maison,6,1,2,578.44,4,3,5,435,2,Potentiel
CLIENT_4988,43,Deschamps,M,2023-01-31,2023-04-03,51.49,5,10.3,Social,15,True,5,967,Électronique,3,982,5,51.49,1,5,2,152,1,A risque
CLIENT_4989,52,Sainte Genevièvenec,F,2025-11-30,2025-12-09,88.32,1,88.32,Reference,5,True,4,0,Loisirs,8,1,1,88.32,4,1,3,413,2,Potentiel
CLIENT_4990,51,Deschamps,M,2025-07-01,2025-12-09,84.17,3,28.06,SEA,25,True,5,0,Maison,1,1,3,84.17,4,4,3,443,3,Loyal
CLIENT_4991,23,Perret,F,2022-12-26,2023-05-13,47.87,4,11.97,Email,8,True,4,923,Alimentation,4,942,4,47.87,1,5,2,152,1,A risque
CLIENT_4992,34,Sainte Christophe,M,2024-06-02,2024-10-29,36.97,3,12.32,Social,15,False,4,393,Électronique,6,407,3,36.97,2,4,1,241,1,A risque
CLIENT_4993,62,Deschamps,F,2024-12-24,2025-03-15,2430.02,5,486.0,Email,8,True,5,249,Maison,9,270,5,2430.02,3,5,5,355,0,A risque
CLIENT_4994,37,Peronnec,F,2025-05-10,2025-12-09,82.85,2,41.42,Social,15,True,1,0,Mode,3,1,2,82.85,4,3,3,433,2,Potentiel
CLIENT_4995,44,Maillard,M,2024-03-07,2025-12-09,39.24,4,9.81,Reference,5,True,1,0,Électronique,5,1,4,39.24,4,5,1,451,3,Loyal
CLIENT_4996,18,Perret,F,2024-06-26,2024-08-29,123.83,1,123.83,Email,8,True,5,462,Électronique,5,468,1,123.83,2,1,3,213,4,Dormant
CLIENT_4997,52,Gimenez,F,2024-06-28,2025-12-09,58.63,4,14.66,Social,15,True,2,0,Alimentation,5,1,4,58.63,4,5,2,452,3,Loyal
CLIENT_4998,18,Meunier,M,2024-09-20,2024-11-11,54.53,5,10.91,Social,15,False,4,368,Alimentation,7,394,5,54.53,2,5,2,252,1,A risque
CLIENT_4999,53,CaronBourg,F,2023-07-05,2023-09-18,242.12,2,121.06,Email,8,True,5,786,Maison,4,814,2,242.12,1,3,4,134,4,Dormant
CLIENT_5000,39,Hubert,F,2024-03-31,2025-03-01,70.46,1,70.46,Email,8,True,2,269,Électronique,9,284,1,70.46,3,1,3,313,4,Dormant
